id,ActivityDate,TotalSteps,TotalDistance,TrackerDistance,LoggedActivitiesDistance,VeryActiveDistance,ModeratelyActiveDistance,LightActiveDistance,SedentaryActiveDistance,VeryActiveMinutes,FairlyActiveMinutes,LightlyActiveMinutes,SedentaryMinutes,Calories
101,2026-08-16,13371,10.03,10.03,0.0,3.01,2.01,5.01,0.0,35,43,246,1116,1704
101,2026-08-17,11407,8.56,8.56,0.0,2.57,1.71,4.28,0.0,6,23,86,1325,1115
101,2026-08-18,15411,11.56,11.56,0.0,3.47,2.31,5.78,0.0,50,6,210,1174,2106
101,2026-08-19,13018,9.76,9.76,0.0,2.93,1.95,4.88,0.0,59,17,177,1187,1729
101,2026-08-20,11806,8.85,8.85,0.0,2.65,1.77,4.42,0.0,45,12,126,1257,1845
101,2026-08-21,9967,7.48,7.48,0.0,2.24,1.5,3.74,0.0,59,2,218,1161,1409
101,2026-08-22,10252,7.69,7.69,0.0,2.31,1.54,3.85,0.0,35,9,87,1309,2140
101,2026-08-23,7198,5.4,5.4,0.0,1.62,1.08,2.7,0.0,56,13,202,1169,2055
101,2026-08-24,13608,10.21,10.21,0.0,3.06,2.04,5.11,0.0,36,12,65,1327,1297
101,2026-08-24,13608,10.21,10.21,0.0,3.06,2.04,5.11,0.0,36,12,65,1327,1297
101,2026-08-25,17035,12.78,12.78,0.0,3.83,2.56,6.39,0.0,26,40,170,1204,1624
101,2026-08-26,10892,8.17,8.17,0.0,2.45,1.63,4.08,0.0,14,23,144,1259,2931
101,2026-08-27,8462,6.35,6.35,0.0,1.9,1.27,3.17,0.0,49,42,210,1139,2327
101,2026-08-28,1562,1.17,1.17,0.0,0.35,0.23,0.58,0.0,38,27,115,1260,1704
101,2026-08-29,11084,8.31,8.31,0.0,2.49,1.66,4.16,0.0,25,21,224,1170,1367
101,2026-08-30,5573,4.18,4.18,0.0,1.25,0.84,2.09,0.0,59,5,141,1235,2669
101,2026-08-31,1507,1.13,1.13,0.0,0.34,0.23,0.56,0.0,56,9,150,1225,1711
101,2026-09-01,9350,7.01,7.01,0.0,2.1,1.4,3.5,0.0,10,9,172,1249,1142
101,2026-09-02,15838,11.88,11.88,0.0,3.56,2.38,5.94,0.0,21,37,198,1184,1268
101,2026-09-03,5465,4.1,4.1,0.0,1.23,0.82,2.05,0.0,60,30,64,1286,2997
101,2026-09-04,9991,7.49,7.49,0.0,2.25,1.5,3.75,0.0,43,18,234,1145,2687
101,2026-09-05,14822,11.12,11.12,0.0,3.34,2.22,5.56,0.0,36,23,151,1230,1182
101,2026-09-06,16784,12.59,12.59,0.0,3.78,2.52,6.29,0.0,59,1,176,1204,1153
101,2026-09-07,4262,3.2,3.2,0.0,0.96,0.64,1.6,0.0,49,10,86,1295,2749
101,2026-09-08,6865,5.15,5.15,0.0,1.55,1.03,2.58,0.0,21,0,168,1251,2527
101,2026-09-09,1027,0.77,0.77,0.0,0.23,0.15,0.39,0.0,11,8,184,1237,1260
101,2026-09-10,8809,6.61,6.61,0.0,1.98,1.32,3.31,0.0,45,28,238,1129,3190
101,2026-09-11,19235,14.43,14.43,0.0,4.33,2.89,7.21,0.0,23,14,128,1275,2287
101,2026-09-12,14583,10.94,10.94,0.0,3.28,2.19,5.47,0.0,15,24,125,1276,2462
101,2026-09-13,7588,5.69,5.69,0.0,1.71,1.14,2.85,0.0,27,20,103,1290,2471
101,2026-09-14,19053,14.29,14.29,0.0,4.29,2.86,7.14,0.0,28,31,170,1211,2988
101,2026-09-15,8333,6.25,6.25,0.0,1.88,1.25,3.12,0.0,29,21,167,1223,2578
101,2026-09-16,15442,11.58,11.58,0.0,3.47,2.32,5.79,0.0,7,25,141,1267,2811
101,2026-09-17,7776,5.83,5.83,0.0,1.75,1.17,2.92,0.0,6,39,166,1229,1673
101,2026-09-18,2226,1.67,1.67,0.0,0.5,0.33,0.83,0.0,16,19,219,1186,1834
101,2026-09-19,17836,13.38,13.38,0.0,4.01,2.68,6.69,0.0,55,0,113,1272,2730
101,2026-09-20,19117,14.34,14.34,0.0,4.3,2.87,7.17,0.0,1,1,241,1197,2174
101,2026-09-21,14791,11.09,11.09,0.0,3.33,2.22,5.54,0.0,46,23,123,1248,1105
101,2026-09-22,7464,5.6,5.6,0.0,1.68,1.12,2.8,0.0,18,27,108,1287,-100
101,2026-09-23,5221,3.92,3.92,0.0,1.18,0.78,1.96,0.0,33,22,77,1308,3074
101,2026-09-24,19693,14.77,14.77,0.0,4.43,2.95,7.38,0.0,36,1,68,1335,2397
101,2026-09-25,18048,13.54,13.54,0.0,4.06,2.71,6.77,0.0,40,42,220,1138,1041
101,2026-09-26,13044,9.78,9.78,0.0,2.93,1.96,4.89,0.0,18,16,208,1198,1171
101,2026-09-27,12829,9.62,9.62,0.0,2.89,1.92,4.81,0.0,55,16,204,1165,2063
101,2026-09-28,5728,4.3,4.3,0.0,1.29,0.86,2.15,0.0,53,32,89,1266,2562
101,2026-09-29,7927,5.95,5.95,0.0,1.78,1.19,2.98,0.0,2,0,162,1276,2110
101,2026-09-30,16048,12.04,12.04,0.0,3.61,2.41,6.02,0.0,18,0,72,1350,3017
101,2026-10-01,10722,8.04,8.04,0.0,2.41,1.61,4.02,0.0,22,25,168,1225,2991
101,2026-10-02,13928,10.45,10.45,0.0,3.13,2.09,5.22,0.0,56,22,231,1131,2232
101,2026-10-03,11316,8.49,8.49,0.0,2.55,1.7,4.25,0.0,42,2,124,1272,1648
101,2026-10-04,12434,9.33,9.33,0.0,2.8,1.87,4.67,0.0,34,6,74,1326,2372
102,2026-08-16,13471,10.1,10.1,0.0,3.03,2.02,5.05,0.0,29,2,223,1186,1916
102,2026-08-17,1262,0.95,0.95,0.0,0.28,0.19,0.47,0.0,18,6,160,1256,2287
102,2026-08-18,18889,14.17,14.17,0.0,4.25,2.83,7.08,0.0,46,38,239,1117,3017
102,2026-08-19,12616,9.46,9.46,0.0,2.84,1.89,4.73,0.0,46,3,97,1294,3115
102,2026-08-20,1323,0.99,0.99,0.0,0.3,0.2,0.49,0.0,17,21,154,1248,1441
102,2026-08-21,18325,13.74,13.74,0.0,4.12,2.75,6.87,0.0,7,28,91,1314,1375
102,2026-08-22,10500,7.88,7.88,0.0,2.36,1.58,3.94,0.0,11,9,118,1302,3079
102,2026-08-23,14233,10.67,10.67,0.0,3.2,2.13,5.33,0.0,56,28,206,1150,2363
102,2026-08-24,5358,4.02,4.02,0.0,1.21,0.8,2.01,0.0,25,6,235,1174,1552
102,2026-08-25,10644,7.98,7.98,0.0,2.39,1.6,3.99,0.0,21,30,146,1243,3083
102,2026-08-26,6872,5.15,5.15,0.0,1.55,1.03,2.58,0.0,12,24,106,1298,2658
102,2026-08-27,14094,10.57,10.57,0.0,3.17,2.11,5.29,0.0,32,31,189,1188,1998
102,2026-08-28,11539,8.65,8.65,0.0,2.6,1.73,4.33,0.0,59,44,130,1207,2632
102,2026-08-29,7566,5.67,5.67,0.0,1.7,1.13,2.83,0.0,57,10,117,1256,2293
102,2026-08-30,16569,12.43,12.43,0.0,3.73,2.49,6.21,0.0,13,26,165,1236,1360
102,2026-08-31,7228,5.42,5.42,0.0,1.63,1.08,2.71,0.0,9,31,200,1200,2167
102,2026-09-01,15727,11.8,11.8,0.0,3.54,2.36,5.9,0.0,54,25,198,1163,2365
102,2026-09-02,13960,10.47,10.47,0.0,3.14,2.09,5.24,0.0,15,35,182,1208,1736
102,2026-09-03,18483,13.86,13.86,0.0,4.16,2.77,6.93,0.0,13,8,168,1251,1862
102,2026-09-04,11849,8.89,8.89,0.0,2.67,1.78,4.45,0.0,42,44,107,1247,1341
102,2026-09-05,18412,13.81,13.81,0.0,4.14,2.76,6.91,0.0,35,0,79,1326,1604
102,2026-09-06,7869,5.9,5.9,0.0,1.77,1.18,2.95,0.0,12,0,150,1278,3172
102,2026-09-07,2079,1.56,1.56,0.0,0.47,0.31,0.78,0.0,28,6,106,1300,3089
102,2026-09-08,11018,8.26,8.26,0.0,2.48,1.65,4.13,0.0,38,31,100,1271,2380
102,2026-09-09,10269,7.7,7.7,0.0,2.31,1.54,3.85,0.0,17,8,244,1171,2964
102,2026-09-10,12762,9.57,9.57,0.0,2.87,1.91,4.79,0.0,23,33,235,1149,1830
102,2026-09-11,12831,9.62,9.62,0.0,2.89,1.92,4.81,0.0,47,21,72,1300,1289
102,2026-09-12,6099,4.57,4.57,0.0,1.37,0.91,2.29,0.0,53,34,111,1242,1452
102,2026-09-13,2634,1.98,1.98,0.0,0.59,0.4,0.99,0.0,11,3,171,1255,1810
102,2026-09-14,1678,1.26,1.26,0.0,0.38,0.25,0.63,0.0,52,34,240,1114,3031
102,2026-09-15,19311,14.48,14.48,0.0,4.34,2.9,7.24,0.0,7,7,171,1255,2114
102,2026-09-16,3764,2.82,2.82,0.0,0.85,0.56,1.41,0.0,23,27,246,1144,1644
102,2026-09-17,17702,13.28,13.28,0.0,3.98,2.66,6.64,0.0,53,18,125,1244,2185
102,2026-09-18,12113,9.08,9.08,0.0,2.72,1.82,4.54,0.0,32,27,146,1235,1841
102,2026-09-19,2373,1.78,1.78,0.0,0.53,0.36,0.89,0.0,34,13,205,1188,2072
102,2026-09-20,2857,2.14,2.14,0.0,0.64,0.43,1.07,0.0,35,15,227,1163,1558
102,2026-09-21,2793,2.09,2.09,0.0,0.63,0.42,1.04,0.0,52,36,194,1158,2714
102,2026-09-22,1824,1.37,1.37,0.0,0.41,0.27,0.69,0.0,59,26,148,1207,1693
102,2026-09-23,5852,4.39,4.39,0.0,1.32,0.88,2.19,0.0,52,11,101,1276,1314
102,2026-09-24,15340,11.51,11.51,0.0,3.45,2.3,5.75,0.0,2,17,187,1234,2494
102,2026-09-25,2800,2.1,2.1,0.0,0.63,0.42,1.05,0.0,12,27,83,1318,1447
102,2026-09-26,19071,14.3,14.3,0.0,4.29,2.86,7.15,0.0,36,44,199,1161,2163
102,2026-09-27,11508,8.63,8.63,0.0,2.59,1.73,4.32,0.0,14,2,116,1308,1768
102,2026-09-28,14996,11.25,11.25,0.0,3.38,2.25,5.62,0.0,46,6,187,1201,1983
102,2026-09-29,7279,5.46,5.46,0.0,1.64,1.09,2.73,0.0,4,2,191,1243,2815
102,2026-09-30,3466,2.6,2.6,0.0,0.78,0.52,1.3,0.0,45,12,87,1296,1964
102,2026-10-01,15607,11.71,11.71,0.0,3.51,2.34,5.86,0.0,12,30,189,1209,1999
102,2026-10-02,6852,5.14,5.14,0.0,1.54,1.03,2.57,0.0,5,43,95,1297,1251
102,2026-10-03,15417,11.56,11.56,0.0,3.47,2.31,5.78,0.0,38,13,117,1272,2984
102,2026-10-04,15554,11.67,11.67,0.0,3.5,2.33,5.83,0.0,8,28,124,1280,1303
103,2026-08-16,4546,3.41,3.41,0.0,1.02,0.68,1.71,0.0,54,18,91,1277,1095
103,2026-08-17,12996,9.75,9.75,0.0,2.92,1.95,4.88,0.0,50,4,228,1158,-100
103,2026-08-18,12065,9.05,9.05,0.0,2.72,1.81,4.53,0.0,47,35,103,1255,1320
103,2026-08-19,18131,13.6,13.6,0.0,4.08,2.72,6.8,0.0,11,28,62,1339,2052
103,2026-08-20,13003,9.75,9.75,0.0,2.92,1.95,4.88,0.0,50,10,186,1194,2858
103,2026-08-21,19245,14.43,14.43,0.0,4.33,2.89,7.21,0.0,7,42,216,1175,1992
103,2026-08-21,19245,14.43,14.43,0.0,4.33,2.89,7.21,0.0,7,42,216,1175,1992
103,2026-08-22,11721,8.79,8.79,0.0,2.64,1.76,4.39,0.0,14,24,69,1333,3162
103,2026-08-23,7396,5.55,5.55,0.0,1.66,1.11,2.77,0.0,3,8,114,1315,2771
103,2026-08-24,2095,1.57,1.57,0.0,0.47,0.31,0.79,0.0,54,30,222,1134,1032
103,2026-08-25,7353,5.51,5.51,0.0,1.65,1.1,2.75,0.0,8,27,205,1200,1202
103,2026-08-26,4209,3.16,3.16,0.0,0.95,0.63,1.58,0.0,53,17,211,1159,2744
103,2026-08-27,13713,10.28,10.28,0.0,3.08,2.06,5.14,0.0,57,13,142,1228,3011
103,2026-08-28,16561,12.42,12.42,0.0,3.73,2.48,6.21,0.0,8,1,189,1242,3087
103,2026-08-29,18865,14.15,14.15,0.0,4.25,2.83,7.08,0.0,28,37,133,1242,2859
103,2026-08-30,2432,1.82,1.82,0.0,0.55,0.36,0.91,0.0,5,1,210,1224,1699
103,2026-08-31,10260,7.7,7.7,0.0,2.31,1.54,3.85,0.0,60,25,187,1168,2616
103,2026-08-31,10260,7.7,7.7,0.0,2.31,1.54,3.85,0.0,60,25,187,1168,2616
103,2026-09-01,8227,6.17,6.17,0.0,1.85,1.23,3.08,0.0,13,9,159,1259,3175
103,2026-09-02,7588,5.69,5.69,0.0,1.71,1.14,2.85,0.0,53,7,211,1169,1427
103,2026-09-03,5384,4.04,4.04,0.0,1.21,0.81,2.02,0.0,34,39,230,1137,1831
103,2026-09-04,15688,11.77,11.77,0.0,3.53,2.35,5.88,0.0,14,23,88,1315,1133
103,2026-09-05,12633,9.47,9.47,0.0,2.84,1.89,4.74,0.0,19,2,238,1181,1511
103,2026-09-06,14465,10.85,10.85,0.0,3.25,2.17,5.42,0.0,51,4,164,1221,2321
103,2026-09-07,1287,0.97,0.97,0.0,0.29,0.19,0.48,0.0,2,38,89,1311,1533
103,2026-09-08,11102,8.33,8.33,0.0,2.5,1.67,4.17,0.0,31,34,166,1209,2031
103,2026-09-09,7753,5.81,5.81,0.0,1.74,1.16,2.9,0.0,15,4,234,1187,1266
103,2026-09-10,11344,8.51,8.51,0.0,2.55,1.7,4.25,0.0,13,39,75,1313,1086
103,2026-09-11,8689,6.52,6.52,0.0,1.96,1.3,3.26,0.0,46,11,247,1136,2324
103,2026-09-12,7145,5.36,5.36,0.0,1.61,1.07,2.68,0.0,3,11,131,1295,2888
103,2026-09-13,19571,14.68,14.68,0.0,4.4,2.94,7.34,0.0,29,12,183,1216,1047
103,2026-09-14,11668,8.75,8.75,0.0,2.62,1.75,4.38,0.0,42,4,95,1299,2661
103,2026-09-15,7126,5.34,5.34,0.0,1.6,1.07,2.67,0.0,21,21,157,1241,2188
103,2026-09-16,9749,7.31,7.31,0.0,2.19,1.46,3.65,0.0,55,36,111,1238,1229
103,2026-09-17,8969,6.73,6.73,0.0,2.02,1.35,3.37,0.0,29,38,192,1181,1150
103,2026-09-18,16173,12.13,12.13,0.0,3.64,2.43,6.07,0.0,36,36,217,1151,3138
103,2026-09-19,8654,6.49,6.49,0.0,1.95,1.3,3.25,0.0,51,22,70,1297,1284
103,2026-09-20,11727,8.8,8.8,0.0,2.64,1.76,4.4,0.0,9,16,205,1210,1083
103,2026-09-21,8660,6.5,6.5,0.0,1.95,1.3,3.25,0.0,5,45,152,1238,2157
103,2026-09-22,8025,6.02,6.02,0.0,1.81,1.2,3.01,0.0,53,7,227,1153,2510
103,2026-09-23,8536,6.4,6.4,0.0,1.92,1.28,3.2,0.0,13,8,109,1310,3107
103,2026-09-24,10817,8.11,8.11,0.0,2.43,1.62,4.05,0.0,7,39,243,1151,2755
103,2026-09-25,3138,2.35,2.35,0.0,0.7,0.47,1.18,0.0,60,24,120,1236,2982
103,2026-09-26,15474,11.61,11.61,0.0,3.48,2.32,5.8,0.0,36,35,136,1233,2239
103,2026-09-27,15472,11.6,11.6,0.0,3.48,2.32,5.8,0.0,33,36,143,1228,2629
103,2026-09-28,15820,11.87,11.87,0.0,3.56,2.37,5.93,0.0,59,34,119,1228,1155
103,2026-09-29,16874,12.66,12.66,0.0,3.8,2.53,6.33,0.0,42,25,81,1292,3163
103,2026-09-29,16874,12.66,12.66,0.0,3.8,2.53,6.33,0.0,42,25,81,1292,3163
103,2026-09-30,6459,4.84,4.84,0.0,1.45,0.97,2.42,0.0,0,39,179,1222,1448
103,2026-10-01,12517,9.39,9.39,0.0,2.82,1.88,4.7,0.0,44,45,139,1212,2030
103,2026-10-02,17408,13.06,13.06,0.0,3.92,2.61,6.53,0.0,58,41,112,1229,2526
103,2026-10-03,15525,11.64,11.64,0.0,3.49,2.33,5.82,0.0,30,13,207,1190,2226
103,2026-10-04,8185,6.14,6.14,0.0,1.84,1.23,3.07,0.0,26,39,125,1250,1028
104,2026-08-16,7245,5.43,5.43,0.0,1.63,1.09,2.71,0.0,1,33,184,1222,2176
104,2026-08-17,17692,13.27,13.27,0.0,3.98,2.65,6.63,0.0,3,18,79,1340,1047
104,2026-08-18,14888,11.17,11.17,0.0,3.35,2.23,5.58,0.0,43,33,147,1217,1131
104,2026-08-19,11099,8.32,8.32,0.0,2.5,1.66,4.16,0.0,39,15,119,1267,2907
104,2026-08-20,17678,13.26,13.26,0.0,3.98,2.65,6.63,0.0,21,18,142,1259,2591
104,2026-08-21,18083,13.56,13.56,0.0,4.07,2.71,6.78,0.0,32,20,247,1141,2123
104,2026-08-22,13919,10.44,10.44,0.0,3.13,2.09,5.22,0.0,54,11,72,1303,1258
104,2026-08-23,10170,7.63,7.63,0.0,2.29,1.53,3.81,0.0,21,41,231,1147,1042
104,2026-08-24,5868,4.4,4.4,0.0,1.32,0.88,2.2,0.0,1,7,227,1205,3069
104,2026-08-25,13470,10.1,10.1,0.0,3.03,2.02,5.05,0.0,27,33,127,1253,2377
104,2026-08-26,8777,6.58,6.58,0.0,1.97,1.32,3.29,0.0,35,31,129,1245,2596
104,2026-08-26,8777,6.58,6.58,0.0,1.97,1.32,3.29,0.0,35,31,129,1245,2596
104,2026-08-27,19662,14.75,14.75,0.0,4.42,2.95,7.38,0.0,1,33,168,1238,3017
104,2026-08-28,14459,10.84,10.84,0.0,3.25,2.17,5.42,0.0,55,35,165,1185,1187
104,2026-08-29,18842,14.13,14.13,0.0,4.24,2.83,7.07,0.0,55,29,118,1238,1238
104,2026-08-30,3427,2.57,2.57,0.0,0.77,0.51,1.28,0.0,2,12,237,1189,2840
104,2026-08-31,16096,12.07,12.07,0.0,3.62,2.41,6.04,0.0,34,41,191,1174,2343
104,2026-09-01,6332,4.75,4.75,0.0,1.43,0.95,2.38,0.0,22,5,109,1304,1957
104,2026-09-02,1925,1.44,1.44,0.0,0.43,0.29,0.72,0.0,45,19,116,1260,1358
104,2026-09-03,18509,13.88,13.88,0.0,4.16,2.78,6.94,0.0,49,44,210,1137,2925
104,2026-09-04,15564,11.67,11.67,0.0,3.5,2.33,5.83,0.0,33,4,62,1341,1670
104,2026-09-05,13895,10.42,10.42,0.0,3.13,2.08,5.21,0.0,24,28,155,1233,1060
104,2026-09-06,18000,13.5,13.5,0.0,4.05,2.7,6.75,0.0,34,23,250,1133,1805
104,2026-09-07,5663,4.25,4.25,0.0,1.27,0.85,2.12,0.0,54,28,72,1286,1866
104,2026-09-08,9485,7.11,7.11,0.0,2.13,1.42,3.56,0.0,1,27,207,1205,1938
104,2026-09-09,6272,4.7,4.7,0.0,1.41,0.94,2.35,0.0,29,10,197,1204,1679
104,2026-09-10,19504,14.63,14.63,0.0,4.39,2.93,7.32,0.0,48,23,234,1135,2021
104,2026-09-11,7621,5.72,5.72,0.0,1.72,1.14,2.86,0.0,54,44,99,1243,1454
104,2026-09-12,2261,1.7,1.7,0.0,0.51,0.34,0.85,0.0,41,8,110,1281,2489
104,2026-09-13,4177,3.13,3.13,0.0,0.94,0.63,1.56,0.0,34,35,77,1294,1395
104,2026-09-14,6078,4.56,4.56,0.0,1.37,0.91,2.28,0.0,30,4,203,1203,1855
104,2026-09-15,15886,11.91,11.91,0.0,3.57,2.38,5.96,0.0,25,19,101,1295,2632
104,2026-09-16,12378,9.28,9.28,0.0,2.78,1.86,4.64,0.0,33,26,162,1219,1661
104,2026-09-17,12097,9.07,9.07,0.0,2.72,1.81,4.54,0.0,32,20,180,1208,3062
104,2026-09-18,19150,14.36,14.36,0.0,4.31,2.87,7.18,0.0,41,45,107,1247,1567
104,2026-09-19,17507,13.13,13.13,0.0,3.94,2.63,6.57,0.0,48,20,222,1150,2021
104,2026-09-20,7014,5.26,5.26,0.0,1.58,1.05,2.63,0.0,33,8,107,1292,2366
104,2026-09-21,9869,7.4,7.4,0.0,2.22,1.48,3.7,0.0,50,3,202,1185,2689
104,2026-09-22,2763,2.07,2.07,0.0,0.62,0.41,1.03,0.0,41,35,103,1261,2048
104,2026-09-23,9382,7.04,7.04,0.0,2.11,1.41,3.52,0.0,23,30,139,1248,1797
104,2026-09-24,4702,3.53,3.53,0.0,1.06,0.71,1.76,0.0,57,44,188,1151,1232
104,2026-09-25,12362,9.27,9.27,0.0,2.78,1.85,4.63,0.0,9,42,169,1220,3088
104,2026-09-26,1367,1.03,1.03,0.0,0.31,0.21,0.52,0.0,13,16,246,1165,2593
104,2026-09-27,19803,14.85,14.85,0.0,4.46,2.97,7.42,0.0,26,30,240,1144,2997
104,2026-09-28,14962,11.22,11.22,0.0,3.37,2.24,5.61,0.0,47,43,132,1218,2170
104,2026-09-29,2859,2.14,2.14,0.0,0.64,0.43,1.07,0.0,6,9,230,1195,1259
104,2026-09-30,11501,8.63,8.63,0.0,2.59,1.73,4.32,0.0,52,33,190,1165,2024
104,2026-10-01,7810,5.86,5.86,0.0,1.76,1.17,2.93,0.0,33,2,179,1226,1854
104,2026-10-02,3561,2.67,2.67,0.0,0.8,0.53,1.33,0.0,50,1,102,1287,1473
104,2026-10-03,13117,9.84,9.84,0.0,2.95,1.97,4.92,0.0,51,42,242,1105,2794
104,2026-10-04,17901,13.43,13.43,0.0,4.03,2.69,6.71,0.0,20,7,245,1168,1351
105,2026-08-16,5601,4.2,4.2,0.0,1.26,0.84,2.1,0.0,36,43,220,1141,1864
105,2026-08-17,19912,14.93,14.93,0.0,4.48,2.99,7.46,0.0,5,3,190,1242,2471
105,2026-08-18,6096,4.57,4.57,0.0,1.37,0.91,2.29,0.0,20,13,147,1260,1572
105,2026-08-19,8700,6.53,6.53,0.0,1.96,1.31,3.27,0.0,47,41,193,1159,2375
105,2026-08-20,16043,12.03,12.03,0.0,3.61,2.41,6.01,0.0,55,44,149,1192,2235
105,2026-08-21,14363,10.77,10.77,0.0,3.23,2.15,5.38,0.0,41,34,170,1195,2320
105,2026-08-22,10393,7.79,7.79,0.0,2.34,1.56,3.9,0.0,42,20,124,1254,1221
105,2026-08-23,18803,14.1,14.1,0.0,4.23,2.82,7.05,0.0,44,23,86,1287,1558
105,2026-08-24,5100,3.83,3.83,0.0,1.15,0.77,1.92,0.0,44,21,150,1225,1073
105,2026-08-25,8499,6.37,6.37,0.0,1.91,1.27,3.19,0.0,9,11,249,1171,2616
105,2026-08-26,5430,4.07,4.07,0.0,1.22,0.81,2.04,0.0,26,8,152,1254,2400
105,2026-08-27,13403,10.05,10.05,0.0,3.02,2.01,5.03,0.0,0,42,246,1152,2780
105,2026-08-28,9506,7.13,7.13,0.0,2.14,1.43,3.56,0.0,5,20,243,1172,2131
105,2026-08-29,6359,4.77,4.77,0.0,1.43,0.95,2.38,0.0,40,44,149,1207,1739
105,2026-08-30,4925,3.69,3.69,0.0,1.11,0.74,1.84,0.0,50,2,242,1146,2633
105,2026-08-31,4456,3.34,3.34,0.0,1.0,0.67,1.67,0.0,53,43,233,1111,3016
105,2026-09-01,12875,9.66,9.66,0.0,2.9,1.93,4.83,0.0,4,27,139,1270,2234
105,2026-09-02,13580,10.19,10.19,0.0,3.06,2.04,5.09,0.0,16,0,121,1303,1381
105,2026-09-03,8831,6.62,6.62,0.0,1.99,1.32,3.31,0.0,4,17,236,1183,2823
105,2026-09-04,8720,6.54,6.54,0.0,1.96,1.31,3.27,0.0,3,39,184,1214,1298
105,2026-09-05,12302,9.23,9.23,0.0,2.77,1.85,4.62,0.0,42,42,149,1207,1929
105,2026-09-06,3328,2.5,2.5,0.0,0.75,0.5,1.25,0.0,20,37,177,1206,2118
105,2026-09-07,1738,1.3,1.3,0.0,0.39,0.26,0.65,0.0,2,19,183,1236,-100
105,2026-09-08,7791,5.84,5.84,0.0,1.75,1.17,2.92,0.0,17,4,241,1178,2887
105,2026-09-09,15909,11.93,11.93,0.0,3.58,2.39,5.96,0.0,32,34,219,1155,1180
105,2026-09-10,7071,5.3,5.3,0.0,1.59,1.06,2.65,0.0,14,41,160,1225,1788
105,2026-09-11,19852,14.89,14.89,0.0,4.47,2.98,7.45,0.0,44,33,109,1254,1007
105,2026-09-12,5472,4.1,4.1,0.0,1.23,0.82,2.05,0.0,3,22,107,1308,3103
105,2026-09-13,17769,13.33,13.33,0.0,4.0,2.67,6.67,0.0,31,24,142,1243,2498
105,2026-09-14,11959,8.97,8.97,0.0,2.69,1.79,4.49,0.0,29,28,235,1148,1862
105,2026-09-15,11882,8.91,8.91,0.0,2.67,1.78,4.46,0.0,14,41,201,1184,2270
105,2026-09-16,5877,4.41,4.41,0.0,1.32,0.88,2.21,0.0,25,31,84,1300,2945
105,2026-09-17,6598,4.95,4.95,0.0,1.49,0.99,2.48,0.0,30,39,95,1276,1960
105,2026-09-18,9996,7.5,7.5,0.0,2.25,1.5,3.75,0.0,40,7,248,1145,2717
105,2026-09-19,1642,1.23,1.23,0.0,0.37,0.25,0.61,0.0,52,35,169,1184,2423
105,2026-09-20,4380,3.29,3.29,0.0,0.99,0.66,1.65,0.0,13,44,210,1173,2915
105,2026-09-21,11949,8.96,8.96,0.0,2.69,1.79,4.48,0.0,58,29,243,1110,2645
105,2026-09-22,4568,3.43,3.43,0.0,1.03,0.69,1.72,0.0,49,35,147,1209,2368
105,2026-09-23,13477,10.11,10.11,0.0,3.03,2.02,5.05,0.0,22,29,237,1152,1518
105,2026-09-24,6086,4.56,4.56,0.0,1.37,0.91,2.28,0.0,25,42,150,1223,2031
105,2026-09-25,1615,1.21,1.21,0.0,0.36,0.24,0.6,0.0,56,19,181,1184,1493
105,2026-09-26,5895,4.42,4.42,0.0,1.33,0.88,2.21,0.0,30,33,69,1308,2521
105,2026-09-27,4193,3.14,3.14,0.0,0.94,0.63,1.57,0.0,13,39,189,1199,-100
105,2026-09-28,9945,7.46,7.46,0.0,2.24,1.49,3.73,0.0,15,2,175,1248,3155
105,2026-09-29,5665,4.25,4.25,0.0,1.27,0.85,2.12,0.0,33,4,243,1160,2733
105,2026-09-30,4679,3.51,3.51,0.0,1.05,0.7,1.75,0.0,31,13,213,1183,1824
105,2026-10-01,1557,1.17,1.17,0.0,0.35,0.23,0.58,0.0,42,38,138,1222,1217
105,2026-10-02,13738,10.3,10.3,0.0,3.09,2.06,5.15,0.0,11,18,74,1337,1911
105,2026-10-03,4428,3.32,3.32,0.0,1.0,0.66,1.66,0.0,24,30,117,1269,1250
105,2026-10-04,9401,7.05,7.05,0.0,2.11,1.41,3.52,0.0,51,40,181,1168,1880
106,2026-08-16,6509,4.88,4.88,0.0,1.46,0.98,2.44,0.0,39,17,124,1260,1941
106,2026-08-17,4279,3.21,3.21,0.0,0.96,0.64,1.6,0.0,41,0,96,1303,2983
106,2026-08-18,19786,14.84,14.84,0.0,4.45,2.97,7.42,0.0,17,39,195,1189,2478
106,2026-08-19,1025,0.77,0.77,0.0,0.23,0.15,0.39,0.0,13,8,232,1187,2091
106,2026-08-20,8028,6.02,6.02,0.0,1.81,1.2,3.01,0.0,57,33,199,1151,1481
106,2026-08-21,11407,8.56,8.56,0.0,2.57,1.71,4.28,0.0,8,12,108,1312,1429
106,2026-08-22,7198,5.4,5.4,0.0,1.62,1.08,2.7,0.0,26,23,250,1141,1631
106,2026-08-23,5486,4.11,4.11,0.0,1.23,0.82,2.06,0.0,60,19,210,1151,1102
106,2026-08-24,10923,8.19,8.19,0.0,2.46,1.64,4.09,0.0,17,45,151,1227,2447
106,2026-08-25,3830,2.87,2.87,0.0,0.86,0.57,1.44,0.0,49,32,134,1225,2154
106,2026-08-26,9120,6.84,6.84,0.0,2.05,1.37,3.42,0.0,4,11,169,1256,1401
106,2026-08-27,2773,2.08,2.08,0.0,0.62,0.42,1.04,0.0,8,42,85,1305,3096
106,2026-08-28,3361,2.52,2.52,0.0,0.76,0.5,1.26,0.0,5,45,134,1256,2279
106,2026-08-29,2653,1.99,1.99,0.0,0.6,0.4,0.99,0.0,36,26,89,1289,2554
106,2026-08-30,17348,13.01,13.01,0.0,3.9,2.6,6.5,0.0,10,24,174,1232,1020
106,2026-08-31,12255,9.19,9.19,0.0,2.76,1.84,4.59,0.0,30,44,247,1119,2985
106,2026-09-01,5727,4.3,4.3,0.0,1.29,0.86,2.15,0.0,8,3,99,1330,2213
106,2026-09-02,11358,8.52,8.52,0.0,2.56,1.7,4.26,0.0,25,16,232,1167,2089
106,2026-09-03,19389,14.54,14.54,0.0,4.36,2.91,7.27,0.0,20,37,236,1147,2000
106,2026-09-04,5884,4.41,4.41,0.0,1.32,0.88,2.21,0.0,26,40,85,1289,2296
106,2026-09-05,6972,5.23,5.23,0.0,1.57,1.05,2.62,0.0,3,26,215,1196,2530
106,2026-09-06,19783,14.84,14.84,0.0,4.45,2.97,7.42,0.0,26,23,199,1192,1095
106,2026-09-07,2954,2.22,2.22,0.0,0.67,0.44,1.11,0.0,10,14,131,1285,2428
106,2026-09-08,19967,14.98,14.98,0.0,4.49,3.0,7.49,0.0,16,31,156,1237,2465
106,2026-09-09,1987,1.49,1.49,0.0,0.45,0.3,0.74,0.0,35,31,218,1156,1670
106,2026-09-10,14350,10.76,10.76,0.0,3.23,2.15,5.38,0.0,54,43,89,1254,1206
106,2026-09-11,8416,6.31,6.31,0.0,1.89,1.26,3.15,0.0,24,35,179,1202,2876
106,2026-09-12,19108,14.33,14.33,0.0,4.3,2.87,7.17,0.0,28,43,65,1304,2052
106,2026-09-13,10812,8.11,8.11,0.0,2.43,1.62,4.05,0.0,6,41,250,1143,1575
106,2026-09-14,2773,2.08,2.08,0.0,0.62,0.42,1.04,0.0,47,19,231,1143,2118
106,2026-09-15,3998,3.0,3.0,0.0,0.9,0.6,1.5,0.0,1,30,122,1287,2664
106,2026-09-16,9122,6.84,6.84,0.0,2.05,1.37,3.42,0.0,56,32,188,1164,1323
106,2026-09-17,6160,4.62,4.62,0.0,1.39,0.92,2.31,0.0,54,4,174,1208,2685
106,2026-09-18,16820,12.62,12.62,0.0,3.79,2.52,6.31,0.0,2,6,197,1235,1127
106,2026-09-19,15381,11.54,11.54,0.0,3.46,2.31,5.77,0.0,16,2,110,1312,2505
106,2026-09-20,5035,3.78,3.78,0.0,1.13,0.76,1.89,0.0,54,9,224,1153,2830
106,2026-09-21,9158,6.87,6.87,0.0,2.06,1.37,3.44,0.0,44,10,133,1253,2071
106,2026-09-22,16412,12.31,12.31,0.0,3.69,2.46,6.16,0.0,4,23,235,1178,2179
106,2026-09-23,1713,1.28,1.28,0.0,0.38,0.26,0.64,0.0,33,38,65,1304,1464
106,2026-09-24,12638,9.48,9.48,0.0,2.84,1.9,4.74,0.0,22,22,115,1281,2412
106,2026-09-25,13103,9.83,9.83,0.0,2.95,1.97,4.92,0.0,5,6,71,1358,3167
106,2026-09-26,18148,13.61,13.61,0.0,4.08,2.72,6.8,0.0,27,16,226,1171,2829
106,2026-09-27,17967,13.48,13.48,0.0,4.04,2.7,6.74,0.0,41,31,187,1181,1995
106,2026-09-28,9656,7.24,7.24,0.0,2.17,1.45,3.62,0.0,46,23,68,1303,1001
106,2026-09-29,6703,5.03,5.03,0.0,1.51,1.01,2.52,0.0,15,23,152,1250,1566
106,2026-09-30,8300,6.23,6.23,0.0,1.87,1.25,3.12,0.0,39,4,155,1242,2639
106,2026-10-01,14746,11.06,11.06,0.0,3.32,2.21,5.53,0.0,46,20,162,1212,2130
106,2026-10-02,6611,4.96,4.96,0.0,1.49,0.99,2.48,0.0,48,29,214,1149,1419
106,2026-10-03,6195,4.65,4.65,0.0,1.4,0.93,2.33,0.0,5,42,86,1307,1964
106,2026-10-04,17159,12.87,12.87,0.0,3.86,2.57,6.43,0.0,53,8,223,1156,1581
107,2026-08-16,18227,13.67,13.67,0.0,4.1,2.73,6.83,0.0,13,3,205,1219,3194
107,2026-08-17,18528,13.9,13.9,0.0,4.17,2.78,6.95,0.0,49,13,136,1242,1941
107,2026-08-18,15174,11.38,11.38,0.0,3.41,2.28,5.69,0.0,0,19,97,1324,2202
107,2026-08-19,16424,12.32,12.32,0.0,3.7,2.46,6.16,0.0,22,28,245,1145,2222
107,2026-08-20,7343,5.51,5.51,0.0,1.65,1.1,2.75,0.0,48,43,244,1105,1236
107,2026-08-21,6125,4.59,4.59,0.0,1.38,0.92,2.29,0.0,4,35,164,1237,2283
107,2026-08-22,12605,9.45,9.45,0.0,2.83,1.89,4.72,0.0,32,8,183,1217,2335
107,2026-08-23,16336,12.25,12.25,0.0,3.67,2.45,6.12,0.0,26,26,174,1214,1471
107,2026-08-24,9278,6.96,6.96,0.0,2.09,1.39,3.48,0.0,15,15,178,1232,2770
107,2026-08-25,10922,8.19,8.19,0.0,2.46,1.64,4.09,0.0,24,2,189,1225,1310
107,2026-08-26,8537,6.4,6.4,0.0,1.92,1.28,3.2,0.0,59,11,78,1292,1711
107,2026-08-27,4791,3.59,3.59,0.0,1.08,0.72,1.79,0.0,55,41,242,1102,2974
107,2026-08-27,4791,3.59,3.59,0.0,1.08,0.72,1.79,0.0,55,41,242,1102,2974
107,2026-08-28,14620,10.96,10.96,0.0,3.29,2.19,5.48,0.0,0,19,137,1284,1813
107,2026-08-29,9005,6.75,6.75,0.0,2.02,1.35,3.38,0.0,35,43,245,1117,2525
107,2026-08-30,18581,13.94,13.94,0.0,4.18,2.79,6.97,0.0,52,32,110,1246,1232
107,2026-08-31,17989,13.49,13.49,0.0,4.05,2.7,6.75,0.0,46,5,154,1235,3111
107,2026-09-01,16463,12.35,12.35,0.0,3.7,2.47,6.17,0.0,34,45,96,1265,2067
107,2026-09-02,19014,14.26,14.26,0.0,4.28,2.85,7.13,0.0,0,22,77,1341,1863
107,2026-09-03,17210,12.91,12.91,0.0,3.87,2.58,6.46,0.0,50,36,217,1137,1307
107,2026-09-04,15437,11.58,11.58,0.0,3.47,2.32,5.79,0.0,22,26,232,1160,1767
107,2026-09-05,9826,7.37,7.37,0.0,2.21,1.47,3.69,0.0,60,8,137,1235,2325
107,2026-09-06,17855,13.39,13.39,0.0,4.02,2.68,6.7,0.0,33,9,71,1327,1158
107,2026-09-07,13523,10.14,10.14,0.0,3.04,2.03,5.07,0.0,15,6,154,1265,3021
107,2026-09-08,19885,14.91,14.91,0.0,4.47,2.98,7.46,0.0,14,45,124,1257,1225
107,2026-09-09,14027,10.52,10.52,0.0,3.16,2.1,5.26,0.0,32,35,91,1282,1575
107,2026-09-10,13022,9.77,9.77,0.0,2.93,1.95,4.88,0.0,14,24,98,1304,1238
107,2026-09-11,4361,3.27,3.27,0.0,0.98,0.65,1.64,0.0,28,26,138,1248,2409
107,2026-09-12,10664,8.0,8.0,0.0,2.4,1.6,4.0,0.0,24,4,164,1248,2266
107,2026-09-13,14968,11.23,11.23,0.0,3.37,2.25,5.62,0.0,26,4,79,1331,2873
107,2026-09-14,12983,9.74,9.74,0.0,2.92,1.95,4.87,0.0,7,29,104,1300,1585
107,2026-09-15,1938,1.45,1.45,0.0,0.43,0.29,0.72,0.0,37,6,116,1281,1721
107,2026-09-16,15029,11.27,11.27,0.0,3.38,2.25,5.63,0.0,40,21,129,1250,2564
107,2026-09-17,3726,2.79,2.79,0.0,0.84,0.56,1.4,0.0,0,38,192,1210,1655
107,2026-09-18,18224,13.67,13.67,0.0,4.1,2.73,6.83,0.0,46,40,213,1141,2603
107,2026-09-19,3670,2.75,2.75,0.0,0.82,0.55,1.38,0.0,0,45,73,1322,2431
107,2026-09-20,16301,12.23,12.23,0.0,3.67,2.45,6.12,0.0,29,5,123,1283,2279
107,2026-09-21,17660,13.25,13.25,0.0,3.97,2.65,6.62,0.0,34,16,161,1229,1235
107,2026-09-22,13203,9.9,9.9,0.0,2.97,1.98,4.95,0.0,12,41,153,1234,2482
107,2026-09-23,4436,3.33,3.33,0.0,1.0,0.67,1.67,0.0,19,32,147,1242,2008
107,2026-09-24,3040,2.28,2.28,0.0,0.68,0.46,1.14,0.0,27,13,185,1215,2251
107,2026-09-25,6402,4.8,4.8,0.0,1.44,0.96,2.4,0.0,29,28,205,1178,2535
107,2026-09-26,13624,10.22,10.22,0.0,3.07,2.04,5.11,0.0,16,32,192,1200,3024
107,2026-09-27,2598,1.95,1.95,0.0,0.58,0.39,0.97,0.0,35,38,182,1185,2594
107,2026-09-28,16761,12.57,12.57,0.0,3.77,2.51,6.29,0.0,22,32,237,1149,2088
107,2026-09-29,18566,13.92,13.92,0.0,4.18,2.78,6.96,0.0,37,7,136,1260,1404
107,2026-09-30,12851,9.64,9.64,0.0,2.89,1.93,4.82,0.0,55,22,115,1248,2062
107,2026-10-01,19543,14.66,14.66,0.0,4.4,2.93,7.33,0.0,58,20,239,1123,1252
107,2026-10-02,4971,3.73,3.73,0.0,1.12,0.75,1.86,0.0,3,36,173,1228,1743
107,2026-10-03,4126,3.09,3.09,0.0,0.93,0.62,1.54,0.0,15,5,76,1344,3104
107,2026-10-04,14909,11.18,11.18,0.0,3.35,2.24,5.59,0.0,24,22,236,1158,1633
108,2026-08-16,15608,11.71,11.71,0.0,3.51,2.34,5.86,0.0,25,30,229,1156,2647
108,2026-08-17,1682,1.26,1.26,0.0,0.38,0.25,0.63,0.0,57,22,150,1211,2145
108,2026-08-18,14738,11.05,11.05,0.0,3.31,2.21,5.53,0.0,17,42,97,1284,2741
108,2026-08-19,12025,9.02,9.02,0.0,2.71,1.8,4.51,0.0,29,22,123,1266,1334
108,2026-08-20,3372,2.53,2.53,0.0,0.76,0.51,1.26,0.0,13,40,215,1172,2705
108,2026-08-21,16286,12.21,12.21,0.0,3.66,2.44,6.11,0.0,43,36,195,1166,2634
108,2026-08-22,14562,10.92,10.92,0.0,3.28,2.18,5.46,0.0,24,24,159,1233,1677
108,2026-08-23,18645,13.98,13.98,0.0,4.19,2.8,6.99,0.0,17,39,217,1167,1563
108,2026-08-24,8314,6.24,6.24,0.0,1.87,1.25,3.12,0.0,5,5,68,1362,3172
108,2026-08-25,9044,6.78,6.78,0.0,2.03,1.36,3.39,0.0,17,33,120,1270,2733
108,2026-08-26,12930,9.7,9.7,0.0,2.91,1.94,4.85,0.0,45,45,112,1238,1032
108,2026-08-27,15841,11.88,11.88,0.0,3.56,2.38,5.94,0.0,19,20,134,1267,2974
108,2026-08-28,18985,14.24,14.24,0.0,4.27,2.85,7.12,0.0,59,21,80,1280,2931
108,2026-08-29,10518,7.89,7.89,0.0,2.37,1.58,3.94,0.0,42,42,187,1169,1977
108,2026-08-30,11649,8.74,8.74,0.0,2.62,1.75,4.37,0.0,2,30,233,1175,2891
108,2026-08-31,5772,4.33,4.33,0.0,1.3,0.87,2.17,0.0,50,31,86,1273,2738
108,2026-09-01,8546,6.41,6.41,0.0,1.92,1.28,3.21,0.0,41,36,105,1258,1800
108,2026-09-02,9242,6.93,6.93,0.0,2.08,1.39,3.46,0.0,40,32,249,1119,2111
108,2026-09-03,14036,10.53,10.53,0.0,3.16,2.11,5.26,0.0,11,2,71,1356,3146
108,2026-09-04,18428,13.82,13.82,0.0,4.15,2.76,6.91,0.0,43,5,165,1227,1008
108,2026-09-05,18868,14.15,14.15,0.0,4.25,2.83,7.08,0.0,55,30,164,1191,1146
108,2026-09-06,17569,13.18,13.18,0.0,3.95,2.64,6.59,0.0,5,39,166,1230,1562
108,2026-09-07,14280,10.71,10.71,0.0,3.21,2.14,5.36,0.0,5,23,134,1278,2097
108,2026-09-08,2504,1.88,1.88,0.0,0.56,0.38,0.94,0.0,49,42,130,1219,1257
108,2026-09-09,2297,1.72,1.72,0.0,0.52,0.34,0.86,0.0,7,29,129,1275,3026
108,2026-09-10,2297,1.72,1.72,0.0,0.52,0.34,0.86,0.0,55,44,149,1192,1876
108,2026-09-11,15018,11.26,11.26,0.0,3.38,2.25,5.63,0.0,21,5,127,1287,2529
108,2026-09-12,3826,2.87,2.87,0.0,0.86,0.57,1.44,0.0,9,28,225,1178,2168
108,2026-09-13,14345,10.76,10.76,0.0,3.23,2.15,5.38,0.0,22,11,230,1177,2523
108,2026-09-14,8699,6.52,6.52,0.0,1.96,1.3,3.26,0.0,31,0,107,1302,2066
108,2026-09-15,7690,5.77,5.77,0.0,1.73,1.15,2.88,0.0,37,34,107,1262,2880
108,2026-09-16,6099,4.57,4.57,0.0,1.37,0.91,2.29,0.0,48,36,120,1236,1509
108,2026-09-17,4446,3.33,3.33,0.0,1.0,0.67,1.67,0.0,10,45,93,1292,1170
108,2026-09-18,14398,10.8,10.8,0.0,3.24,2.16,5.4,0.0,21,39,202,1178,1405
108,2026-09-19,6764,5.07,5.07,0.0,1.52,1.01,2.54,0.0,34,20,161,1225,3186
108,2026-09-20,3355,2.52,2.52,0.0,0.76,0.5,1.26,0.0,22,10,92,1316,2075
108,2026-09-21,1243,0.93,0.93,0.0,0.28,0.19,0.47,0.0,47,1,175,1217,3006
108,2026-09-22,7538,5.65,5.65,0.0,1.7,1.13,2.83,0.0,58,22,154,1206,2885
108,2026-09-23,13391,10.04,10.04,0.0,3.01,2.01,5.02,0.0,44,42,63,1291,1950
108,2026-09-24,2113,1.58,1.58,0.0,0.47,0.32,0.79,0.0,6,2,221,1211,2189
108,2026-09-25,2202,1.65,1.65,0.0,0.49,0.33,0.82,0.0,26,5,206,1203,-100
108,2026-09-26,2987,2.24,2.24,0.0,0.67,0.45,1.12,0.0,43,40,97,1260,2593
108,2026-09-27,5404,4.05,4.05,0.0,1.21,0.81,2.02,0.0,33,9,233,1165,-100
108,2026-09-28,5232,3.92,3.92,0.0,1.18,0.78,1.96,0.0,21,32,91,1296,1966
108,2026-09-29,5607,4.21,4.21,0.0,1.26,0.84,2.1,0.0,59,23,63,1295,-100
108,2026-09-30,4012,3.01,3.01,0.0,0.9,0.6,1.5,0.0,49,39,88,1264,2665
108,2026-10-01,8719,6.54,6.54,0.0,1.96,1.31,3.27,0.0,7,34,234,1165,1086
108,2026-10-02,17499,13.12,13.12,0.0,3.94,2.62,6.56,0.0,17,9,133,1281,1879
108,2026-10-03,17598,13.2,13.2,0.0,3.96,2.64,6.6,0.0,31,0,156,1253,2681
108,2026-10-04,9637,7.23,7.23,0.0,2.17,1.45,3.62,0.0,23,6,225,1186,1642
109,2026-08-16,18472,13.85,13.85,0.0,4.15,2.77,6.92,0.0,55,6,162,1217,1236
109,2026-08-17,6167,4.63,4.63,0.0,1.39,0.93,2.31,0.0,43,33,113,1251,2855
109,2026-08-18,15317,11.49,11.49,0.0,3.45,2.3,5.75,0.0,37,15,162,1226,2980
109,2026-08-19,11976,8.98,8.98,0.0,2.69,1.8,4.49,0.0,42,5,69,1324,1999
109,2026-08-20,4134,3.1,3.1,0.0,0.93,0.62,1.55,0.0,49,32,123,1236,1725
109,2026-08-21,17369,13.03,13.03,0.0,3.91,2.61,6.51,0.0,44,30,246,1120,2478
109,2026-08-22,13930,10.45,10.45,0.0,3.13,2.09,5.22,0.0,28,14,217,1181,1294
109,2026-08-23,4965,3.72,3.72,0.0,1.12,0.74,1.86,0.0,21,42,205,1172,1367
109,2026-08-24,13970,10.48,10.48,0.0,3.14,2.1,5.24,0.0,34,20,227,1159,1407
109,2026-08-24,13970,10.48,10.48,0.0,3.14,2.1,5.24,0.0,34,20,227,1159,1407
109,2026-08-25,17928,13.45,13.45,0.0,4.03,2.69,6.72,0.0,1,4,247,1188,2782
109,2026-08-26,2270,1.7,1.7,0.0,0.51,0.34,0.85,0.0,5,19,122,1294,2590
109,2026-08-27,5922,4.44,4.44,0.0,1.33,0.89,2.22,0.0,41,20,191,1188,2692
109,2026-08-28,11408,8.56,8.56,0.0,2.57,1.71,4.28,0.0,35,45,98,1262,2706
109,2026-08-29,13834,10.38,10.38,0.0,3.11,2.08,5.19,0.0,26,23,216,1175,2100
109,2026-08-30,7418,5.56,5.56,0.0,1.67,1.11,2.78,0.0,46,38,135,1221,2778
109,2026-08-31,5778,4.33,4.33,0.0,1.3,0.87,2.17,0.0,60,42,113,1225,1326
109,2026-09-01,7036,5.28,5.28,0.0,1.58,1.06,2.64,0.0,59,25,65,1291,1303
109,2026-09-02,12186,9.14,9.14,0.0,2.74,1.83,4.57,0.0,24,22,75,1319,2452
109,2026-09-03,2446,1.83,1.83,0.0,0.55,0.37,0.92,0.0,50,35,188,1167,2299
109,2026-09-04,13710,10.28,10.28,0.0,3.08,2.06,5.14,0.0,29,34,83,1294,3154
109,2026-09-05,16330,12.25,12.25,0.0,3.67,2.45,6.12,0.0,28,5,160,1247,1915
109,2026-09-06,17627,13.22,13.22,0.0,3.97,2.64,6.61,0.0,54,14,185,1187,2535
109,2026-09-07,8026,6.02,6.02,0.0,1.81,1.2,3.01,0.0,27,24,134,1255,1431
109,2026-09-08,4086,3.06,3.06,0.0,0.92,0.61,1.53,0.0,6,0,133,1301,1434
109,2026-09-09,6867,5.15,5.15,0.0,1.55,1.03,2.58,0.0,54,6,133,1247,1345
109,2026-09-10,10261,7.7,7.7,0.0,2.31,1.54,3.85,0.0,53,21,126,1240,2349
109,2026-09-11,2333,1.75,1.75,0.0,0.53,0.35,0.88,0.0,57,15,247,1121,1628
109,2026-09-12,19439,14.58,14.58,0.0,4.37,2.92,7.29,0.0,39,35,138,1228,2447
109,2026-09-13,12391,9.29,9.29,0.0,2.79,1.86,4.64,0.0,15,43,218,1164,3105
109,2026-09-14,2533,1.9,1.9,0.0,0.57,0.38,0.95,0.0,25,34,99,1282,-100
109,2026-09-15,10835,8.13,8.13,0.0,2.44,1.63,4.07,0.0,37,7,235,1161,1583
109,2026-09-16,12663,9.5,9.5,0.0,2.85,1.9,4.75,0.0,32,8,72,1328,1514
109,2026-09-17,2387,1.79,1.79,0.0,0.54,0.36,0.9,0.0,39,33,146,1222,1668
109,2026-09-18,10338,7.75,7.75,0.0,2.32,1.55,3.88,0.0,17,0,131,1292,2559
109,2026-09-19,12502,9.38,9.38,0.0,2.81,1.88,4.69,0.0,26,45,233,1136,2030
109,2026-09-20,3255,2.44,2.44,0.0,0.73,0.49,1.22,0.0,21,40,100,1279,1275
109,2026-09-21,10915,8.19,8.19,0.0,2.46,1.64,4.09,0.0,42,33,147,1218,1869
109,2026-09-22,1700,1.28,1.28,0.0,0.38,0.26,0.64,0.0,60,45,68,1267,2560
109,2026-09-23,14073,10.55,10.55,0.0,3.17,2.11,5.28,0.0,33,12,169,1226,1105
109,2026-09-24,9199,6.9,6.9,0.0,2.07,1.38,3.45,0.0,58,7,142,1233,1415
109,2026-09-25,13681,10.26,10.26,0.0,3.08,2.05,5.13,0.0,5,2,245,1188,1762
109,2026-09-26,3547,2.66,2.66,0.0,0.8,0.53,1.33,0.0,59,30,102,1249,1114
109,2026-09-27,4861,3.65,3.65,0.0,1.09,0.73,1.82,0.0,43,24,196,1177,2303
109,2026-09-28,12017,9.01,9.01,0.0,2.7,1.8,4.5,0.0,28,0,211,1201,1440
109,2026-09-29,15134,11.35,11.35,0.0,3.4,2.27,5.67,0.0,20,36,228,1156,3067
109,2026-09-30,3434,2.58,2.58,0.0,0.77,0.52,1.29,0.0,48,41,131,1220,1074
109,2026-10-01,5739,4.3,4.3,0.0,1.29,0.86,2.15,0.0,8,39,196,1197,1048
109,2026-10-02,1711,1.28,1.28,0.0,0.38,0.26,0.64,0.0,0,4,72,1364,2497
109,2026-10-03,6931,5.2,5.2,0.0,1.56,1.04,2.6,0.0,44,12,231,1153,1640
109,2026-10-04,2329,1.75,1.75,0.0,0.53,0.35,0.88,0.0,37,30,99,1274,1771
110,2026-08-16,1507,1.13,1.13,0.0,0.34,0.23,0.56,0.0,34,30,134,1242,2182
110,2026-08-17,4971,3.73,3.73,0.0,1.12,0.75,1.86,0.0,36,29,247,1128,1689
110,2026-08-18,3125,2.34,2.34,0.0,0.7,0.47,1.17,0.0,49,29,157,1205,1669
110,2026-08-19,7992,5.99,5.99,0.0,1.8,1.2,3.0,0.0,42,12,100,1286,2116
110,2026-08-20,8358,6.27,6.27,0.0,1.88,1.25,3.13,0.0,44,26,92,1278,3147
110,2026-08-21,18696,14.02,14.02,0.0,4.21,2.8,7.01,0.0,0,15,72,1353,2955
110,2026-08-22,16608,12.46,12.46,0.0,3.74,2.49,6.23,0.0,17,16,121,1286,1105
110,2026-08-23,4948,3.71,3.71,0.0,1.11,0.74,1.85,0.0,25,37,108,1270,1429
110,2026-08-24,12010,9.01,9.01,0.0,2.7,1.8,4.5,0.0,21,2,219,1198,1724
110,2026-08-24,12010,9.01,9.01,0.0,2.7,1.8,4.5,0.0,21,2,219,1198,1724
110,2026-08-25,8980,6.74,6.74,0.0,2.02,1.35,3.37,0.0,58,12,165,1205,2092
110,2026-08-26,10071,7.55,7.55,0.0,2.26,1.51,3.77,0.0,32,17,69,1322,2524
110,2026-08-27,16730,12.55,12.55,0.0,3.77,2.51,6.28,0.0,42,15,112,1271,1779
110,2026-08-28,8094,6.07,6.07,0.0,1.82,1.21,3.04,0.0,35,2,180,1223,2015
110,2026-08-29,14517,10.89,10.89,0.0,3.27,2.18,5.45,0.0,58,43,174,1165,1016
110,2026-08-30,1207,0.91,0.91,0.0,0.27,0.18,0.46,0.0,33,27,154,1226,1966
110,2026-08-31,2688,2.02,2.02,0.0,0.61,0.4,1.01,0.0,17,20,241,1162,1375
110,2026-09-01,13552,10.16,10.16,0.0,3.05,2.03,5.08,0.0,2,18,170,1250,2409
110,2026-09-02,19927,14.95,14.95,0.0,4.48,2.99,7.47,0.0,60,1,172,1207,1337
110,2026-09-03,11921,8.94,8.94,0.0,2.68,1.79,4.47,0.0,11,40,91,1298,1535
110,2026-09-04,2436,1.83,1.83,0.0,0.55,0.37,0.92,0.0,3,4,111,1322,2994
110,2026-09-05,14126,10.59,10.59,0.0,3.18,2.12,5.29,0.0,7,34,66,1333,2872
110,2026-09-06,10770,8.08,8.08,0.0,2.42,1.62,4.04,0.0,35,2,192,1211,3185
110,2026-09-07,4705,3.53,3.53,0.0,1.06,0.71,1.76,0.0,4,38,228,1170,1741
110,2026-09-08,1056,0.79,0.79,0.0,0.24,0.16,0.4,0.0,50,16,206,1168,2275
110,2026-09-09,12511,9.38,9.38,0.0,2.81,1.88,4.69,0.0,19,37,151,1233,3128
110,2026-09-10,2084,1.56,1.56,0.0,0.47,0.31,0.78,0.0,32,43,135,1230,1023
110,2026-09-11,14609,10.96,10.96,0.0,3.29,2.19,5.48,0.0,4,13,71,1352,1107
110,2026-09-12,8241,6.18,6.18,0.0,1.85,1.24,3.09,0.0,16,15,95,1314,1638
110,2026-09-13,2148,1.61,1.61,0.0,0.48,0.32,0.81,0.0,12,0,200,1228,2212
110,2026-09-14,5662,4.25,4.25,0.0,1.27,0.85,2.12,0.0,36,7,192,1205,1843
110,2026-09-15,9621,7.22,7.22,0.0,2.17,1.44,3.61,0.0,26,9,225,1180,2673
110,2026-09-16,14203,10.65,10.65,0.0,3.19,2.13,5.33,0.0,5,33,143,1259,2037
110,2026-09-17,7055,5.29,5.29,0.0,1.59,1.06,2.65,0.0,34,32,76,1298,2551
110,2026-09-18,8897,6.67,6.67,0.0,2.0,1.33,3.33,0.0,41,24,171,1204,1932
110,2026-09-19,6102,4.58,4.58,0.0,1.37,0.92,2.29,0.0,3,44,102,1291,1609
110,2026-09-20,12871,9.65,9.65,0.0,2.9,1.93,4.83,0.0,17,42,66,1315,2219
110,2026-09-21,1943,1.46,1.46,0.0,0.44,0.29,0.73,0.0,43,32,68,1297,3113
110,2026-09-22,17020,12.77,12.77,0.0,3.83,2.55,6.38,0.0,9,13,162,1256,1601
110,2026-09-23,19125,14.34,14.34,0.0,4.3,2.87,7.17,0.0,3,38,230,1169,2944
110,2026-09-24,17154,12.87,12.87,0.0,3.86,2.57,6.43,0.0,32,22,177,1209,2484
110,2026-09-25,2489,1.87,1.87,0.0,0.56,0.37,0.94,0.0,22,15,211,1192,1332
110,2026-09-26,7089,5.32,5.32,0.0,1.6,1.06,2.66,0.0,51,1,213,1175,1553
110,2026-09-27,5392,4.04,4.04,0.0,1.21,0.81,2.02,0.0,0,42,222,1176,1026
110,2026-09-28,13347,10.01,10.01,0.0,3.0,2.0,5.0,0.0,36,22,245,1137,1536
110,2026-09-29,15245,11.43,11.43,0.0,3.43,2.29,5.71,0.0,19,32,68,1321,1879
110,2026-09-30,1329,1.0,1.0,0.0,0.3,0.2,0.5,0.0,11,5,243,1181,2910
110,2026-10-01,13114,9.84,9.84,0.0,2.95,1.97,4.92,0.0,37,3,244,1156,1920
110,2026-10-02,2520,1.89,1.89,0.0,0.57,0.38,0.94,0.0,46,37,205,1152,2241
110,2026-10-03,19051,14.29,14.29,0.0,4.29,2.86,7.14,0.0,58,4,111,1267,1500
110,2026-10-04,7947,5.96,5.96,0.0,1.79,1.19,2.98,0.0,19,18,106,1297,2411
111,2026-08-16,18324,13.74,13.74,0.0,4.12,2.75,6.87,0.0,16,21,156,1247,1898
111,2026-08-17,17824,13.37,13.37,0.0,4.01,2.67,6.68,0.0,57,9,231,1143,1441
111,2026-08-18,8332,6.25,6.25,0.0,1.88,1.25,3.12,0.0,41,24,179,1196,2672
111,2026-08-19,12451,9.34,9.34,0.0,2.8,1.87,4.67,0.0,50,22,73,1295,2446
111,2026-08-20,3605,2.7,2.7,0.0,0.81,0.54,1.35,0.0,3,11,129,1297,1045
111,2026-08-21,6876,5.16,5.16,0.0,1.55,1.03,2.58,0.0,59,4,198,1179,2284
111,2026-08-22,4167,3.13,3.13,0.0,0.94,0.63,1.56,0.0,11,41,67,1321,2151
111,2026-08-23,3543,2.66,2.66,0.0,0.8,0.53,1.33,0.0,40,22,140,1238,2016
111,2026-08-24,8728,6.55,6.55,0.0,1.96,1.31,3.27,0.0,50,8,142,1240,2086
111,2026-08-25,10354,7.77,7.77,0.0,2.33,1.55,3.88,0.0,29,34,151,1226,1479
111,2026-08-26,18769,14.08,14.08,0.0,4.22,2.82,7.04,0.0,57,39,85,1259,2750
111,2026-08-26,18769,14.08,14.08,0.0,4.22,2.82,7.04,0.0,57,39,85,1259,2750
111,2026-08-27,3313,2.48,2.48,0.0,0.74,0.5,1.24,0.0,13,27,85,1315,1493
111,2026-08-28,17842,13.38,13.38,0.0,4.01,2.68,6.69,0.0,35,25,214,1166,2091
111,2026-08-29,4416,3.31,3.31,0.0,0.99,0.66,1.66,0.0,41,1,88,1310,2878
111,2026-08-30,2368,1.78,1.78,0.0,0.53,0.36,0.89,0.0,34,8,87,1311,2388
111,2026-08-31,12583,9.44,9.44,0.0,2.83,1.89,4.72,0.0,18,43,214,1165,2433
111,2026-09-01,6069,4.55,4.55,0.0,1.36,0.91,2.27,0.0,35,20,109,1276,1552
111,2026-09-02,12494,9.37,9.37,0.0,2.81,1.87,4.68,0.0,29,42,189,1180,2504
111,2026-09-03,10251,7.69,7.69,0.0,2.31,1.54,3.85,0.0,21,37,144,1238,1959
111,2026-09-04,8987,6.74,6.74,0.0,2.02,1.35,3.37,0.0,12,14,108,1306,2797
111,2026-09-05,10762,8.07,8.07,0.0,2.42,1.61,4.04,0.0,18,3,225,1194,2602
111,2026-09-06,6444,4.83,4.83,0.0,1.45,0.97,2.42,0.0,0,10,159,1271,3069
111,2026-09-07,4550,3.41,3.41,0.0,1.02,0.68,1.71,0.0,8,21,146,1265,2624
111,2026-09-08,12328,9.25,9.25,0.0,2.77,1.85,4.62,0.0,16,17,125,1282,1920
111,2026-09-09,15217,11.41,11.41,0.0,3.42,2.28,5.71,0.0,51,30,84,1275,1670
111,2026-09-10,7745,5.81,5.81,0.0,1.74,1.16,2.9,0.0,3,38,218,1181,2314
111,2026-09-11,12233,9.17,9.17,0.0,2.75,1.83,4.58,0.0,43,8,241,1148,3112
111,2026-09-12,1061,0.8,0.8,0.0,0.24,0.16,0.4,0.0,52,5,134,1249,3110
111,2026-09-13,4110,3.08,3.08,0.0,0.92,0.62,1.54,0.0,48,24,227,1141,2567
111,2026-09-14,16850,12.64,12.64,0.0,3.79,2.53,6.32,0.0,32,13,109,1286,1824
111,2026-09-15,3777,2.83,2.83,0.0,0.85,0.57,1.42,0.0,31,6,91,1312,2409
111,2026-09-16,10350,7.76,7.76,0.0,2.33,1.55,3.88,0.0,25,16,166,1233,2431
111,2026-09-17,8707,6.53,6.53,0.0,1.96,1.31,3.27,0.0,3,29,191,1217,2816
111,2026-09-18,2468,1.85,1.85,0.0,0.56,0.37,0.93,0.0,5,40,185,1210,3112
111,2026-09-19,4408,3.31,3.31,0.0,0.99,0.66,1.66,0.0,37,4,122,1277,2886
111,2026-09-20,16262,12.2,12.2,0.0,3.66,2.44,6.1,0.0,37,40,160,1203,2463
111,2026-09-21,2439,1.83,1.83,0.0,0.55,0.37,0.92,0.0,12,26,207,1195,2338
111,2026-09-22,5612,4.21,4.21,0.0,1.26,0.84,2.1,0.0,36,25,167,1212,2068
111,2026-09-23,3876,2.91,2.91,0.0,0.87,0.58,1.46,0.0,38,41,133,1228,2369
111,2026-09-24,2059,1.54,1.54,0.0,0.46,0.31,0.77,0.0,16,28,214,1182,1709
111,2026-09-25,19927,14.95,14.95,0.0,4.48,2.99,7.47,0.0,48,20,135,1237,1817
111,2026-09-26,9843,7.38,7.38,0.0,2.21,1.48,3.69,0.0,13,45,168,1214,2503
111,2026-09-27,3367,2.53,2.53,0.0,0.76,0.51,1.26,0.0,36,12,146,1246,1752
111,2026-09-28,14558,10.92,10.92,0.0,3.28,2.18,5.46,0.0,31,41,229,1139,2075
111,2026-09-29,13635,10.23,10.23,0.0,3.07,2.05,5.12,0.0,1,8,170,1261,1963
111,2026-09-30,8395,6.3,6.3,0.0,1.89,1.26,3.15,0.0,30,31,174,1205,3060
111,2026-10-01,19832,14.87,14.87,0.0,4.46,2.97,7.43,0.0,5,24,76,1335,1697
111,2026-10-02,8243,6.18,6.18,0.0,1.85,1.24,3.09,0.0,35,4,69,1332,1390
111,2026-10-03,1617,1.21,1.21,0.0,0.36,0.24,0.6,0.0,4,35,100,1301,2748
111,2026-10-04,13293,9.97,9.97,0.0,2.99,1.99,4.99,0.0,37,36,128,1239,1041
112,2026-08-16,13462,10.1,10.1,0.0,3.03,2.02,5.05,0.0,51,14,93,1282,1664
112,2026-08-17,14158,10.62,10.62,0.0,3.19,2.12,5.31,0.0,58,21,106,1255,1575
112,2026-08-17,14158,10.62,10.62,0.0,3.19,2.12,5.31,0.0,58,21,106,1255,1575
112,2026-08-18,14553,10.91,10.91,0.0,3.27,2.18,5.46,0.0,24,5,97,1314,1265
112,2026-08-19,5299,3.97,3.97,0.0,1.19,0.79,1.99,0.0,13,32,105,1290,1356
112,2026-08-20,10047,7.54,7.54,0.0,2.26,1.51,3.77,0.0,31,13,176,1220,1233
112,2026-08-21,10005,7.5,7.5,0.0,2.25,1.5,3.75,0.0,7,30,92,1311,2740
112,2026-08-22,18334,13.75,13.75,0.0,4.12,2.75,6.88,0.0,11,19,241,1169,1991
112,2026-08-23,6259,4.69,4.69,0.0,1.41,0.94,2.35,0.0,25,43,125,1247,2300
112,2026-08-24,11562,8.67,8.67,0.0,2.6,1.73,4.33,0.0,44,25,103,1268,1179
112,2026-08-25,18005,13.5,13.5,0.0,4.05,2.7,6.75,0.0,44,11,88,1297,2103
112,2026-08-26,16430,12.32,12.32,0.0,3.7,2.46,6.16,0.0,9,33,64,1334,1821
112,2026-08-27,16652,12.49,12.49,0.0,3.75,2.5,6.25,0.0,6,24,153,1257,1306
112,2026-08-28,6332,4.75,4.75,0.0,1.43,0.95,2.38,0.0,59,35,175,1171,1395
112,2026-08-29,15996,12.0,12.0,0.0,3.6,2.4,6.0,0.0,8,29,224,1179,3121
112,2026-08-30,19712,14.78,14.78,0.0,4.43,2.96,7.39,0.0,50,31,192,1167,2644
112,2026-08-31,18891,14.17,14.17,0.0,4.25,2.83,7.08,0.0,35,13,248,1144,3188
112,2026-09-01,8153,6.11,6.11,0.0,1.83,1.22,3.06,0.0,41,32,144,1223,1531
112,2026-09-02,5446,4.08,4.08,0.0,1.22,0.82,2.04,0.0,28,14,95,1303,1839
112,2026-09-03,8037,6.03,6.03,0.0,1.81,1.21,3.02,0.0,52,19,134,1235,2608
112,2026-09-04,7171,5.38,5.38,0.0,1.61,1.08,2.69,0.0,55,25,190,1170,1433
112,2026-09-05,15219,11.41,11.41,0.0,3.42,2.28,5.71,0.0,21,24,215,1180,1878
112,2026-09-06,11991,8.99,8.99,0.0,2.7,1.8,4.5,0.0,8,7,239,1186,1572
112,2026-09-07,17712,13.28,13.28,0.0,3.98,2.66,6.64,0.0,44,29,100,1267,1651
112,2026-09-08,14166,10.62,10.62,0.0,3.19,2.12,5.31,0.0,27,33,150,1230,3087
112,2026-09-09,16692,12.52,12.52,0.0,3.76,2.5,6.26,0.0,6,44,127,1263,3153
112,2026-09-10,6575,4.93,4.93,0.0,1.48,0.99,2.46,0.0,0,28,153,1259,1203
112,2026-09-11,8953,6.71,6.71,0.0,2.01,1.34,3.35,0.0,47,31,82,1280,1446
112,2026-09-12,7788,5.84,5.84,0.0,1.75,1.17,2.92,0.0,33,24,179,1204,1063
112,2026-09-13,7905,5.93,5.93,0.0,1.78,1.19,2.96,0.0,5,18,112,1305,2382
112,2026-09-14,5197,3.9,3.9,0.0,1.17,0.78,1.95,0.0,33,23,224,1160,3168
112,2026-09-15,9718,7.29,7.29,0.0,2.19,1.46,3.65,0.0,19,32,75,1314,2876
112,2026-09-16,13165,9.87,9.87,0.0,2.96,1.97,4.93,0.0,20,29,185,1206,1554
112,2026-09-17,2787,2.09,2.09,0.0,0.63,0.42,1.04,0.0,6,35,218,1181,1650
112,2026-09-18,11430,8.57,8.57,0.0,2.57,1.71,4.29,0.0,0,0,79,1361,2052
112,2026-09-19,1446,1.08,1.08,0.0,0.32,0.22,0.54,0.0,60,41,227,1112,1794
112,2026-09-20,5100,3.83,3.83,0.0,1.15,0.77,1.92,0.0,30,34,152,1224,2798
112,2026-09-21,7450,5.59,5.59,0.0,1.68,1.12,2.79,0.0,11,35,159,1235,1720
112,2026-09-22,2887,2.17,2.17,0.0,0.65,0.43,1.08,0.0,11,40,174,1215,2412
112,2026-09-23,6437,4.83,4.83,0.0,1.45,0.97,2.42,0.0,16,39,91,1294,3064
112,2026-09-24,4970,3.73,3.73,0.0,1.12,0.75,1.86,0.0,41,20,109,1270,2487
112,2026-09-25,3211,2.41,2.41,0.0,0.72,0.48,1.21,0.0,23,40,103,1274,1063
112,2026-09-26,9557,7.17,7.17,0.0,2.15,1.43,3.58,0.0,49,22,195,1174,2628
112,2026-09-27,12036,9.03,9.03,0.0,2.71,1.81,4.51,0.0,51,32,246,1111,2895
112,2026-09-28,4855,3.64,3.64,0.0,1.09,0.73,1.82,0.0,56,35,139,1210,1418
112,2026-09-29,19212,14.41,14.41,0.0,4.32,2.88,7.21,0.0,16,30,132,1262,1389
112,2026-09-30,6174,4.63,4.63,0.0,1.39,0.93,2.31,0.0,7,22,220,1191,2969
112,2026-10-01,9912,7.43,7.43,0.0,2.23,1.49,3.71,0.0,11,2,116,1311,1111
112,2026-10-02,11065,8.3,8.3,0.0,2.49,1.66,4.15,0.0,37,35,65,1303,3064
112,2026-10-03,10168,7.63,7.63,0.0,2.29,1.53,3.81,0.0,19,14,184,1223,2792
112,2026-10-04,7139,5.35,5.35,0.0,1.6,1.07,2.67,0.0,45,12,81,1302,2082
113,2026-08-16,14177,10.63,10.63,0.0,3.19,2.13,5.32,0.0,46,40,229,1125,1664
113,2026-08-17,1440,1.08,1.08,0.0,0.32,0.22,0.54,0.0,17,16,222,1185,2307
113,2026-08-18,13871,10.4,10.4,0.0,3.12,2.08,5.2,0.0,25,43,99,1273,1093
113,2026-08-19,15711,11.78,11.78,0.0,3.53,2.36,5.89,0.0,1,29,142,1268,1327
113,2026-08-20,11230,8.42,8.42,0.0,2.53,1.68,4.21,0.0,9,11,133,1287,2955
113,2026-08-21,8098,6.07,6.07,0.0,1.82,1.21,3.04,0.0,1,9,204,1226,2507
113,2026-08-22,12812,9.61,9.61,0.0,2.88,1.92,4.8,0.0,22,43,241,1134,1950
113,2026-08-23,6710,5.03,5.03,0.0,1.51,1.01,2.52,0.0,5,10,243,1182,2807
113,2026-08-24,14979,11.23,11.23,0.0,3.37,2.25,5.62,0.0,39,8,169,1224,2752
113,2026-08-25,3331,2.5,2.5,0.0,0.75,0.5,1.25,0.0,23,43,179,1195,3127
113,2026-08-26,3946,2.96,2.96,0.0,0.89,0.59,1.48,0.0,56,34,240,1110,2533
113,2026-08-27,6168,4.63,4.63,0.0,1.39,0.93,2.31,0.0,20,4,218,1198,1522
113,2026-08-28,6827,5.12,5.12,0.0,1.54,1.02,2.56,0.0,37,14,129,1260,2135
113,2026-08-29,9799,7.35,7.35,0.0,2.2,1.47,3.67,0.0,38,8,70,1324,2433
113,2026-08-30,12195,9.15,9.15,0.0,2.75,1.83,4.58,0.0,44,9,118,1269,2844
113,2026-08-31,13146,9.86,9.86,0.0,2.96,1.97,4.93,0.0,1,25,199,1215,1289
113,2026-09-01,6307,4.73,4.73,0.0,1.42,0.95,2.37,0.0,15,3,163,1259,1156
113,2026-09-02,5394,4.05,4.05,0.0,1.21,0.81,2.02,0.0,2,10,131,1297,1735
113,2026-09-03,14644,10.98,10.98,0.0,3.29,2.2,5.49,0.0,1,33,209,1197,1023
113,2026-09-04,11028,8.27,8.27,0.0,2.48,1.65,4.13,0.0,29,7,83,1321,1253
113,2026-09-05,12494,9.37,9.37,0.0,2.81,1.87,4.68,0.0,29,1,140,1270,1182
113,2026-09-06,3275,2.46,2.46,0.0,0.74,0.49,1.23,0.0,53,13,174,1200,3056
113,2026-09-07,8837,6.63,6.63,0.0,1.99,1.33,3.31,0.0,58,29,181,1172,2774
113,2026-09-08,2553,1.91,1.91,0.0,0.57,0.38,0.95,0.0,39,15,244,1142,1280
113,2026-09-09,12107,9.08,9.08,0.0,2.72,1.82,4.54,0.0,36,44,229,1131,1342
113,2026-09-10,3947,2.96,2.96,0.0,0.89,0.59,1.48,0.0,25,18,121,1276,2468
113,2026-09-11,19582,14.69,14.69,0.0,4.41,2.94,7.34,0.0,30,41,131,1238,2716
113,2026-09-12,6295,4.72,4.72,0.0,1.42,0.94,2.36,0.0,42,36,82,1280,2914
113,2026-09-13,17926,13.44,13.44,0.0,4.03,2.69,6.72,0.0,38,45,228,1129,1728
113,2026-09-14,9835,7.38,7.38,0.0,2.21,1.48,3.69,0.0,57,24,153,1206,2435
113,2026-09-15,2921,2.19,2.19,0.0,0.66,0.44,1.09,0.0,15,6,192,1227,1206
113,2026-09-16,8525,6.39,6.39,0.0,1.92,1.28,3.19,0.0,54,27,72,1287,2515
113,2026-09-17,17228,12.92,12.92,0.0,3.88,2.58,6.46,0.0,22,11,68,1339,3028
113,2026-09-18,1134,0.85,0.85,0.0,0.26,0.17,0.42,0.0,33,3,184,1220,2353
113,2026-09-19,13576,10.18,10.18,0.0,3.05,2.04,5.09,0.0,44,33,219,1144,3052
113,2026-09-20,5635,4.23,4.23,0.0,1.27,0.85,2.12,0.0,6,33,187,1214,1233
113,2026-09-21,11705,8.78,8.78,0.0,2.63,1.76,4.39,0.0,14,9,219,1198,1692
113,2026-09-22,10649,7.99,7.99,0.0,2.4,1.6,4.0,0.0,25,28,192,1195,1895
113,2026-09-23,1139,0.85,0.85,0.0,0.26,0.17,0.42,0.0,34,38,77,1291,2480
113,2026-09-24,12156,9.12,9.12,0.0,2.74,1.82,4.56,0.0,2,17,222,1199,2709
113,2026-09-25,16238,12.18,12.18,0.0,3.65,2.44,6.09,0.0,17,45,237,1141,2198
113,2026-09-26,15119,11.34,11.34,0.0,3.4,2.27,5.67,0.0,8,24,92,1316,1315
113,2026-09-27,18199,13.65,13.65,0.0,4.09,2.73,6.83,0.0,22,26,77,1315,1066
113,2026-09-28,7322,5.49,5.49,0.0,1.65,1.1,2.75,0.0,18,1,205,1216,2120
113,2026-09-29,12639,9.48,9.48,0.0,2.84,1.9,4.74,0.0,5,25,152,1258,1113
113,2026-09-30,18583,13.94,13.94,0.0,4.18,2.79,6.97,0.0,49,30,86,1275,1627
113,2026-10-01,16167,12.13,12.13,0.0,3.64,2.43,6.07,0.0,23,8,198,1211,2850
113,2026-10-02,3741,2.81,2.81,0.0,0.84,0.56,1.41,0.0,45,2,182,1211,1239
113,2026-10-03,7635,5.73,5.73,0.0,1.72,1.15,2.87,0.0,28,25,193,1194,3166
113,2026-10-04,11369,8.53,8.53,0.0,2.56,1.71,4.26,0.0,56,32,170,1182,2181
114,2026-08-16,8319,6.24,6.24,0.0,1.87,1.25,3.12,0.0,21,11,196,1212,1777
114,2026-08-17,17702,13.28,13.28,0.0,3.98,2.66,6.64,0.0,46,17,126,1251,1711
114,2026-08-18,9758,7.32,7.32,0.0,2.2,1.46,3.66,0.0,57,32,109,1242,2185
114,2026-08-19,11283,8.46,8.46,0.0,2.54,1.69,4.23,0.0,40,29,137,1234,2496
114,2026-08-20,14018,10.51,10.51,0.0,3.15,2.1,5.25,0.0,19,11,230,1180,2060
114,2026-08-21,1538,1.15,1.15,0.0,0.34,0.23,0.57,0.0,53,45,167,1175,3105
114,2026-08-22,8180,6.13,6.13,0.0,1.84,1.23,3.06,0.0,33,35,129,1243,1031
114,2026-08-23,17215,12.91,12.91,0.0,3.87,2.58,6.46,0.0,20,22,93,1305,2365
114,2026-08-23,17215,12.91,12.91,0.0,3.87,2.58,6.46,0.0,20,22,93,1305,2365
114,2026-08-24,13036,9.78,9.78,0.0,2.93,1.96,4.89,0.0,12,27,166,1235,1454
114,2026-08-25,14555,10.92,10.92,0.0,3.28,2.18,5.46,0.0,27,19,61,1333,2774
114,2026-08-26,17244,12.93,12.93,0.0,3.88,2.59,6.46,0.0,13,40,142,1245,3147
114,2026-08-27,11754,8.82,8.82,0.0,2.65,1.76,4.41,0.0,34,19,67,1320,2100
114,2026-08-28,12357,9.27,9.27,0.0,2.78,1.85,4.63,0.0,53,30,129,1228,1519
114,2026-08-29,13571,10.18,10.18,0.0,3.05,2.04,5.09,0.0,0,26,197,1217,2704
114,2026-08-30,3849,2.89,2.89,0.0,0.87,0.58,1.45,0.0,35,34,204,1167,3155
114,2026-08-31,19182,14.39,14.39,0.0,4.32,2.88,7.2,0.0,60,4,162,1214,2618
114,2026-09-01,16143,12.11,12.11,0.0,3.63,2.42,6.05,0.0,0,20,164,1256,1489
114,2026-09-02,4807,3.61,3.61,0.0,1.08,0.72,1.8,0.0,6,20,173,1241,3116
114,2026-09-03,11102,8.33,8.33,0.0,2.5,1.67,4.17,0.0,8,5,152,1275,2241
114,2026-09-04,19063,14.3,14.3,0.0,4.29,2.86,7.15,0.0,40,24,161,1215,1509
114,2026-09-05,19206,14.4,14.4,0.0,4.32,2.88,7.2,0.0,3,41,66,1330,2385
114,2026-09-06,17750,13.31,13.31,0.0,3.99,2.66,6.66,0.0,16,40,161,1223,2111
114,2026-09-07,2229,1.67,1.67,0.0,0.5,0.33,0.83,0.0,20,40,107,1273,3045
114,2026-09-08,1288,0.97,0.97,0.0,0.29,0.19,0.48,0.0,20,37,227,1156,1624
114,2026-09-09,5267,3.95,3.95,0.0,1.19,0.79,1.98,0.0,44,1,66,1329,2813
114,2026-09-10,17504,13.13,13.13,0.0,3.94,2.63,6.57,0.0,13,5,247,1175,1377
114,2026-09-11,11751,8.81,8.81,0.0,2.64,1.76,4.41,0.0,49,11,202,1178,2280
114,2026-09-12,8079,6.06,6.06,0.0,1.82,1.21,3.03,0.0,44,43,158,1195,2034
114,2026-09-13,10692,8.02,8.02,0.0,2.41,1.6,4.01,0.0,40,27,238,1135,3090
114,2026-09-14,19241,14.43,14.43,0.0,4.33,2.89,7.21,0.0,10,19,68,1343,2790
114,2026-09-15,3453,2.59,2.59,0.0,0.78,0.52,1.29,0.0,57,3,179,1201,2240
114,2026-09-16,11775,8.83,8.83,0.0,2.65,1.77,4.42,0.0,20,4,225,1191,1306
114,2026-09-17,4906,3.68,3.68,0.0,1.1,0.74,1.84,0.0,56,6,93,1285,1855
114,2026-09-18,4733,3.55,3.55,0.0,1.06,0.71,1.77,0.0,34,35,201,1170,1644
114,2026-09-19,13962,10.47,10.47,0.0,3.14,2.09,5.24,0.0,3,35,237,1165,1357
114,2026-09-20,13484,10.11,10.11,0.0,3.03,2.02,5.05,0.0,5,4,62,1369,1679
114,2026-09-21,15708,11.78,11.78,0.0,3.53,2.36,5.89,0.0,15,33,105,1287,1132
114,2026-09-22,5914,4.44,4.44,0.0,1.33,0.89,2.22,0.0,47,20,136,1237,2645
114,2026-09-23,4045,3.03,3.03,0.0,0.91,0.61,1.51,0.0,53,35,98,1254,2513
114,2026-09-24,8778,6.58,6.58,0.0,1.97,1.32,3.29,0.0,18,11,163,1248,1913
114,2026-09-25,15692,11.77,11.77,0.0,3.53,2.35,5.88,0.0,41,13,153,1233,1478
114,2026-09-26,16841,12.63,12.63,0.0,3.79,2.53,6.32,0.0,10,36,186,1208,2049
114,2026-09-27,17292,12.97,12.97,0.0,3.89,2.59,6.49,0.0,14,13,228,1185,1923
114,2026-09-28,3267,2.45,2.45,0.0,0.73,0.49,1.23,0.0,41,39,226,1134,2713
114,2026-09-29,9621,7.22,7.22,0.0,2.17,1.44,3.61,0.0,42,35,163,1200,1324
114,2026-09-30,9400,7.05,7.05,0.0,2.11,1.41,3.52,0.0,2,23,202,1213,3084
114,2026-10-01,9894,7.42,7.42,0.0,2.23,1.48,3.71,0.0,33,27,79,1301,1618
114,2026-10-02,6200,4.65,4.65,0.0,1.4,0.93,2.33,0.0,11,4,110,1315,3152
114,2026-10-03,5940,4.46,4.46,0.0,1.34,0.89,2.23,0.0,53,31,91,1265,1055
114,2026-10-04,16305,12.23,12.23,0.0,3.67,2.45,6.12,0.0,9,41,172,1218,2871
115,2026-08-16,2204,1.65,1.65,0.0,0.49,0.33,0.82,0.0,34,28,207,1171,1490
115,2026-08-17,18437,13.83,13.83,0.0,4.15,2.77,6.92,0.0,1,12,147,1280,2273
115,2026-08-18,4018,3.01,3.01,0.0,0.9,0.6,1.5,0.0,38,29,61,1312,1362
115,2026-08-19,8312,6.23,6.23,0.0,1.87,1.25,3.12,0.0,50,37,204,1149,2807
115,2026-08-20,18177,13.63,13.63,0.0,4.09,2.73,6.82,0.0,0,39,74,1327,2184
115,2026-08-21,6026,4.52,4.52,0.0,1.36,0.9,2.26,0.0,48,44,170,1178,2588
115,2026-08-22,3958,2.97,2.97,0.0,0.89,0.59,1.49,0.0,47,2,124,1267,2635
115,2026-08-23,11072,8.3,8.3,0.0,2.49,1.66,4.15,0.0,60,7,93,1280,1812
115,2026-08-24,2545,1.91,1.91,0.0,0.57,0.38,0.95,0.0,21,29,175,1215,1704
115,2026-08-25,2979,2.23,2.23,0.0,0.67,0.45,1.11,0.0,10,5,215,1210,2466
115,2026-08-26,7661,5.75,5.75,0.0,1.72,1.15,2.88,0.0,56,40,125,1219,2021
115,2026-08-27,11221,8.42,8.42,0.0,2.53,1.68,4.21,0.0,21,32,179,1208,1567
115,2026-08-28,5446,4.08,4.08,0.0,1.22,0.82,2.04,0.0,37,8,168,1227,1992
115,2026-08-29,6182,4.64,4.64,0.0,1.39,0.93,2.32,0.0,43,32,250,1115,3188
115,2026-08-30,17136,12.85,12.85,0.0,3.85,2.57,6.42,0.0,53,24,195,1168,2569
115,2026-08-31,13325,9.99,9.99,0.0,3.0,2.0,5.0,0.0,53,22,220,1145,2554
115,2026-09-01,7241,5.43,5.43,0.0,1.63,1.09,2.71,0.0,55,36,60,1289,1042
115,2026-09-02,2769,2.08,2.08,0.0,0.62,0.42,1.04,0.0,47,3,138,1252,1527
115,2026-09-03,3304,2.48,2.48,0.0,0.74,0.5,1.24,0.0,45,32,154,1209,2969
115,2026-09-04,12586,9.44,9.44,0.0,2.83,1.89,4.72,0.0,23,32,157,1228,2106
115,2026-09-05,10733,8.05,8.05,0.0,2.42,1.61,4.03,0.0,19,38,115,1268,1567
115,2026-09-06,15944,11.96,11.96,0.0,3.59,2.39,5.98,0.0,54,28,101,1257,1511
115,2026-09-07,7983,5.99,5.99,0.0,1.8,1.2,3.0,0.0,51,41,186,1162,3047
115,2026-09-08,10132,7.6,7.6,0.0,2.28,1.52,3.8,0.0,56,36,108,1240,2026
115,2026-09-09,3943,2.96,2.96,0.0,0.89,0.59,1.48,0.0,15,18,159,1248,2283
115,2026-09-10,2257,1.69,1.69,0.0,0.51,0.34,0.84,0.0,39,16,88,1297,2402
115,2026-09-11,6311,4.73,4.73,0.0,1.42,0.95,2.37,0.0,11,18,189,1222,2034
115,2026-09-12,4065,3.05,3.05,0.0,0.91,0.61,1.52,0.0,2,11,69,1358,1991
115,2026-09-13,12977,9.73,9.73,0.0,2.92,1.95,4.87,0.0,38,38,171,1193,2859
115,2026-09-14,9956,7.47,7.47,0.0,2.24,1.49,3.73,0.0,39,1,233,1167,1446
115,2026-09-15,18832,14.12,14.12,0.0,4.24,2.82,7.06,0.0,24,18,69,1329,2716
115,2026-09-16,12058,9.04,9.04,0.0,2.71,1.81,4.52,0.0,51,10,153,1226,2475
115,2026-09-17,3281,2.46,2.46,0.0,0.74,0.49,1.23,0.0,44,33,150,1213,1607
115,2026-09-18,15891,11.92,11.92,0.0,3.58,2.38,5.96,0.0,32,12,116,1280,2292
115,2026-09-19,15246,11.43,11.43,0.0,3.43,2.29,5.71,0.0,57,28,177,1178,2118
115,2026-09-20,19960,14.97,14.97,0.0,4.49,2.99,7.49,0.0,40,29,141,1230,2468
115,2026-09-21,3836,2.88,2.88,0.0,0.86,0.58,1.44,0.0,33,13,123,1271,1341
115,2026-09-22,4905,3.68,3.68,0.0,1.1,0.74,1.84,0.0,57,3,127,1253,2526
115,2026-09-23,14613,10.96,10.96,0.0,3.29,2.19,5.48,0.0,40,9,78,1313,1983
115,2026-09-24,8890,6.67,6.67,0.0,2.0,1.33,3.33,0.0,49,11,103,1277,1523
115,2026-09-25,16562,12.42,12.42,0.0,3.73,2.48,6.21,0.0,38,37,216,1149,2785
115,2026-09-26,10663,8.0,8.0,0.0,2.4,1.6,4.0,0.0,59,11,204,1166,2671
115,2026-09-27,10313,7.73,7.73,0.0,2.32,1.55,3.87,0.0,43,26,102,1269,1261
115,2026-09-28,4256,3.19,3.19,0.0,0.96,0.64,1.59,0.0,13,21,207,1199,2004
115,2026-09-29,17617,13.21,13.21,0.0,3.96,2.64,6.61,0.0,0,28,217,1195,1808
115,2026-09-30,13714,10.29,10.29,0.0,3.09,2.06,5.14,0.0,6,39,248,1147,1933
115,2026-10-01,2608,1.96,1.96,0.0,0.59,0.39,0.98,0.0,6,36,73,1325,1092
115,2026-10-02,7845,5.88,5.88,0.0,1.76,1.18,2.94,0.0,12,28,101,1299,2249
115,2026-10-03,13762,10.32,10.32,0.0,3.1,2.06,5.16,0.0,8,36,182,1214,1927
115,2026-10-04,11323,8.49,8.49,0.0,2.55,1.7,4.25,0.0,47,5,150,1238,2335
116,2026-08-16,16828,12.62,12.62,0.0,3.79,2.52,6.31,0.0,25,0,85,1330,3062
116,2026-08-17,4478,3.36,3.36,0.0,1.01,0.67,1.68,0.0,18,30,218,1174,1175
116,2026-08-18,6252,4.69,4.69,0.0,1.41,0.94,2.35,0.0,24,37,162,1217,2996
116,2026-08-19,15518,11.64,11.64,0.0,3.49,2.33,5.82,0.0,43,33,85,1279,1669
116,2026-08-20,3212,2.41,2.41,0.0,0.72,0.48,1.21,0.0,50,21,196,1173,2499
116,2026-08-21,8529,6.4,6.4,0.0,1.92,1.28,3.2,0.0,44,17,193,1186,2560
116,2026-08-22,8750,6.56,6.56,0.0,1.97,1.31,3.28,0.0,6,0,68,1366,2376
116,2026-08-23,11222,8.42,8.42,0.0,2.53,1.68,4.21,0.0,13,36,241,1150,1266
116,2026-08-24,17836,13.38,13.38,0.0,4.01,2.68,6.69,0.0,28,30,123,1259,2479
116,2026-08-25,3477,2.61,2.61,0.0,0.78,0.52,1.3,0.0,21,41,249,1129,1731
116,2026-08-26,6301,4.73,4.73,0.0,1.42,0.95,2.37,0.0,39,15,179,1207,2772
116,2026-08-27,12228,9.17,9.17,0.0,2.75,1.83,4.58,0.0,7,21,119,1293,2164
116,2026-08-28,17137,12.85,12.85,0.0,3.85,2.57,6.42,0.0,40,34,186,1180,2697
116,2026-08-29,6903,5.18,5.18,0.0,1.55,1.04,2.59,0.0,32,3,230,1175,2473
116,2026-08-30,7630,5.72,5.72,0.0,1.72,1.14,2.86,0.0,29,7,70,1334,2837
116,2026-08-31,11966,8.97,8.97,0.0,2.69,1.79,4.49,0.0,14,14,143,1269,1051
116,2026-09-01,16254,12.19,12.19,0.0,3.66,2.44,6.09,0.0,45,11,151,1233,1130
116,2026-09-02,8947,6.71,6.71,0.0,2.01,1.34,3.35,0.0,52,40,112,1236,2776
116,2026-09-03,13293,9.97,9.97,0.0,2.99,1.99,4.99,0.0,53,21,233,1133,3064
116,2026-09-04,6740,5.05,5.05,0.0,1.51,1.01,2.52,0.0,8,8,236,1188,1122
116,2026-09-05,7321,5.49,5.49,0.0,1.65,1.1,2.75,0.0,43,4,65,1328,2569
116,2026-09-06,18186,13.64,13.64,0.0,4.09,2.73,6.82,0.0,20,10,167,1243,1293
116,2026-09-07,9753,7.31,7.31,0.0,2.19,1.46,3.65,0.0,44,18,122,1256,1282
116,2026-09-08,2795,2.1,2.1,0.0,0.63,0.42,1.05,0.0,6,22,248,1164,1092
116,2026-09-09,16252,12.19,12.19,0.0,3.66,2.44,6.09,0.0,48,11,245,1136,1487
116,2026-09-10,5167,3.88,3.88,0.0,1.16,0.78,1.94,0.0,42,20,117,1261,2473
116,2026-09-11,1678,1.26,1.26,0.0,0.38,0.25,0.63,0.0,25,29,151,1235,2486
116,2026-09-12,3024,2.27,2.27,0.0,0.68,0.45,1.14,0.0,42,9,223,1166,2584
116,2026-09-13,13416,10.06,10.06,0.0,3.02,2.01,5.03,0.0,5,3,145,1287,1205
116,2026-09-14,11973,8.98,8.98,0.0,2.69,1.8,4.49,0.0,3,12,148,1277,2925
116,2026-09-15,3606,2.7,2.7,0.0,0.81,0.54,1.35,0.0,49,25,189,1177,2857
116,2026-09-16,3864,2.9,2.9,0.0,0.87,0.58,1.45,0.0,59,32,209,1140,1172
116,2026-09-17,7464,5.6,5.6,0.0,1.68,1.12,2.8,0.0,12,39,106,1283,1083
116,2026-09-18,4897,3.67,3.67,0.0,1.1,0.73,1.83,0.0,29,23,171,1217,1863
116,2026-09-19,11071,8.3,8.3,0.0,2.49,1.66,4.15,0.0,9,30,138,1263,1959
116,2026-09-20,8574,6.43,6.43,0.0,1.93,1.29,3.21,0.0,39,22,128,1251,2924
116,2026-09-21,5606,4.2,4.2,0.0,1.26,0.84,2.1,0.0,16,11,213,1200,1935
116,2026-09-22,3018,2.26,2.26,0.0,0.68,0.45,1.13,0.0,20,5,142,1273,3081
116,2026-09-23,10633,7.97,7.97,0.0,2.39,1.59,3.98,0.0,43,28,159,1210,3133
116,2026-09-24,11171,8.38,8.38,0.0,2.51,1.68,4.19,0.0,60,34,108,1238,1849
116,2026-09-25,10175,7.63,7.63,0.0,2.29,1.53,3.81,0.0,25,35,209,1171,2947
116,2026-09-26,12234,9.18,9.18,0.0,2.75,1.84,4.59,0.0,32,38,65,1305,2176
116,2026-09-27,13087,9.82,9.82,0.0,2.95,1.96,4.91,0.0,27,37,244,1132,1087
116,2026-09-28,18325,13.74,13.74,0.0,4.12,2.75,6.87,0.0,8,27,172,1233,1362
116,2026-09-29,3197,2.4,2.4,0.0,0.72,0.48,1.2,0.0,53,22,104,1261,2930
116,2026-09-30,17529,13.15,13.15,0.0,3.94,2.63,6.58,0.0,51,43,195,1151,1817
116,2026-10-01,3327,2.5,2.5,0.0,0.75,0.5,1.25,0.0,5,21,167,1247,2556
116,2026-10-02,14823,11.12,11.12,0.0,3.34,2.22,5.56,0.0,31,10,146,1253,1959
116,2026-10-03,4962,3.72,3.72,0.0,1.12,0.74,1.86,0.0,13,36,199,1192,1939
116,2026-10-04,1167,0.88,0.88,0.0,0.26,0.18,0.44,0.0,21,12,162,1245,1120
117,2026-08-16,6013,4.51,4.51,0.0,1.35,0.9,2.25,0.0,27,12,78,1323,1472
117,2026-08-17,9852,7.39,7.39,0.0,2.22,1.48,3.69,0.0,31,9,205,1195,2037
117,2026-08-18,17152,12.86,12.86,0.0,3.86,2.57,6.43,0.0,27,45,106,1262,1429
117,2026-08-19,18472,13.85,13.85,0.0,4.15,2.77,6.92,0.0,35,27,205,1173,1069
117,2026-08-20,18212,13.66,13.66,0.0,4.1,2.73,6.83,0.0,58,35,200,1147,2596
117,2026-08-21,8092,6.07,6.07,0.0,1.82,1.21,3.04,0.0,16,31,234,1159,1603
117,2026-08-22,9446,7.08,7.08,0.0,2.12,1.42,3.54,0.0,43,19,220,1158,1647
117,2026-08-23,16430,12.32,12.32,0.0,3.7,2.46,6.16,0.0,20,21,203,1196,1597
117,2026-08-24,6977,5.23,5.23,0.0,1.57,1.05,2.62,0.0,30,22,215,1173,2620
117,2026-08-25,9066,6.8,6.8,0.0,2.04,1.36,3.4,0.0,53,25,154,1208,1941
117,2026-08-26,10641,7.98,7.98,0.0,2.39,1.6,3.99,0.0,55,18,88,1279,2514
117,2026-08-27,16774,12.58,12.58,0.0,3.77,2.52,6.29,0.0,18,43,111,1268,2923
117,2026-08-27,16774,12.58,12.58,0.0,3.77,2.52,6.29,0.0,18,43,111,1268,2923
117,2026-08-28,1214,0.91,0.91,0.0,0.27,0.18,0.46,0.0,57,36,210,1137,3013
117,2026-08-29,17358,13.02,13.02,0.0,3.91,2.6,6.51,0.0,56,1,142,1241,2717
117,2026-08-30,1621,1.22,1.22,0.0,0.37,0.24,0.61,0.0,36,43,147,1214,1800
117,2026-08-31,8897,6.67,6.67,0.0,2.0,1.33,3.33,0.0,57,31,180,1172,1327
117,2026-09-01,8217,6.16,6.16,0.0,1.85,1.23,3.08,0.0,38,16,148,1238,2167
117,2026-09-02,9238,6.93,6.93,0.0,2.08,1.39,3.46,0.0,45,33,75,1287,1146
117,2026-09-03,5621,4.22,4.22,0.0,1.27,0.84,2.11,0.0,51,7,61,1321,3004
117,2026-09-04,17991,13.49,13.49,0.0,4.05,2.7,6.75,0.0,8,11,160,1261,2116
117,2026-09-05,2246,1.68,1.68,0.0,0.5,0.34,0.84,0.0,8,36,190,1206,2478
117,2026-09-06,6883,5.16,5.16,0.0,1.55,1.03,2.58,0.0,36,17,65,1322,2693
117,2026-09-07,11300,8.47,8.47,0.0,2.54,1.69,4.24,0.0,35,36,212,1157,1171
117,2026-09-08,6973,5.23,5.23,0.0,1.57,1.05,2.62,0.0,21,28,221,1170,1386
117,2026-09-09,11472,8.6,8.6,0.0,2.58,1.72,4.3,0.0,27,12,187,1214,2048
117,2026-09-10,18142,13.61,13.61,0.0,4.08,2.72,6.8,0.0,26,17,128,1269,1758
117,2026-09-11,13141,9.86,9.86,0.0,2.96,1.97,4.93,0.0,33,41,219,1147,1395
117,2026-09-12,3800,2.85,2.85,0.0,0.85,0.57,1.43,0.0,17,15,210,1198,2666
117,2026-09-13,8747,6.56,6.56,0.0,1.97,1.31,3.28,0.0,7,35,68,1330,3052
117,2026-09-14,8851,6.64,6.64,0.0,1.99,1.33,3.32,0.0,3,24,66,1347,3081
117,2026-09-15,18208,13.66,13.66,0.0,4.1,2.73,6.83,0.0,40,30,127,1243,1793
117,2026-09-16,14043,10.53,10.53,0.0,3.16,2.11,5.26,0.0,24,29,183,1204,1005
117,2026-09-17,14110,10.58,10.58,0.0,3.17,2.12,5.29,0.0,16,41,158,1225,3174
117,2026-09-18,13861,10.4,10.4,0.0,3.12,2.08,5.2,0.0,9,3,237,1191,1184
117,2026-09-19,13774,10.33,10.33,0.0,3.1,2.07,5.17,0.0,36,40,241,1123,2854
117,2026-09-20,12430,9.32,9.32,0.0,2.8,1.86,4.66,0.0,9,36,163,1232,1112
117,2026-09-21,11890,8.92,8.92,0.0,2.68,1.78,4.46,0.0,54,24,142,1220,2486
117,2026-09-22,5117,3.84,3.84,0.0,1.15,0.77,1.92,0.0,9,1,107,1323,1209
117,2026-09-23,12586,9.44,9.44,0.0,2.83,1.89,4.72,0.0,21,22,90,1307,3152
117,2026-09-24,11791,8.84,8.84,0.0,2.65,1.77,4.42,0.0,56,24,97,1263,2072
117,2026-09-25,17667,13.25,13.25,0.0,3.97,2.65,6.62,0.0,21,28,152,1239,1367
117,2026-09-26,2844,2.13,2.13,0.0,0.64,0.43,1.06,0.0,14,13,203,1210,1102
117,2026-09-27,15218,11.41,11.41,0.0,3.42,2.28,5.71,0.0,17,12,236,1175,2659
117,2026-09-28,19604,14.7,14.7,0.0,4.41,2.94,7.35,0.0,60,23,103,1254,2723
117,2026-09-29,1386,1.04,1.04,0.0,0.31,0.21,0.52,0.0,15,41,73,1311,1625
117,2026-09-30,8981,6.74,6.74,0.0,2.02,1.35,3.37,0.0,39,34,207,1160,2377
117,2026-10-01,18042,13.53,13.53,0.0,4.06,2.71,6.76,0.0,14,31,157,1238,1856
117,2026-10-02,1606,1.2,1.2,0.0,0.36,0.24,0.6,0.0,29,9,119,1283,2629
117,2026-10-03,13710,10.28,10.28,0.0,3.08,2.06,5.14,0.0,5,4,233,1198,2719
117,2026-10-04,19137,14.35,14.35,0.0,4.3,2.87,7.17,0.0,12,11,239,1178,2006
118,2026-08-16,15887,11.92,11.92,0.0,3.58,2.38,5.96,0.0,5,12,209,1214,1192
118,2026-08-17,15392,11.54,11.54,0.0,3.46,2.31,5.77,0.0,2,17,150,1271,3137
118,2026-08-18,11607,8.71,8.71,0.0,2.61,1.74,4.36,0.0,39,38,119,1244,3098
118,2026-08-19,16896,12.67,12.67,0.0,3.8,2.53,6.33,0.0,60,29,212,1139,1602
118,2026-08-20,4516,3.39,3.39,0.0,1.02,0.68,1.7,0.0,2,22,122,1294,2737
118,2026-08-21,19370,14.53,14.53,0.0,4.36,2.91,7.26,0.0,17,44,207,1172,2073
118,2026-08-22,4988,3.74,3.74,0.0,1.12,0.75,1.87,0.0,34,45,201,1160,3183
118,2026-08-23,18088,13.57,13.57,0.0,4.07,2.71,6.79,0.0,40,24,170,1206,2706
118,2026-08-24,9198,6.9,6.9,0.0,2.07,1.38,3.45,0.0,24,19,60,1337,1695
118,2026-08-25,4029,3.02,3.02,0.0,0.91,0.6,1.51,0.0,12,39,238,1151,2325
118,2026-08-26,8940,6.71,6.71,0.0,2.01,1.34,3.35,0.0,51,34,241,1114,3185
118,2026-08-27,16389,12.29,12.29,0.0,3.69,2.46,6.14,0.0,40,10,223,1167,1053
118,2026-08-28,19398,14.55,14.55,0.0,4.37,2.91,7.28,0.0,3,26,198,1213,1012
118,2026-08-29,9843,7.38,7.38,0.0,2.21,1.48,3.69,0.0,14,32,180,1214,3073
118,2026-08-30,3719,2.79,2.79,0.0,0.84,0.56,1.4,0.0,12,29,138,1261,1826
118,2026-08-31,5568,4.18,4.18,0.0,1.25,0.84,2.09,0.0,41,17,158,1224,2878
118,2026-09-01,6490,4.87,4.87,0.0,1.46,0.97,2.44,0.0,26,26,92,1296,1645
118,2026-09-02,14058,10.54,10.54,0.0,3.16,2.11,5.27,0.0,53,31,99,1257,1143
118,2026-09-03,3165,2.37,2.37,0.0,0.71,0.47,1.19,0.0,49,26,61,1304,1928
118,2026-09-04,11997,9.0,9.0,0.0,2.7,1.8,4.5,0.0,22,24,167,1227,2417
118,2026-09-05,3354,2.52,2.52,0.0,0.76,0.5,1.26,0.0,25,15,68,1332,1785
118,2026-09-06,2011,1.51,1.51,0.0,0.45,0.3,0.76,0.0,26,7,187,1220,1065
118,2026-09-07,18472,13.85,13.85,0.0,4.15,2.77,6.92,0.0,24,15,171,1230,2368
118,2026-09-08,19217,14.41,14.41,0.0,4.32,2.88,7.21,0.0,6,15,242,1177,1483
118,2026-09-09,1295,0.97,0.97,0.0,0.29,0.19,0.48,0.0,43,12,209,1176,1941
118,2026-09-10,3911,2.93,2.93,0.0,0.88,0.59,1.47,0.0,35,19,167,1219,1233
118,2026-09-11,8340,6.25,6.25,0.0,1.88,1.25,3.12,0.0,55,38,198,1149,2269
118,2026-09-12,19840,14.88,14.88,0.0,4.46,2.98,7.44,0.0,43,27,124,1246,2567
118,2026-09-13,3404,2.55,2.55,0.0,0.76,0.51,1.27,0.0,29,1,190,1220,2971
118,2026-09-14,9869,7.4,7.4,0.0,2.22,1.48,3.7,0.0,8,34,186,1212,2956
118,2026-09-15,8679,6.51,6.51,0.0,1.95,1.3,3.25,0.0,9,7,222,1202,1063
118,2026-09-16,18444,13.83,13.83,0.0,4.15,2.77,6.92,0.0,57,29,95,1259,1019
118,2026-09-17,3187,2.39,2.39,0.0,0.72,0.48,1.2,0.0,53,20,147,1220,1150
118,2026-09-18,11056,8.29,8.29,0.0,2.49,1.66,4.14,0.0,14,16,70,1340,2437
118,2026-09-19,3956,2.97,2.97,0.0,0.89,0.59,1.49,0.0,60,10,83,1287,2277
118,2026-09-20,6204,4.65,4.65,0.0,1.4,0.93,2.33,0.0,60,44,137,1199,2444
118,2026-09-21,13445,10.08,10.08,0.0,3.02,2.02,5.04,0.0,58,11,200,1171,2719
118,2026-09-22,12110,9.08,9.08,0.0,2.72,1.82,4.54,0.0,54,22,146,1218,3154
118,2026-09-23,13306,9.98,9.98,0.0,2.99,2.0,4.99,0.0,26,34,243,1137,1407
118,2026-09-24,4762,3.57,3.57,0.0,1.07,0.71,1.78,0.0,56,32,144,1208,3172
118,2026-09-25,5776,4.33,4.33,0.0,1.3,0.87,2.17,0.0,10,10,184,1236,1522
118,2026-09-26,3338,2.5,2.5,0.0,0.75,0.5,1.25,0.0,4,1,173,1262,1493
118,2026-09-27,1157,0.87,0.87,0.0,0.26,0.17,0.43,0.0,45,44,216,1135,3027
118,2026-09-28,8556,6.42,6.42,0.0,1.93,1.28,3.21,0.0,25,25,182,1208,1995
118,2026-09-29,5812,4.36,4.36,0.0,1.31,0.87,2.18,0.0,13,15,181,1231,1556
118,2026-09-30,12803,9.6,9.6,0.0,2.88,1.92,4.8,0.0,9,19,241,1171,1261
118,2026-10-01,18975,14.23,14.23,0.0,4.27,2.85,7.12,0.0,5,30,222,1183,2776
118,2026-10-02,19840,14.88,14.88,0.0,4.46,2.98,7.44,0.0,45,18,180,1197,3110
118,2026-10-03,18648,13.99,13.99,0.0,4.2,2.8,7.0,0.0,7,26,227,1180,1633
118,2026-10-04,4922,3.69,3.69,0.0,1.11,0.74,1.84,0.0,48,32,112,1248,1822
119,2026-08-16,18746,14.06,14.06,0.0,4.22,2.81,7.03,0.0,19,34,106,1281,2048
119,2026-08-17,4883,3.66,3.66,0.0,1.1,0.73,1.83,0.0,60,5,147,1228,2078
119,2026-08-17,4883,3.66,3.66,0.0,1.1,0.73,1.83,0.0,60,5,147,1228,2078
119,2026-08-18,18876,14.16,14.16,0.0,4.25,2.83,7.08,0.0,1,5,191,1243,1791
119,2026-08-19,9289,6.97,6.97,0.0,2.09,1.39,3.48,0.0,14,17,183,1226,2170
119,2026-08-20,1044,0.78,0.78,0.0,0.23,0.16,0.39,0.0,5,31,228,1176,1691
119,2026-08-21,12991,9.74,9.74,0.0,2.92,1.95,4.87,0.0,12,34,76,1318,2129
119,2026-08-22,16004,12.0,12.0,0.0,3.6,2.4,6.0,0.0,15,4,69,1352,2396
119,2026-08-23,3873,2.9,2.9,0.0,0.87,0.58,1.45,0.0,15,15,82,1328,1763
119,2026-08-24,8978,6.73,6.73,0.0,2.02,1.35,3.37,0.0,56,44,119,1221,2889
119,2026-08-25,8701,6.53,6.53,0.0,1.96,1.31,3.27,0.0,25,34,77,1304,3194
119,2026-08-26,13293,9.97,9.97,0.0,2.99,1.99,4.99,0.0,47,42,156,1195,1075
119,2026-08-27,15608,11.71,11.71,0.0,3.51,2.34,5.86,0.0,9,10,203,1218,1461
119,2026-08-28,13389,10.04,10.04,0.0,3.01,2.01,5.02,0.0,32,28,110,1270,1356
119,2026-08-29,1092,0.82,0.82,0.0,0.25,0.16,0.41,0.0,41,34,147,1218,1929
119,2026-08-30,1482,1.11,1.11,0.0,0.33,0.22,0.56,0.0,4,29,66,1341,1774
119,2026-08-31,1685,1.26,1.26,0.0,0.38,0.25,0.63,0.0,30,2,174,1234,1563
119,2026-09-01,19617,14.71,14.71,0.0,4.41,2.94,7.36,0.0,36,17,218,1169,3019
119,2026-09-02,18454,13.84,13.84,0.0,4.15,2.77,6.92,0.0,28,31,245,1136,2883
119,2026-09-03,10540,7.91,7.91,0.0,2.37,1.58,3.96,0.0,18,10,171,1241,2398
119,2026-09-04,5716,4.29,4.29,0.0,1.29,0.86,2.15,0.0,40,40,152,1208,1959
119,2026-09-05,5869,4.4,4.4,0.0,1.32,0.88,2.2,0.0,4,45,91,1300,2711
119,2026-09-06,2406,1.8,1.8,0.0,0.54,0.36,0.9,0.0,37,0,236,1167,2667
119,2026-09-07,5071,3.8,3.8,0.0,1.14,0.76,1.9,0.0,23,13,244,1160,2050
119,2026-09-08,11017,8.26,8.26,0.0,2.48,1.65,4.13,0.0,45,21,81,1293,1548
119,2026-09-09,13365,10.02,10.02,0.0,3.01,2.0,5.01,0.0,39,17,146,1238,2179
119,2026-09-10,12255,9.19,9.19,0.0,2.76,1.84,4.59,0.0,26,35,157,1222,2417
119,2026-09-11,15172,11.38,11.38,0.0,3.41,2.28,5.69,0.0,25,11,226,1178,2408
119,2026-09-12,2573,1.93,1.93,0.0,0.58,0.39,0.96,0.0,8,25,101,1306,1317
119,2026-09-13,8025,6.02,6.02,0.0,1.81,1.2,3.01,0.0,35,17,175,1213,3133
119,2026-09-14,12734,9.55,9.55,0.0,2.87,1.91,4.78,0.0,58,4,99,1279,1564
119,2026-09-15,17668,13.25,13.25,0.0,3.97,2.65,6.62,0.0,42,23,132,1243,2759
119,2026-09-16,2852,2.14,2.14,0.0,0.64,0.43,1.07,0.0,48,34,173,1185,2107
119,2026-09-17,3065,2.3,2.3,0.0,0.69,0.46,1.15,0.0,27,29,91,1293,2074
119,2026-09-18,18840,14.13,14.13,0.0,4.24,2.83,7.07,0.0,31,45,133,1231,2650
119,2026-09-19,7245,5.43,5.43,0.0,1.63,1.09,2.71,0.0,58,29,88,1265,2140
119,2026-09-20,4217,3.16,3.16,0.0,0.95,0.63,1.58,0.0,53,35,226,1126,2856
119,2026-09-21,18797,14.1,14.1,0.0,4.23,2.82,7.05,0.0,14,9,181,1236,2154
119,2026-09-22,15351,11.51,11.51,0.0,3.45,2.3,5.75,0.0,15,11,203,1211,2386
119,2026-09-23,1097,0.82,0.82,0.0,0.25,0.16,0.41,0.0,56,0,92,1292,1030
119,2026-09-24,18424,13.82,13.82,0.0,4.15,2.76,6.91,0.0,58,44,97,1241,3054
119,2026-09-25,6336,4.75,4.75,0.0,1.43,0.95,2.38,0.0,21,42,145,1232,1603
119,2026-09-26,3199,2.4,2.4,0.0,0.72,0.48,1.2,0.0,59,22,211,1148,3077
119,2026-09-27,6091,4.57,4.57,0.0,1.37,0.91,2.29,0.0,35,15,235,1155,2016
119,2026-09-28,7414,5.56,5.56,0.0,1.67,1.11,2.78,0.0,24,32,180,1204,2801
119,2026-09-29,18680,14.01,14.01,0.0,4.2,2.8,7.0,0.0,6,19,168,1247,2225
119,2026-09-30,1336,1.0,1.0,0.0,0.3,0.2,0.5,0.0,16,27,248,1149,1167
119,2026-10-01,11566,8.67,8.67,0.0,2.6,1.73,4.33,0.0,50,34,85,1271,2887
119,2026-10-02,4792,3.59,3.59,0.0,1.08,0.72,1.79,0.0,21,5,204,1210,1960
119,2026-10-03,5670,4.25,4.25,0.0,1.27,0.85,2.12,0.0,18,14,113,1295,3052
119,2026-10-04,6710,5.03,5.03,0.0,1.51,1.01,2.52,0.0,33,17,103,1287,2986
120,2026-08-16,1779,1.33,1.33,0.0,0.4,0.27,0.67,0.0,53,5,205,1177,1579
120,2026-08-17,17293,12.97,12.97,0.0,3.89,2.59,6.49,0.0,37,19,124,1260,1631
120,2026-08-18,4013,3.01,3.01,0.0,0.9,0.6,1.5,0.0,39,12,69,1320,1120
120,2026-08-19,9680,7.26,7.26,0.0,2.18,1.45,3.63,0.0,2,44,236,1158,2353
120,2026-08-20,5296,3.97,3.97,0.0,1.19,0.79,1.99,0.0,43,43,94,1260,1265
120,2026-08-21,2099,1.57,1.57,0.0,0.47,0.31,0.79,0.0,8,31,104,1297,-100
120,2026-08-22,4197,3.15,3.15,0.0,0.94,0.63,1.57,0.0,23,21,197,1199,1040
120,2026-08-23,9805,7.35,7.35,0.0,2.2,1.47,3.67,0.0,0,21,218,1201,3008
120,2026-08-24,4282,3.21,3.21,0.0,0.96,0.64,1.6,0.0,7,31,242,1160,1318
120,2026-08-25,13645,10.23,10.23,0.0,3.07,2.05,5.12,0.0,1,4,220,1215,2750
120,2026-08-26,17115,12.84,12.84,0.0,3.85,2.57,6.42,0.0,55,17,85,1283,2060
120,2026-08-27,11118,8.34,8.34,0.0,2.5,1.67,4.17,0.0,54,38,95,1253,2825
120,2026-08-28,5844,4.38,4.38,0.0,1.31,0.88,2.19,0.0,48,28,199,1165,2038
120,2026-08-29,17189,12.89,12.89,0.0,3.87,2.58,6.45,0.0,19,16,221,1184,2810
120,2026-08-30,9824,7.37,7.37,0.0,2.21,1.47,3.69,0.0,14,39,67,1320,1061
120,2026-08-31,4651,3.49,3.49,0.0,1.05,0.7,1.75,0.0,28,33,116,1263,2693
120,2026-09-01,4374,3.28,3.28,0.0,0.98,0.66,1.64,0.0,40,17,177,1206,2295
120,2026-09-01,4374,3.28,3.28,0.0,0.98,0.66,1.64,0.0,40,17,177,1206,2295
120,2026-09-02,2803,2.1,2.1,0.0,0.63,0.42,1.05,0.0,38,16,231,1155,2742
120,2026-09-03,9310,6.98,6.98,0.0,2.09,1.4,3.49,0.0,50,44,165,1181,1797
120,2026-09-03,9310,6.98,6.98,0.0,2.09,1.4,3.49,0.0,50,44,165,1181,1797
120,2026-09-04,14156,10.62,10.62,0.0,3.19,2.12,5.31,0.0,45,13,101,1281,2944
120,2026-09-05,4443,3.33,3.33,0.0,1.0,0.67,1.67,0.0,24,17,230,1169,2383
120,2026-09-06,2728,2.05,2.05,0.0,0.61,0.41,1.02,0.0,11,35,92,1302,3002
120,2026-09-07,11254,8.44,8.44,0.0,2.53,1.69,4.22,0.0,19,20,79,1322,1115
120,2026-09-08,9529,7.15,7.15,0.0,2.15,1.43,3.58,0.0,56,20,91,1273,1052
120,2026-09-09,12348,9.26,9.26,0.0,2.78,1.85,4.63,0.0,17,33,163,1227,1894
120,2026-09-10,4004,3.0,3.0,0.0,0.9,0.6,1.5,0.0,1,15,233,1191,2727
120,2026-09-11,10534,7.9,7.9,0.0,2.37,1.58,3.95,0.0,51,34,171,1184,1046
120,2026-09-12,19565,14.67,14.67,0.0,4.4,2.93,7.33,0.0,24,1,122,1293,3067
120,2026-09-13,7987,5.99,5.99,0.0,1.8,1.2,3.0,0.0,12,45,166,1217,1560
120,2026-09-14,1811,1.36,1.36,0.0,0.41,0.27,0.68,0.0,38,34,141,1227,3002
120,2026-09-15,9916,7.44,7.44,0.0,2.23,1.49,3.72,0.0,4,25,76,1335,2847
120,2026-09-16,16538,12.4,12.4,0.0,3.72,2.48,6.2,0.0,18,26,104,1292,2843
120,2026-09-17,11019,8.26,8.26,0.0,2.48,1.65,4.13,0.0,44,16,92,1288,2265
120,2026-09-18,5651,4.24,4.24,0.0,1.27,0.85,2.12,0.0,9,23,162,1246,2695
120,2026-09-19,18044,13.53,13.53,0.0,4.06,2.71,6.76,0.0,15,11,114,1300,2584
120,2026-09-20,6317,4.74,4.74,0.0,1.42,0.95,2.37,0.0,27,3,132,1278,1267
120,2026-09-21,3383,2.54,2.54,0.0,0.76,0.51,1.27,0.0,16,32,70,1322,1748
120,2026-09-22,17635,13.23,13.23,0.0,3.97,2.65,6.62,0.0,26,30,214,1170,1835
120,2026-09-23,11649,8.74,8.74,0.0,2.62,1.75,4.37,0.0,40,16,124,1260,2441
120,2026-09-24,19413,14.56,14.56,0.0,4.37,2.91,7.28,0.0,49,43,64,1284,1245
120,2026-09-25,4974,3.73,3.73,0.0,1.12,0.75,1.86,0.0,27,25,242,1146,2018
120,2026-09-26,6673,5.0,5.0,0.0,1.5,1.0,2.5,0.0,44,24,222,1150,2266
120,2026-09-27,12990,9.74,9.74,0.0,2.92,1.95,4.87,0.0,8,33,163,1236,3011
120,2026-09-28,13289,9.97,9.97,0.0,2.99,1.99,4.99,0.0,16,11,238,1175,1297
120,2026-09-29,17125,12.84,12.84,0.0,3.85,2.57,6.42,0.0,11,21,172,1236,2050
120,2026-09-30,5995,4.5,4.5,0.0,1.35,0.9,2.25,0.0,44,25,129,1242,1382
120,2026-10-01,18478,13.86,13.86,0.0,4.16,2.77,6.93,0.0,9,31,224,1176,2233
120,2026-10-02,6162,4.62,4.62,0.0,1.39,0.92,2.31,0.0,25,0,200,1215,1574
120,2026-10-03,7224,5.42,5.42,0.0,1.63,1.08,2.71,0.0,0,34,153,1253,2159
120,2026-10-04,14437,10.83,10.83,0.0,3.25,2.17,5.42,0.0,59,3,105,1273,2727
121,2026-08-16,17497,13.12,13.12,0.0,3.94,2.62,6.56,0.0,11,0,235,1194,3122
121,2026-08-17,17736,13.3,13.3,0.0,3.99,2.66,6.65,0.0,25,6,175,1234,3119
121,2026-08-18,14884,11.16,11.16,0.0,3.35,2.23,5.58,0.0,6,45,129,1260,2646
121,2026-08-19,1904,1.43,1.43,0.0,0.43,0.29,0.71,0.0,11,5,127,1297,1685
121,2026-08-20,12383,9.29,9.29,0.0,2.79,1.86,4.64,0.0,48,45,123,1224,2055
121,2026-08-20,12383,9.29,9.29,0.0,2.79,1.86,4.64,0.0,48,45,123,1224,2055
121,2026-08-21,10824,8.12,8.12,0.0,2.44,1.62,4.06,0.0,55,27,240,1118,2154
121,2026-08-22,4175,3.13,3.13,0.0,0.94,0.63,1.56,0.0,26,44,112,1258,2492
121,2026-08-23,1985,1.49,1.49,0.0,0.45,0.3,0.74,0.0,59,5,248,1128,1550
121,2026-08-24,19720,14.79,14.79,0.0,4.44,2.96,7.39,0.0,32,36,80,1292,2901
121,2026-08-25,9479,7.11,7.11,0.0,2.13,1.42,3.56,0.0,40,13,224,1163,2153
121,2026-08-26,10635,7.98,7.98,0.0,2.39,1.6,3.99,0.0,37,22,244,1137,1349
121,2026-08-27,8279,6.21,6.21,0.0,1.86,1.24,3.1,0.0,41,23,97,1279,1932
121,2026-08-28,5781,4.34,4.34,0.0,1.3,0.87,2.17,0.0,4,37,85,1314,3024
121,2026-08-29,18026,13.52,13.52,0.0,4.06,2.7,6.76,0.0,16,8,99,1317,1783
121,2026-08-30,9432,7.07,7.07,0.0,2.12,1.41,3.54,0.0,8,32,128,1272,1825
121,2026-08-31,4702,3.53,3.53,0.0,1.06,0.71,1.76,0.0,12,37,135,1256,2603
121,2026-09-01,12127,9.1,9.1,0.0,2.73,1.82,4.55,0.0,35,41,202,1162,2460
121,2026-09-02,9253,6.94,6.94,0.0,2.08,1.39,3.47,0.0,60,11,146,1223,1777
121,2026-09-03,8483,6.36,6.36,0.0,1.91,1.27,3.18,0.0,13,33,164,1230,2368
121,2026-09-04,9703,7.28,7.28,0.0,2.18,1.46,3.64,0.0,9,10,86,1335,1303
121,2026-09-05,16433,12.32,12.32,0.0,3.7,2.46,6.16,0.0,54,45,85,1256,2139
121,2026-09-06,15706,11.78,11.78,0.0,3.53,2.36,5.89,0.0,55,45,177,1163,1499
121,2026-09-07,15598,11.7,11.7,0.0,3.51,2.34,5.85,0.0,54,15,205,1166,1415
121,2026-09-08,4173,3.13,3.13,0.0,0.94,0.63,1.56,0.0,50,12,121,1257,1530
121,2026-09-08,4173,3.13,3.13,0.0,0.94,0.63,1.56,0.0,50,12,121,1257,1530
121,2026-09-09,5585,4.19,4.19,0.0,1.26,0.84,2.1,0.0,15,24,132,1269,2239
121,2026-09-10,6858,5.14,5.14,0.0,1.54,1.03,2.57,0.0,17,13,130,1280,3033
121,2026-09-11,19742,14.81,14.81,0.0,4.44,2.96,7.41,0.0,32,41,228,1139,1513
121,2026-09-12,4258,3.19,3.19,0.0,0.96,0.64,1.59,0.0,48,45,228,1119,2946
121,2026-09-13,12083,9.06,9.06,0.0,2.72,1.81,4.53,0.0,16,16,101,1307,1948
121,2026-09-14,17648,13.24,13.24,0.0,3.97,2.65,6.62,0.0,6,28,111,1295,1590
121,2026-09-15,12106,9.08,9.08,0.0,2.72,1.82,4.54,0.0,49,8,62,1321,1221
121,2026-09-16,1420,1.06,1.06,0.0,0.32,0.21,0.53,0.0,42,22,105,1271,2568
121,2026-09-17,12057,9.04,9.04,0.0,2.71,1.81,4.52,0.0,38,20,110,1272,1034
121,2026-09-18,9041,6.78,6.78,0.0,2.03,1.36,3.39,0.0,33,23,84,1300,2576
121,2026-09-19,16976,12.73,12.73,0.0,3.82,2.55,6.37,0.0,25,18,185,1212,2064
121,2026-09-20,6822,5.12,5.12,0.0,1.54,1.02,2.56,0.0,44,21,87,1288,3037
121,2026-09-21,2168,1.63,1.63,0.0,0.49,0.33,0.81,0.0,41,41,220,1138,1306
121,2026-09-22,8151,6.11,6.11,0.0,1.83,1.22,3.06,0.0,10,7,109,1314,1592
121,2026-09-23,12289,9.22,9.22,0.0,2.77,1.84,4.61,0.0,22,32,79,1307,1952
121,2026-09-24,12750,9.56,9.56,0.0,2.87,1.91,4.78,0.0,21,12,158,1249,2685
121,2026-09-25,3586,2.69,2.69,0.0,0.81,0.54,1.34,0.0,19,19,239,1163,3111
121,2026-09-26,4287,3.22,3.22,0.0,0.97,0.64,1.61,0.0,25,31,113,1271,2441
121,2026-09-27,14472,10.85,10.85,0.0,3.25,2.17,5.42,0.0,16,15,183,1226,1543
121,2026-09-28,15047,11.29,11.29,0.0,3.39,2.26,5.64,0.0,23,32,128,1257,1555
121,2026-09-29,2543,1.91,1.91,0.0,0.57,0.38,0.95,0.0,27,3,239,1171,1765
121,2026-09-30,3782,2.84,2.84,0.0,0.85,0.57,1.42,0.0,33,2,136,1269,1912
121,2026-10-01,15030,11.27,11.27,0.0,3.38,2.25,5.63,0.0,38,31,192,1179,2014
121,2026-10-02,5118,3.84,3.84,0.0,1.15,0.77,1.92,0.0,7,19,103,1311,2428
121,2026-10-03,10795,8.1,8.1,0.0,2.43,1.62,4.05,0.0,28,44,143,1225,2554
121,2026-10-04,4988,3.74,3.74,0.0,1.12,0.75,1.87,0.0,29,37,165,1209,1229
122,2026-08-16,11593,8.69,8.69,0.0,2.61,1.74,4.34,0.0,47,0,134,1259,2981
122,2026-08-17,2597,1.95,1.95,0.0,0.58,0.39,0.97,0.0,6,39,70,1325,1713
122,2026-08-18,9851,7.39,7.39,0.0,2.22,1.48,3.69,0.0,10,40,189,1201,1118
122,2026-08-19,2497,1.87,1.87,0.0,0.56,0.37,0.94,0.0,41,12,223,1164,3045
122,2026-08-20,9950,7.46,7.46,0.0,2.24,1.49,3.73,0.0,7,29,241,1163,1000
122,2026-08-21,6149,4.61,4.61,0.0,1.38,0.92,2.31,0.0,37,6,224,1173,2490
122,2026-08-22,7976,5.98,5.98,0.0,1.79,1.2,2.99,0.0,27,8,135,1270,2982
122,2026-08-23,12963,9.72,9.72,0.0,2.92,1.94,4.86,0.0,30,29,214,1167,1249
122,2026-08-24,3296,2.47,2.47,0.0,0.74,0.49,1.24,0.0,49,32,248,1111,1543
122,2026-08-25,5376,4.03,4.03,0.0,1.21,0.81,2.02,0.0,6,34,112,1288,2189
122,2026-08-26,3262,2.45,2.45,0.0,0.73,0.49,1.23,0.0,53,38,98,1251,2791
122,2026-08-27,8282,6.21,6.21,0.0,1.86,1.24,3.1,0.0,49,29,131,1231,1488
122,2026-08-28,12526,9.39,9.39,0.0,2.82,1.88,4.7,0.0,55,43,208,1134,1587
122,2026-08-29,1975,1.48,1.48,0.0,0.44,0.3,0.74,0.0,57,27,180,1176,1339
122,2026-08-30,11346,8.51,8.51,0.0,2.55,1.7,4.25,0.0,34,45,210,1151,2832
122,2026-08-31,9027,6.77,6.77,0.0,2.03,1.35,3.38,0.0,8,18,129,1285,1146
122,2026-09-01,15965,11.97,11.97,0.0,3.59,2.39,5.99,0.0,15,44,105,1276,2904
122,2026-09-02,15205,11.4,11.4,0.0,3.42,2.28,5.7,0.0,17,34,129,1260,2563
122,2026-09-03,17846,13.38,13.38,0.0,4.01,2.68,6.69,0.0,37,15,222,1166,2537
122,2026-09-04,10633,7.97,7.97,0.0,2.39,1.59,3.98,0.0,32,6,142,1260,1216
122,2026-09-05,2336,1.75,1.75,0.0,0.53,0.35,0.88,0.0,1,12,204,1223,2660
122,2026-09-06,11892,8.92,8.92,0.0,2.68,1.78,4.46,0.0,33,17,96,1294,1899
122,2026-09-07,4360,3.27,3.27,0.0,0.98,0.65,1.64,0.0,29,17,151,1243,2704
122,2026-09-08,1191,0.89,0.89,0.0,0.27,0.18,0.45,0.0,17,8,132,1283,2659
122,2026-09-09,16271,12.2,12.2,0.0,3.66,2.44,6.1,0.0,38,13,92,1297,2064
122,2026-09-10,15072,11.3,11.3,0.0,3.39,2.26,5.65,0.0,9,2,105,1324,2243
122,2026-09-11,12500,9.38,9.38,0.0,2.81,1.88,4.69,0.0,28,7,97,1308,2315
122,2026-09-12,2229,1.67,1.67,0.0,0.5,0.33,0.83,0.0,47,15,133,1245,1329
122,2026-09-13,2497,1.87,1.87,0.0,0.56,0.37,0.94,0.0,42,1,234,1163,1653
122,2026-09-14,17540,13.16,13.16,0.0,3.95,2.63,6.58,0.0,55,18,71,1296,3152
122,2026-09-15,3626,2.72,2.72,0.0,0.82,0.54,1.36,0.0,15,16,147,1262,2837
122,2026-09-16,5043,3.78,3.78,0.0,1.13,0.76,1.89,0.0,39,44,227,1130,2740
122,2026-09-16,5043,3.78,3.78,0.0,1.13,0.76,1.89,0.0,39,44,227,1130,2740
122,2026-09-17,12654,9.49,9.49,0.0,2.85,1.9,4.75,0.0,59,18,113,1250,2123
122,2026-09-18,18326,13.74,13.74,0.0,4.12,2.75,6.87,0.0,35,26,155,1224,2558
122,2026-09-19,12981,9.74,9.74,0.0,2.92,1.95,4.87,0.0,51,5,124,1260,1463
122,2026-09-20,14895,11.17,11.17,0.0,3.35,2.23,5.58,0.0,30,30,217,1163,2887
122,2026-09-21,5796,4.35,4.35,0.0,1.3,0.87,2.17,0.0,30,43,223,1144,1356
122,2026-09-22,16220,12.17,12.17,0.0,3.65,2.43,6.08,0.0,0,25,207,1208,2213
122,2026-09-23,12870,9.65,9.65,0.0,2.9,1.93,4.83,0.0,25,34,177,1204,3007
122,2026-09-24,10567,7.93,7.93,0.0,2.38,1.59,3.96,0.0,7,10,138,1285,-100
122,2026-09-25,2487,1.87,1.87,0.0,0.56,0.37,0.94,0.0,27,24,224,1165,2333
122,2026-09-26,7207,5.41,5.41,0.0,1.62,1.08,2.71,0.0,45,33,120,1242,2914
122,2026-09-27,6532,4.9,4.9,0.0,1.47,0.98,2.45,0.0,22,32,146,1240,2760
122,2026-09-28,1559,1.17,1.17,0.0,0.35,0.23,0.58,0.0,27,14,198,1201,3163
122,2026-09-29,18840,14.13,14.13,0.0,4.24,2.83,7.07,0.0,17,22,240,1161,1211
122,2026-09-30,4160,3.12,3.12,0.0,0.94,0.62,1.56,0.0,46,24,98,1272,1745
122,2026-10-01,17416,13.06,13.06,0.0,3.92,2.61,6.53,0.0,23,4,202,1211,2308
122,2026-10-02,3757,2.82,2.82,0.0,0.85,0.56,1.41,0.0,60,25,181,1174,1813
122,2026-10-03,17457,13.09,13.09,0.0,3.93,2.62,6.54,0.0,1,25,132,1282,2814
122,2026-10-04,2476,1.86,1.86,0.0,0.56,0.37,0.93,0.0,43,10,250,1137,2694
123,2026-08-16,10397,7.8,7.8,0.0,2.34,1.56,3.9,0.0,56,21,144,1219,1971
123,2026-08-17,8128,6.1,6.1,0.0,1.83,1.22,3.05,0.0,23,42,147,1228,-100
123,2026-08-18,17908,13.43,13.43,0.0,4.03,2.69,6.71,0.0,11,6,161,1262,3199
123,2026-08-19,15593,11.69,11.69,0.0,3.51,2.34,5.84,0.0,28,11,250,1151,2462
123,2026-08-20,8915,6.69,6.69,0.0,2.01,1.34,3.35,0.0,60,15,186,1179,1743
123,2026-08-21,19299,14.47,14.47,0.0,4.34,2.89,7.24,0.0,42,4,122,1272,1785
123,2026-08-22,2349,1.76,1.76,0.0,0.53,0.35,0.88,0.0,20,21,118,1281,1749
123,2026-08-23,18354,13.77,13.77,0.0,4.13,2.75,6.88,0.0,57,19,228,1136,2322
123,2026-08-24,11288,8.47,8.47,0.0,2.54,1.69,4.24,0.0,51,5,93,1291,1942
123,2026-08-25,8940,6.71,6.71,0.0,2.01,1.34,3.35,0.0,33,4,156,1247,2531
123,2026-08-26,7475,5.61,5.61,0.0,1.68,1.12,2.81,0.0,52,11,97,1280,3082
123,2026-08-27,5413,4.06,4.06,0.0,1.22,0.81,2.03,0.0,51,39,239,1111,1398
123,2026-08-28,1153,0.86,0.86,0.0,0.26,0.17,0.43,0.0,3,27,72,1338,2813
123,2026-08-29,15371,11.53,11.53,0.0,3.46,2.31,5.76,0.0,24,32,103,1281,1805
123,2026-08-30,9868,7.4,7.4,0.0,2.22,1.48,3.7,0.0,32,25,176,1207,1785
123,2026-08-31,11238,8.43,8.43,0.0,2.53,1.69,4.21,0.0,47,39,93,1261,-100
123,2026-09-01,4779,3.58,3.58,0.0,1.07,0.72,1.79,0.0,6,32,239,1163,2797
123,2026-09-02,3487,2.62,2.62,0.0,0.79,0.52,1.31,0.0,18,9,112,1301,2760
123,2026-09-03,17830,13.37,13.37,0.0,4.01,2.67,6.68,0.0,52,9,98,1281,2184
123,2026-09-04,12125,9.09,9.09,0.0,2.73,1.82,4.54,0.0,20,18,121,1281,1281
123,2026-09-05,17103,12.83,12.83,0.0,3.85,2.57,6.42,0.0,47,23,98,1272,1908
123,2026-09-06,17457,13.09,13.09,0.0,3.93,2.62,6.54,0.0,21,25,74,1320,2736
123,2026-09-07,16915,12.69,12.69,0.0,3.81,2.54,6.34,0.0,40,38,128,1234,3129
123,2026-09-08,14011,10.51,10.51,0.0,3.15,2.1,5.25,0.0,27,34,249,1130,1955
123,2026-09-09,18979,14.23,14.23,0.0,4.27,2.85,7.12,0.0,57,9,96,1278,2138
123,2026-09-10,19620,14.71,14.71,0.0,4.41,2.94,7.36,0.0,19,7,154,1260,3066
123,2026-09-11,5867,4.4,4.4,0.0,1.32,0.88,2.2,0.0,23,28,178,1211,2197
123,2026-09-12,9512,7.13,7.13,0.0,2.14,1.43,3.56,0.0,50,27,149,1214,1234
123,2026-09-13,9535,7.15,7.15,0.0,2.15,1.43,3.58,0.0,52,33,70,1285,1662
123,2026-09-14,6218,4.66,4.66,0.0,1.4,0.93,2.33,0.0,16,17,117,1290,2490
123,2026-09-15,4178,3.13,3.13,0.0,0.94,0.63,1.56,0.0,33,3,143,1261,2026
123,2026-09-16,2076,1.56,1.56,0.0,0.47,0.31,0.78,0.0,21,24,81,1314,2035
123,2026-09-17,14741,11.06,11.06,0.0,3.32,2.21,5.53,0.0,21,26,132,1261,2940
123,2026-09-18,19341,14.51,14.51,0.0,4.35,2.9,7.25,0.0,4,2,234,1200,2429
123,2026-09-19,19928,14.95,14.95,0.0,4.48,2.99,7.47,0.0,42,27,68,1303,1027
123,2026-09-20,14920,11.19,11.19,0.0,3.36,2.24,5.59,0.0,1,1,144,1294,1708
123,2026-09-21,7199,5.4,5.4,0.0,1.62,1.08,2.7,0.0,27,34,137,1242,3087
123,2026-09-22,3053,2.29,2.29,0.0,0.69,0.46,1.15,0.0,15,2,237,1186,3078
123,2026-09-23,10869,8.15,8.15,0.0,2.44,1.63,4.08,0.0,7,36,130,1267,2709
123,2026-09-24,7411,5.56,5.56,0.0,1.67,1.11,2.78,0.0,1,31,199,1209,1658
123,2026-09-25,12515,9.39,9.39,0.0,2.82,1.88,4.7,0.0,60,44,61,1275,2369
123,2026-09-26,8581,6.44,6.44,0.0,1.93,1.29,3.22,0.0,17,44,136,1243,2645
123,2026-09-27,16031,12.02,12.02,0.0,3.61,2.4,6.01,0.0,22,36,153,1229,2387
123,2026-09-28,1941,1.46,1.46,0.0,0.44,0.29,0.73,0.0,59,32,174,1175,1663
123,2026-09-29,18799,14.1,14.1,0.0,4.23,2.82,7.05,0.0,29,3,66,1342,1588
123,2026-09-30,15034,11.28,11.28,0.0,3.38,2.26,5.64,0.0,31,27,198,1184,2918
123,2026-10-01,2355,1.77,1.77,0.0,0.53,0.35,0.89,0.0,34,44,148,1214,2657
123,2026-10-02,15321,11.49,11.49,0.0,3.45,2.3,5.75,0.0,39,33,83,1285,1186
123,2026-10-03,3890,2.92,2.92,0.0,0.88,0.58,1.46,0.0,22,37,171,1210,1936
123,2026-10-04,18493,13.87,13.87,0.0,4.16,2.77,6.93,0.0,9,1,192,1238,3144
124,2026-08-16,15015,11.26,11.26,0.0,3.38,2.25,5.63,0.0,5,30,209,1196,2484
124,2026-08-17,16232,12.17,12.17,0.0,3.65,2.43,6.08,0.0,6,9,153,1272,1975
124,2026-08-18,4668,3.5,3.5,0.0,1.05,0.7,1.75,0.0,59,7,159,1215,2671
124,2026-08-19,1868,1.4,1.4,0.0,0.42,0.28,0.7,0.0,57,42,90,1251,1391
124,2026-08-20,15896,11.92,11.92,0.0,3.58,2.38,5.96,0.0,44,25,87,1284,1208
124,2026-08-21,4418,3.31,3.31,0.0,0.99,0.66,1.66,0.0,11,40,181,1208,1009
124,2026-08-22,10560,7.92,7.92,0.0,2.38,1.58,3.96,0.0,17,6,153,1264,1884
124,2026-08-23,11226,8.42,8.42,0.0,2.53,1.68,4.21,0.0,42,28,112,1258,2340
124,2026-08-24,15457,11.59,11.59,0.0,3.48,2.32,5.79,0.0,17,37,142,1244,2272
124,2026-08-25,2173,1.63,1.63,0.0,0.49,0.33,0.81,0.0,8,28,230,1174,2138
124,2026-08-26,5525,4.14,4.14,0.0,1.24,0.83,2.07,0.0,48,31,156,1205,1853
124,2026-08-27,15145,11.36,11.36,0.0,3.41,2.27,5.68,0.0,8,21,124,1287,2639
124,2026-08-28,13208,9.91,9.91,0.0,2.97,1.98,4.96,0.0,26,3,81,1330,2392
124,2026-08-29,9379,7.03,7.03,0.0,2.11,1.41,3.52,0.0,41,33,84,1282,2233
124,2026-08-30,14140,10.61,10.61,0.0,3.18,2.12,5.3,0.0,11,7,126,1296,-100
124,2026-08-31,5377,4.03,4.03,0.0,1.21,0.81,2.02,0.0,6,15,227,1192,2206
124,2026-09-01,11291,8.47,8.47,0.0,2.54,1.69,4.24,0.0,3,13,143,1281,2426
124,2026-09-02,18685,14.01,14.01,0.0,4.2,2.8,7.0,0.0,54,20,241,1125,1900
124,2026-09-03,18886,14.16,14.16,0.0,4.25,2.83,7.08,0.0,19,28,89,1304,1181
124,2026-09-04,7184,5.39,5.39,0.0,1.62,1.08,2.69,0.0,38,38,106,1258,2538
124,2026-09-05,17792,13.34,13.34,0.0,4.0,2.67,6.67,0.0,18,17,239,1166,3077
124,2026-09-06,12232,9.17,9.17,0.0,2.75,1.83,4.58,0.0,22,41,178,1199,3175
124,2026-09-07,17093,12.82,12.82,0.0,3.85,2.56,6.41,0.0,8,1,129,1302,1214
124,2026-09-08,12608,9.46,9.46,0.0,2.84,1.89,4.73,0.0,58,37,198,1147,1475
124,2026-09-09,12814,9.61,9.61,0.0,2.88,1.92,4.8,0.0,5,19,80,1336,2506
124,2026-09-10,4148,3.11,3.11,0.0,0.93,0.62,1.55,0.0,27,26,228,1159,1877
124,2026-09-11,10567,7.93,7.93,0.0,2.38,1.59,3.96,0.0,57,27,134,1222,2946
124,2026-09-12,13320,9.99,9.99,0.0,3.0,2.0,5.0,0.0,50,40,170,1180,1209
124,2026-09-13,7042,5.28,5.28,0.0,1.58,1.06,2.64,0.0,26,44,228,1142,2000
124,2026-09-14,17377,13.03,13.03,0.0,3.91,2.61,6.51,0.0,46,34,89,1271,1991
124,2026-09-15,11552,8.66,8.66,0.0,2.6,1.73,4.33,0.0,20,16,125,1279,2950
124,2026-09-16,10931,8.2,8.2,0.0,2.46,1.64,4.1,0.0,50,24,232,1134,2651
124,2026-09-17,9313,6.98,6.98,0.0,2.09,1.4,3.49,0.0,11,17,66,1346,-100
124,2026-09-18,9692,7.27,7.27,0.0,2.18,1.45,3.63,0.0,1,38,224,1177,2089
124,2026-09-19,1684,1.26,1.26,0.0,0.38,0.25,0.63,0.0,0,6,121,1313,2176
124,2026-09-20,12057,9.04,9.04,0.0,2.71,1.81,4.52,0.0,14,7,192,1227,2013
124,2026-09-21,4842,3.63,3.63,0.0,1.09,0.73,1.81,0.0,34,29,72,1305,2230
124,2026-09-22,13318,9.99,9.99,0.0,3.0,2.0,5.0,0.0,53,27,172,1188,2173
124,2026-09-23,1295,0.97,0.97,0.0,0.29,0.19,0.48,0.0,56,16,121,1247,1704
124,2026-09-24,1269,0.95,0.95,0.0,0.28,0.19,0.47,0.0,27,4,103,1306,1979
124,2026-09-25,17535,13.15,13.15,0.0,3.94,2.63,6.58,0.0,16,14,66,1344,2719
124,2026-09-26,3439,2.58,2.58,0.0,0.77,0.52,1.29,0.0,11,27,183,1219,3155
124,2026-09-27,18964,14.22,14.22,0.0,4.27,2.84,7.11,0.0,31,12,234,1163,3158
124,2026-09-28,11679,8.76,8.76,0.0,2.63,1.75,4.38,0.0,12,11,236,1181,2270
124,2026-09-29,9058,6.79,6.79,0.0,2.04,1.36,3.4,0.0,44,8,150,1238,1285
124,2026-09-30,11934,8.95,8.95,0.0,2.68,1.79,4.47,0.0,3,17,139,1281,1397
124,2026-10-01,13943,10.46,10.46,0.0,3.14,2.09,5.23,0.0,46,37,93,1264,1368
124,2026-10-02,12343,9.26,9.26,0.0,2.78,1.85,4.63,0.0,51,29,216,1144,2343
124,2026-10-03,11897,8.92,8.92,0.0,2.68,1.78,4.46,0.0,6,44,247,1143,1815
124,2026-10-04,7156,5.37,5.37,0.0,1.61,1.07,2.69,0.0,27,33,134,1246,2411
125,2026-08-16,19436,14.58,14.58,0.0,4.37,2.92,7.29,0.0,31,33,119,1257,2269
125,2026-08-17,18371,13.78,13.78,0.0,4.13,2.76,6.89,0.0,0,18,81,1341,2909
125,2026-08-18,5013,3.76,3.76,0.0,1.13,0.75,1.88,0.0,32,41,143,1224,2443
125,2026-08-19,4300,3.23,3.23,0.0,0.97,0.65,1.61,0.0,13,34,120,1273,1176
125,2026-08-20,18406,13.8,13.8,0.0,4.14,2.76,6.9,0.0,38,8,85,1309,1722
125,2026-08-21,6718,5.04,5.04,0.0,1.51,1.01,2.52,0.0,18,42,175,1205,1851
125,2026-08-22,10329,7.75,7.75,0.0,2.32,1.55,3.88,0.0,57,34,228,1121,2509
125,2026-08-23,14535,10.9,10.9,0.0,3.27,2.18,5.45,0.0,0,14,229,1197,3056
125,2026-08-24,9615,7.21,7.21,0.0,2.16,1.44,3.6,0.0,15,4,107,1314,1232
125,2026-08-25,19191,14.39,14.39,0.0,4.32,2.88,7.2,0.0,50,23,155,1212,3054
125,2026-08-26,2238,1.68,1.68,0.0,0.5,0.34,0.84,0.0,19,36,133,1252,2175
125,2026-08-27,6467,4.85,4.85,0.0,1.45,0.97,2.42,0.0,60,32,136,1212,2517
125,2026-08-28,12816,9.61,9.61,0.0,2.88,1.92,4.8,0.0,0,6,132,1302,1538
125,2026-08-29,10067,7.55,7.55,0.0,2.26,1.51,3.77,0.0,54,5,138,1243,2170
125,2026-08-30,14779,11.08,11.08,0.0,3.32,2.22,5.54,0.0,46,17,127,1250,2368
125,2026-08-31,17718,13.29,13.29,0.0,3.99,2.66,6.64,0.0,33,6,219,1182,2864
125,2026-09-01,5312,3.98,3.98,0.0,1.19,0.8,1.99,0.0,8,2,175,1255,1631
125,2026-09-02,4847,3.64,3.64,0.0,1.09,0.73,1.82,0.0,21,24,249,1146,1120
125,2026-09-03,2942,2.21,2.21,0.0,0.66,0.44,1.1,0.0,31,39,90,1280,2832
125,2026-09-04,14794,11.1,11.1,0.0,3.33,2.22,5.55,0.0,52,14,185,1189,1455
125,2026-09-05,1653,1.24,1.24,0.0,0.37,0.25,0.62,0.0,22,13,197,1208,2453
125,2026-09-06,3364,2.52,2.52,0.0,0.76,0.5,1.26,0.0,26,31,81,1302,3042
125,2026-09-07,15107,11.33,11.33,0.0,3.4,2.27,5.67,0.0,1,37,86,1316,1289
125,2026-09-08,14480,10.86,10.86,0.0,3.26,2.17,5.43,0.0,52,37,61,1290,-100
125,2026-09-09,12254,9.19,9.19,0.0,2.76,1.84,4.59,0.0,8,40,149,1243,2239
125,2026-09-10,4046,3.03,3.03,0.0,0.91,0.61,1.51,0.0,25,33,158,1224,1731
125,2026-09-11,2517,1.89,1.89,0.0,0.57,0.38,0.94,0.0,19,21,101,1299,1697
125,2026-09-12,8980,6.74,6.74,0.0,2.02,1.35,3.37,0.0,51,43,222,1124,1380
125,2026-09-13,15374,11.53,11.53,0.0,3.46,2.31,5.76,0.0,59,23,181,1177,1492
125,2026-09-14,4038,3.03,3.03,0.0,0.91,0.61,1.51,0.0,25,9,174,1232,1592
125,2026-09-15,9930,7.45,7.45,0.0,2.23,1.49,3.73,0.0,0,33,198,1209,2276
125,2026-09-16,9224,6.92,6.92,0.0,2.08,1.38,3.46,0.0,46,36,175,1183,1785
125,2026-09-17,15335,11.5,11.5,0.0,3.45,2.3,5.75,0.0,18,13,225,1184,1522
125,2026-09-18,10326,7.74,7.74,0.0,2.32,1.55,3.87,0.0,10,4,150,1276,3157
125,2026-09-19,14875,11.16,11.16,0.0,3.35,2.23,5.58,0.0,10,30,108,1292,1108
125,2026-09-20,18950,14.21,14.21,0.0,4.26,2.84,7.11,0.0,25,45,120,1250,1080
125,2026-09-21,18681,14.01,14.01,0.0,4.2,2.8,7.0,0.0,41,16,212,1171,1350
125,2026-09-22,1062,0.8,0.8,0.0,0.24,0.16,0.4,0.0,38,19,152,1231,1857
125,2026-09-23,9648,7.24,7.24,0.0,2.17,1.45,3.62,0.0,17,18,154,1251,1579
125,2026-09-24,11734,8.8,8.8,0.0,2.64,1.76,4.4,0.0,9,1,74,1356,3048
125,2026-09-25,3254,2.44,2.44,0.0,0.73,0.49,1.22,0.0,14,31,178,1217,2254
125,2026-09-26,16879,12.66,12.66,0.0,3.8,2.53,6.33,0.0,51,25,202,1162,2570
125,2026-09-27,12233,9.17,9.17,0.0,2.75,1.83,4.58,0.0,52,28,247,1113,2598
125,2026-09-28,6669,5.0,5.0,0.0,1.5,1.0,2.5,0.0,35,26,186,1193,1998
125,2026-09-29,19288,14.47,14.47,0.0,4.34,2.89,7.24,0.0,50,27,215,1148,2494
125,2026-09-30,7595,5.7,5.7,0.0,1.71,1.14,2.85,0.0,35,25,141,1239,2011
125,2026-10-01,19299,14.47,14.47,0.0,4.34,2.89,7.24,0.0,18,9,88,1325,2463
125,2026-10-02,3307,2.48,2.48,0.0,0.74,0.5,1.24,0.0,32,43,168,1197,3000
125,2026-10-03,7471,5.6,5.6,0.0,1.68,1.12,2.8,0.0,49,5,103,1283,2431
125,2026-10-04,8863,6.65,6.65,0.0,2.0,1.33,3.33,0.0,11,0,209,1220,2191
126,2026-08-16,13038,9.78,9.78,0.0,2.93,1.96,4.89,0.0,32,44,248,1116,1942
126,2026-08-17,12236,9.18,9.18,0.0,2.75,1.84,4.59,0.0,41,13,62,1324,2597
126,2026-08-18,13359,10.02,10.02,0.0,3.01,2.0,5.01,0.0,58,6,141,1235,1473
126,2026-08-19,3196,2.4,2.4,0.0,0.72,0.48,1.2,0.0,39,0,171,1230,2037
126,2026-08-20,10864,8.15,8.15,0.0,2.44,1.63,4.08,0.0,23,6,195,1216,1344
126,2026-08-21,8227,6.17,6.17,0.0,1.85,1.23,3.08,0.0,49,8,213,1170,2994
126,2026-08-22,15143,11.36,11.36,0.0,3.41,2.27,5.68,0.0,51,23,77,1289,2645
126,2026-08-23,12919,9.69,9.69,0.0,2.91,1.94,4.84,0.0,47,23,65,1305,1269
126,2026-08-24,11372,8.53,8.53,0.0,2.56,1.71,4.26,0.0,59,11,245,1125,1529
126,2026-08-25,3051,2.29,2.29,0.0,0.69,0.46,1.15,0.0,5,9,174,1252,1069
126,2026-08-26,5869,4.4,4.4,0.0,1.32,0.88,2.2,0.0,57,30,150,1203,2996
126,2026-08-27,16910,12.68,12.68,0.0,3.8,2.54,6.34,0.0,27,12,219,1182,1351
126,2026-08-28,12131,9.1,9.1,0.0,2.73,1.82,4.55,0.0,19,13,227,1181,1077
126,2026-08-29,14822,11.12,11.12,0.0,3.34,2.22,5.56,0.0,50,8,217,1165,1936
126,2026-08-30,12363,9.27,9.27,0.0,2.78,1.85,4.63,0.0,20,1,118,1301,2451
126,2026-08-31,9991,7.49,7.49,0.0,2.25,1.5,3.75,0.0,49,9,220,1162,1563
126,2026-09-01,19058,14.29,14.29,0.0,4.29,2.86,7.14,0.0,17,36,60,1327,-100
126,2026-09-02,15234,11.43,11.43,0.0,3.43,2.29,5.71,0.0,58,19,118,1245,1401
126,2026-09-03,1938,1.45,1.45,0.0,0.43,0.29,0.72,0.0,36,7,231,1166,1332
126,2026-09-04,15375,11.53,11.53,0.0,3.46,2.31,5.76,0.0,34,34,239,1133,2849
126,2026-09-05,11021,8.27,8.27,0.0,2.48,1.65,4.13,0.0,10,35,104,1291,2898
126,2026-09-06,12565,9.42,9.42,0.0,2.83,1.88,4.71,0.0,57,10,223,1150,2278
126,2026-09-07,8486,6.36,6.36,0.0,1.91,1.27,3.18,0.0,58,16,196,1170,2501
126,2026-09-08,2226,1.67,1.67,0.0,0.5,0.33,0.83,0.0,14,44,120,1262,1758
126,2026-09-09,18517,13.89,13.89,0.0,4.17,2.78,6.95,0.0,9,2,216,1213,2907
126,2026-09-10,11816,8.86,8.86,0.0,2.66,1.77,4.43,0.0,5,27,191,1217,3130
126,2026-09-11,3148,2.36,2.36,0.0,0.71,0.47,1.18,0.0,42,32,80,1286,2595
126,2026-09-12,18656,13.99,13.99,0.0,4.2,2.8,7.0,0.0,1,31,144,1264,2825
126,2026-09-13,7721,5.79,5.79,0.0,1.74,1.16,2.9,0.0,54,1,153,1232,2532
126,2026-09-14,12873,9.65,9.65,0.0,2.9,1.93,4.83,0.0,34,18,72,1316,1494
126,2026-09-15,13420,10.06,10.06,0.0,3.02,2.01,5.03,0.0,29,33,70,1308,2247
126,2026-09-16,9038,6.78,6.78,0.0,2.03,1.36,3.39,0.0,50,5,139,1246,1636
126,2026-09-17,15349,11.51,11.51,0.0,3.45,2.3,5.75,0.0,30,11,132,1267,2063
126,2026-09-18,8971,6.73,6.73,0.0,2.02,1.35,3.37,0.0,42,7,208,1183,1827
126,2026-09-19,5433,4.07,4.07,0.0,1.22,0.81,2.04,0.0,3,42,121,1274,2601
126,2026-09-20,18206,13.65,13.65,0.0,4.09,2.73,6.83,0.0,7,25,130,1278,2592
126,2026-09-21,3262,2.45,2.45,0.0,0.73,0.49,1.23,0.0,0,45,121,1274,1949
126,2026-09-22,16866,12.65,12.65,0.0,3.79,2.53,6.33,0.0,54,32,201,1153,2626
126,2026-09-23,13142,9.86,9.86,0.0,2.96,1.97,4.93,0.0,29,27,91,1293,2812
126,2026-09-24,1464,1.1,1.1,0.0,0.33,0.22,0.55,0.0,18,29,244,1149,1562
126,2026-09-25,8953,6.71,6.71,0.0,2.01,1.34,3.35,0.0,59,8,202,1171,1070
126,2026-09-26,9548,7.16,7.16,0.0,2.15,1.43,3.58,0.0,60,29,90,1261,1741
126,2026-09-27,2563,1.92,1.92,0.0,0.58,0.38,0.96,0.0,48,24,133,1235,2965
126,2026-09-28,6741,5.06,5.06,0.0,1.52,1.01,2.53,0.0,10,2,249,1179,2098
126,2026-09-29,7987,5.99,5.99,0.0,1.8,1.2,3.0,0.0,46,36,87,1271,1181
126,2026-09-30,4944,3.71,3.71,0.0,1.11,0.74,1.85,0.0,23,7,204,1206,1424
126,2026-10-01,11672,8.75,8.75,0.0,2.62,1.75,4.38,0.0,3,45,203,1189,2595
126,2026-10-01,11672,8.75,8.75,0.0,2.62,1.75,4.38,0.0,3,45,203,1189,2595
126,2026-10-02,4615,3.46,3.46,0.0,1.04,0.69,1.73,0.0,40,15,129,1256,1348
126,2026-10-03,19433,14.57,14.57,0.0,4.37,2.91,7.29,0.0,29,45,242,1124,2503
126,2026-10-04,14926,11.19,11.19,0.0,3.36,2.24,5.59,0.0,9,13,109,1309,1348
127,2026-08-16,12988,9.74,9.74,0.0,2.92,1.95,4.87,0.0,16,39,195,1190,2583
127,2026-08-17,6044,4.53,4.53,0.0,1.36,0.91,2.27,0.0,27,11,89,1313,1768
127,2026-08-18,15906,11.93,11.93,0.0,3.58,2.39,5.96,0.0,56,2,129,1253,1373
127,2026-08-19,14674,11.01,11.01,0.0,3.3,2.2,5.5,0.0,46,4,162,1228,1696
127,2026-08-20,10335,7.75,7.75,0.0,2.32,1.55,3.88,0.0,2,32,134,1272,1711
127,2026-08-21,19714,14.79,14.79,0.0,4.44,2.96,7.39,0.0,50,21,125,1244,2122
127,2026-08-22,16380,12.29,12.29,0.0,3.69,2.46,6.14,0.0,42,16,202,1180,2438
127,2026-08-23,7675,5.76,5.76,0.0,1.73,1.15,2.88,0.0,30,33,95,1282,1356
127,2026-08-23,7675,5.76,5.76,0.0,1.73,1.15,2.88,0.0,30,33,95,1282,1356
127,2026-08-24,10728,8.05,8.05,0.0,2.42,1.61,4.03,0.0,57,30,188,1165,2564
127,2026-08-25,19168,14.38,14.38,0.0,4.31,2.88,7.19,0.0,11,11,184,1234,2074
127,2026-08-26,1763,1.32,1.32,0.0,0.4,0.26,0.66,0.0,51,44,160,1185,1996
127,2026-08-27,4697,3.52,3.52,0.0,1.06,0.7,1.76,0.0,0,4,204,1232,1181
127,2026-08-28,14228,10.67,10.67,0.0,3.2,2.13,5.33,0.0,1,41,190,1208,2522
127,2026-08-29,11638,8.73,8.73,0.0,2.62,1.75,4.37,0.0,45,4,248,1143,2071
127,2026-08-30,18394,13.8,13.8,0.0,4.14,2.76,6.9,0.0,56,30,226,1128,2369
127,2026-08-31,13262,9.95,9.95,0.0,2.98,1.99,4.97,0.0,48,10,141,1241,2155
127,2026-09-01,6820,5.12,5.12,0.0,1.54,1.02,2.56,0.0,23,10,158,1249,1756
127,2026-09-02,16055,12.04,12.04,0.0,3.61,2.41,6.02,0.0,49,18,221,1152,2062
127,2026-09-03,17792,13.34,13.34,0.0,4.0,2.67,6.67,0.0,56,38,108,1238,2996
127,2026-09-04,8240,6.18,6.18,0.0,1.85,1.24,3.09,0.0,58,2,220,1160,2130
127,2026-09-05,12064,9.05,9.05,0.0,2.72,1.81,4.53,0.0,55,9,145,1231,1629
127,2026-09-05,12064,9.05,9.05,0.0,2.72,1.81,4.53,0.0,55,9,145,1231,1629
127,2026-09-06,9541,7.16,7.16,0.0,2.15,1.43,3.58,0.0,39,14,151,1236,2779
127,2026-09-07,2616,1.96,1.96,0.0,0.59,0.39,0.98,0.0,16,24,185,1215,2712
127,2026-09-08,19263,14.45,14.45,0.0,4.33,2.89,7.22,0.0,6,21,223,1190,2656
127,2026-09-09,14598,10.95,10.95,0.0,3.28,2.19,5.47,0.0,28,31,84,1297,2212
127,2026-09-10,19392,14.54,14.54,0.0,4.36,2.91,7.27,0.0,13,28,157,1242,2491
127,2026-09-11,8957,6.72,6.72,0.0,2.02,1.34,3.36,0.0,57,24,226,1133,1150
127,2026-09-12,7204,5.4,5.4,0.0,1.62,1.08,2.7,0.0,50,16,95,1279,1894
127,2026-09-13,19361,14.52,14.52,0.0,4.36,2.9,7.26,0.0,39,0,244,1157,1157
127,2026-09-14,19494,14.62,14.62,0.0,4.39,2.92,7.31,0.0,44,27,168,1201,1708
127,2026-09-15,5373,4.03,4.03,0.0,1.21,0.81,2.02,0.0,17,30,198,1195,2026
127,2026-09-16,16304,12.23,12.23,0.0,3.67,2.45,6.12,0.0,25,41,123,1251,2419
127,2026-09-17,7102,5.33,5.33,0.0,1.6,1.07,2.67,0.0,40,35,169,1196,1865
127,2026-09-18,10324,7.74,7.74,0.0,2.32,1.55,3.87,0.0,58,17,69,1296,1054
127,2026-09-19,11783,8.84,8.84,0.0,2.65,1.77,4.42,0.0,43,17,83,1297,2955
127,2026-09-20,1368,1.03,1.03,0.0,0.31,0.21,0.52,0.0,43,19,126,1252,1106
127,2026-09-21,17013,12.76,12.76,0.0,3.83,2.55,6.38,0.0,8,42,71,1319,2138
127,2026-09-22,9508,7.13,7.13,0.0,2.14,1.43,3.56,0.0,24,20,72,1324,1746
127,2026-09-23,6870,5.15,5.15,0.0,1.55,1.03,2.58,0.0,3,4,235,1198,1911
127,2026-09-24,10580,7.94,7.94,0.0,2.38,1.59,3.97,0.0,34,14,146,1246,2255
127,2026-09-25,13498,10.12,10.12,0.0,3.04,2.02,5.06,0.0,59,27,136,1218,2268
127,2026-09-26,6925,5.19,5.19,0.0,1.56,1.04,2.6,0.0,5,7,206,1222,2190
127,2026-09-26,6925,5.19,5.19,0.0,1.56,1.04,2.6,0.0,5,7,206,1222,2190
127,2026-09-27,1566,1.17,1.17,0.0,0.35,0.23,0.58,0.0,29,27,224,1160,1431
127,2026-09-28,15390,11.54,11.54,0.0,3.46,2.31,5.77,0.0,14,11,225,1190,1707
127,2026-09-29,10007,7.51,7.51,0.0,2.25,1.5,3.75,0.0,54,8,63,1315,1937
127,2026-09-30,7560,5.67,5.67,0.0,1.7,1.13,2.83,0.0,3,40,244,1153,2408
127,2026-10-01,16486,12.36,12.36,0.0,3.71,2.47,6.18,0.0,17,39,193,1191,2389
127,2026-10-02,17364,13.02,13.02,0.0,3.91,2.6,6.51,0.0,27,29,175,1209,1424
127,2026-10-03,15825,11.87,11.87,0.0,3.56,2.37,5.93,0.0,43,20,141,1236,2853
127,2026-10-04,18795,14.1,14.1,0.0,4.23,2.82,7.05,0.0,45,28,88,1279,2182
128,2026-08-16,10748,8.06,8.06,0.0,2.42,1.61,4.03,0.0,26,17,139,1258,1275
128,2026-08-17,18654,13.99,13.99,0.0,4.2,2.8,7.0,0.0,24,28,64,1324,1313
128,2026-08-18,16437,12.33,12.33,0.0,3.7,2.47,6.17,0.0,56,9,70,1305,2819
128,2026-08-19,12456,9.34,9.34,0.0,2.8,1.87,4.67,0.0,31,14,112,1283,2252
128,2026-08-20,14864,11.15,11.15,0.0,3.35,2.23,5.58,0.0,14,23,87,1316,2111
128,2026-08-21,9608,7.21,7.21,0.0,2.16,1.44,3.6,0.0,57,3,237,1143,1680
128,2026-08-22,1775,1.33,1.33,0.0,0.4,0.27,0.67,0.0,26,39,195,1180,1130
128,2026-08-23,7321,5.49,5.49,0.0,1.65,1.1,2.75,0.0,31,3,89,1317,1391
128,2026-08-24,5305,3.98,3.98,0.0,1.19,0.8,1.99,0.0,7,33,166,1234,1450
128,2026-08-25,4811,3.61,3.61,0.0,1.08,0.72,1.8,0.0,34,2,138,1266,2796
128,2026-08-26,6082,4.56,4.56,0.0,1.37,0.91,2.28,0.0,41,28,121,1250,3048
128,2026-08-27,17798,13.35,13.35,0.0,4.0,2.67,6.67,0.0,52,14,172,1202,1357
128,2026-08-28,15244,11.43,11.43,0.0,3.43,2.29,5.71,0.0,50,14,63,1313,1574
128,2026-08-29,5202,3.9,3.9,0.0,1.17,0.78,1.95,0.0,6,3,72,1359,1680
128,2026-08-30,7336,5.5,5.5,0.0,1.65,1.1,2.75,0.0,50,6,174,1210,1068
128,2026-08-31,13885,10.41,10.41,0.0,3.12,2.08,5.21,0.0,53,18,236,1133,1976
128,2026-09-01,11122,8.34,8.34,0.0,2.5,1.67,4.17,0.0,46,7,223,1164,2221
128,2026-09-02,16570,12.43,12.43,0.0,3.73,2.49,6.21,0.0,48,1,74,1317,2019
128,2026-09-03,4191,3.14,3.14,0.0,0.94,0.63,1.57,0.0,6,3,152,1279,2504
128,2026-09-04,11410,8.56,8.56,0.0,2.57,1.71,4.28,0.0,50,32,178,1180,1831
128,2026-09-05,7528,5.65,5.65,0.0,1.7,1.13,2.83,0.0,9,42,129,1260,2559
128,2026-09-06,7261,5.45,5.45,0.0,1.64,1.09,2.73,0.0,22,25,95,1298,1841
128,2026-09-07,19635,14.73,14.73,0.0,4.42,2.95,7.37,0.0,4,24,109,1303,1034
128,2026-09-08,7464,5.6,5.6,0.0,1.68,1.12,2.8,0.0,2,36,218,1184,1276
128,2026-09-09,9580,7.19,7.19,0.0,2.16,1.44,3.6,0.0,53,17,179,1191,2897
128,2026-09-10,15712,11.78,11.78,0.0,3.53,2.36,5.89,0.0,15,33,75,1317,2484
128,2026-09-11,4041,3.03,3.03,0.0,0.91,0.61,1.51,0.0,55,19,64,1302,2268
128,2026-09-12,1689,1.27,1.27,0.0,0.38,0.25,0.64,0.0,10,34,155,1241,1972
128,2026-09-13,16348,12.26,12.26,0.0,3.68,2.45,6.13,0.0,13,6,202,1219,2998
128,2026-09-14,1715,1.29,1.29,0.0,0.39,0.26,0.65,0.0,57,9,119,1255,2211
128,2026-09-15,12144,9.11,9.11,0.0,2.73,1.82,4.55,0.0,2,8,164,1266,2367
128,2026-09-16,9833,7.37,7.37,0.0,2.21,1.47,3.69,0.0,33,31,217,1159,1541
128,2026-09-17,11574,8.68,8.68,0.0,2.6,1.74,4.34,0.0,42,21,204,1173,2325
128,2026-09-18,12021,9.02,9.02,0.0,2.71,1.8,4.51,0.0,5,38,242,1155,1199
128,2026-09-19,19624,14.72,14.72,0.0,4.42,2.94,7.36,0.0,59,38,119,1224,2449
128,2026-09-20,11828,8.87,8.87,0.0,2.66,1.77,4.43,0.0,20,16,103,1301,1994
128,2026-09-21,17004,12.75,12.75,0.0,3.82,2.55,6.38,0.0,51,13,214,1162,1265
128,2026-09-22,7087,5.32,5.32,0.0,1.6,1.06,2.66,0.0,52,19,79,1290,1083
128,2026-09-23,10506,7.88,7.88,0.0,2.36,1.58,3.94,0.0,3,44,151,1242,1225
128,2026-09-24,10555,7.92,7.92,0.0,2.38,1.58,3.96,0.0,55,21,66,1298,1003
128,2026-09-25,11374,8.53,8.53,0.0,2.56,1.71,4.26,0.0,42,2,66,1330,2786
128,2026-09-26,13387,10.04,10.04,0.0,3.01,2.01,5.02,0.0,56,5,206,1173,2081
128,2026-09-27,12910,9.68,9.68,0.0,2.9,1.94,4.84,0.0,45,20,62,1313,2508
128,2026-09-28,15885,11.91,11.91,0.0,3.57,2.38,5.96,0.0,59,12,81,1288,1273
128,2026-09-29,14282,10.71,10.71,0.0,3.21,2.14,5.36,0.0,18,3,209,1210,2171
128,2026-09-30,17628,13.22,13.22,0.0,3.97,2.64,6.61,0.0,59,4,217,1160,2768
128,2026-10-01,12942,9.71,9.71,0.0,2.91,1.94,4.86,0.0,39,14,219,1168,3182
128,2026-10-02,15799,11.85,11.85,0.0,3.55,2.37,5.92,0.0,56,4,138,1242,1467
128,2026-10-03,17909,13.43,13.43,0.0,4.03,2.69,6.71,0.0,6,43,77,1314,2822
128,2026-10-04,12276,9.21,9.21,0.0,2.76,1.84,4.61,0.0,16,20,147,1257,2932
129,2026-08-16,14587,10.94,10.94,0.0,3.28,2.19,5.47,0.0,56,3,117,1264,2451
129,2026-08-17,19345,14.51,14.51,0.0,4.35,2.9,7.25,0.0,10,41,117,1272,1894
129,2026-08-18,3390,2.54,2.54,0.0,0.76,0.51,1.27,0.0,17,25,177,1221,2835
129,2026-08-19,14009,10.51,10.51,0.0,3.15,2.1,5.25,0.0,15,7,147,1271,2414
129,2026-08-20,14381,10.79,10.79,0.0,3.24,2.16,5.39,0.0,44,14,101,1281,1915
129,2026-08-21,4712,3.53,3.53,0.0,1.06,0.71,1.76,0.0,56,12,181,1191,2611
129,2026-08-22,3249,2.44,2.44,0.0,0.73,0.49,1.22,0.0,38,2,223,1177,2635
129,2026-08-22,3249,2.44,2.44,0.0,0.73,0.49,1.22,0.0,38,2,223,1177,2635
129,2026-08-23,6529,4.9,4.9,0.0,1.47,0.98,2.45,0.0,7,45,166,1222,1915
129,2026-08-24,4111,3.08,3.08,0.0,0.92,0.62,1.54,0.0,57,37,216,1130,2568
129,2026-08-25,10532,7.9,7.9,0.0,2.37,1.58,3.95,0.0,10,14,119,1297,2584
129,2026-08-26,5010,3.76,3.76,0.0,1.13,0.75,1.88,0.0,54,18,233,1135,2255
129,2026-08-27,1335,1.0,1.0,0.0,0.3,0.2,0.5,0.0,53,16,214,1157,1519
129,2026-08-28,17031,12.77,12.77,0.0,3.83,2.55,6.38,0.0,46,0,163,1231,2610
129,2026-08-29,8890,6.67,6.67,0.0,2.0,1.33,3.33,0.0,36,6,70,1328,1514
129,2026-08-30,1927,1.45,1.45,0.0,0.43,0.29,0.72,0.0,51,1,243,1145,1289
129,2026-08-31,9511,7.13,7.13,0.0,2.14,1.43,3.56,0.0,26,41,161,1212,1915
129,2026-09-01,12332,9.25,9.25,0.0,2.77,1.85,4.62,0.0,22,26,189,1203,3122
129,2026-09-02,19893,14.92,14.92,0.0,4.48,2.98,7.46,0.0,60,29,227,1124,1159
129,2026-09-03,19605,14.7,14.7,0.0,4.41,2.94,7.35,0.0,31,23,146,1240,2365
129,2026-09-04,11712,8.78,8.78,0.0,2.63,1.76,4.39,0.0,37,12,80,1311,2266
129,2026-09-05,6979,5.23,5.23,0.0,1.57,1.05,2.62,0.0,9,39,213,1179,1459
129,2026-09-06,10288,7.72,7.72,0.0,2.32,1.54,3.86,0.0,27,25,182,1206,1303
129,2026-09-07,19916,14.94,14.94,0.0,4.48,2.99,7.47,0.0,43,2,192,1203,3190
129,2026-09-08,12631,9.47,9.47,0.0,2.84,1.89,4.74,0.0,41,15,119,1265,2212
129,2026-09-09,1614,1.21,1.21,0.0,0.36,0.24,0.6,0.0,22,11,216,1191,1197
129,2026-09-10,13673,10.25,10.25,0.0,3.07,2.05,5.12,0.0,34,12,160,1234,1916
129,2026-09-11,3987,2.99,2.99,0.0,0.9,0.6,1.5,0.0,25,43,122,1250,1679
129,2026-09-12,10798,8.1,8.1,0.0,2.43,1.62,4.05,0.0,55,11,100,1274,2131
129,2026-09-13,13735,10.3,10.3,0.0,3.09,2.06,5.15,0.0,47,45,108,1240,2985
129,2026-09-14,14127,10.6,10.6,0.0,3.18,2.12,5.3,0.0,10,5,165,1260,1568
129,2026-09-15,18718,14.04,14.04,0.0,4.21,2.81,7.02,0.0,31,40,205,1164,2162
129,2026-09-16,15067,11.3,11.3,0.0,3.39,2.26,5.65,0.0,8,8,157,1267,1619
129,2026-09-17,4586,3.44,3.44,0.0,1.03,0.69,1.72,0.0,55,44,71,1270,2854
129,2026-09-18,8548,6.41,6.41,0.0,1.92,1.28,3.21,0.0,34,45,228,1133,1106
129,2026-09-19,11461,8.6,8.6,0.0,2.58,1.72,4.3,0.0,43,35,158,1204,1812
129,2026-09-20,15391,11.54,11.54,0.0,3.46,2.31,5.77,0.0,32,16,98,1294,3191
129,2026-09-21,13029,9.77,9.77,0.0,2.93,1.95,4.88,0.0,7,28,164,1241,1089
129,2026-09-22,14206,10.65,10.65,0.0,3.19,2.13,5.33,0.0,56,8,152,1224,1201
129,2026-09-23,2576,1.93,1.93,0.0,0.58,0.39,0.96,0.0,0,6,145,1289,1861
129,2026-09-24,4141,3.11,3.11,0.0,0.93,0.62,1.55,0.0,36,4,152,1248,1888
129,2026-09-25,6319,4.74,4.74,0.0,1.42,0.95,2.37,0.0,45,28,220,1147,1808
129,2026-09-26,3265,2.45,2.45,0.0,0.73,0.49,1.23,0.0,23,15,67,1335,1187
129,2026-09-27,7846,5.88,5.88,0.0,1.76,1.18,2.94,0.0,54,40,244,1102,2836
129,2026-09-28,15762,11.82,11.82,0.0,3.55,2.36,5.91,0.0,45,32,248,1115,2213
129,2026-09-29,2730,2.05,2.05,0.0,0.61,0.41,1.02,0.0,57,12,110,1261,1015
129,2026-09-30,16121,12.09,12.09,0.0,3.63,2.42,6.04,0.0,48,0,240,1152,1749
129,2026-10-01,2527,1.9,1.9,0.0,0.57,0.38,0.95,0.0,6,4,201,1229,3069
129,2026-10-01,2527,1.9,1.9,0.0,0.57,0.38,0.95,0.0,6,4,201,1229,3069
129,2026-10-02,1491,1.12,1.12,0.0,0.34,0.22,0.56,0.0,50,4,160,1226,2938
129,2026-10-03,3425,2.57,2.57,0.0,0.77,0.51,1.28,0.0,25,4,184,1227,2194
129,2026-10-04,4399,3.3,3.3,0.0,0.99,0.66,1.65,0.0,7,5,76,1352,1597
130,2026-08-16,8032,6.02,6.02,0.0,1.81,1.2,3.01,0.0,30,29,151,1230,1458
130,2026-08-17,8530,6.4,6.4,0.0,1.92,1.28,3.2,0.0,1,30,87,1322,1633
130,2026-08-18,5202,3.9,3.9,0.0,1.17,0.78,1.95,0.0,1,0,185,1254,2715
130,2026-08-19,1307,0.98,0.98,0.0,0.29,0.2,0.49,0.0,42,11,92,1295,2547
130,2026-08-20,2851,2.14,2.14,0.0,0.64,0.43,1.07,0.0,11,37,167,1225,1850
130,2026-08-21,13223,9.92,9.92,0.0,2.98,1.98,4.96,0.0,37,28,70,1305,1712
130,2026-08-22,15859,11.89,11.89,0.0,3.57,2.38,5.95,0.0,17,19,69,1335,3011
130,2026-08-23,2122,1.59,1.59,0.0,0.48,0.32,0.8,0.0,60,26,125,1229,1198
130,2026-08-24,14368,10.78,10.78,0.0,3.23,2.16,5.39,0.0,50,24,98,1268,2803
130,2026-08-25,4798,3.6,3.6,0.0,1.08,0.72,1.8,0.0,13,26,204,1197,2548
130,2026-08-26,7355,5.52,5.52,0.0,1.66,1.1,2.76,0.0,59,6,192,1183,1859
130,2026-08-26,7355,5.52,5.52,0.0,1.66,1.1,2.76,0.0,59,6,192,1183,1859
130,2026-08-27,16507,12.38,12.38,0.0,3.71,2.48,6.19,0.0,17,26,131,1266,1230
130,2026-08-28,15058,11.29,11.29,0.0,3.39,2.26,5.64,0.0,43,44,167,1186,1164
130,2026-08-29,1328,1.0,1.0,0.0,0.3,0.2,0.5,0.0,18,39,106,1277,1062
130,2026-08-30,10823,8.12,8.12,0.0,2.44,1.62,4.06,0.0,35,40,145,1220,1004
130,2026-08-31,5693,4.27,4.27,0.0,1.28,0.85,2.13,0.0,50,6,63,1321,1303
130,2026-09-01,17616,13.21,13.21,0.0,3.96,2.64,6.61,0.0,47,38,83,1272,1701
130,2026-09-02,5711,4.28,4.28,0.0,1.28,0.86,2.14,0.0,6,38,166,1230,1716
130,2026-09-03,8467,6.35,6.35,0.0,1.9,1.27,3.17,0.0,55,6,194,1185,2904
130,2026-09-04,4994,3.75,3.75,0.0,1.12,0.75,1.88,0.0,15,26,143,1256,2495
130,2026-09-05,14716,11.04,11.04,0.0,3.31,2.21,5.52,0.0,43,14,191,1192,1585
130,2026-09-06,16783,12.59,12.59,0.0,3.78,2.52,6.29,0.0,58,21,64,1297,2864
130,2026-09-07,12551,9.41,9.41,0.0,2.82,1.88,4.71,0.0,50,23,221,1146,2639
130,2026-09-08,13467,10.1,10.1,0.0,3.03,2.02,5.05,0.0,8,13,104,1315,2712
130,2026-09-09,4592,3.44,3.44,0.0,1.03,0.69,1.72,0.0,11,26,102,1301,2468
130,2026-09-10,19147,14.36,14.36,0.0,4.31,2.87,7.18,0.0,19,35,192,1194,1071
130,2026-09-11,10566,7.92,7.92,0.0,2.38,1.58,3.96,0.0,31,11,167,1231,1088
130,2026-09-12,19706,14.78,14.78,0.0,4.43,2.96,7.39,0.0,4,25,150,1261,3047
130,2026-09-13,10565,7.92,7.92,0.0,2.38,1.58,3.96,0.0,21,1,117,1301,1163
130,2026-09-14,7264,5.45,5.45,0.0,1.64,1.09,2.73,0.0,4,30,188,1218,3004
130,2026-09-15,10622,7.97,7.97,0.0,2.39,1.59,3.98,0.0,33,34,106,1267,1067
130,2026-09-16,4570,3.43,3.43,0.0,1.03,0.69,1.72,0.0,11,13,205,1211,2121
130,2026-09-17,10213,7.66,7.66,0.0,2.3,1.53,3.83,0.0,54,36,133,1217,1058
130,2026-09-18,6412,4.81,4.81,0.0,1.44,0.96,2.4,0.0,10,35,179,1216,3176
130,2026-09-19,15966,11.97,11.97,0.0,3.59,2.39,5.99,0.0,11,29,117,1283,1681
130,2026-09-20,18560,13.92,13.92,0.0,4.18,2.78,6.96,0.0,20,5,213,1202,2798
130,2026-09-21,13436,10.08,10.08,0.0,3.02,2.02,5.04,0.0,13,2,227,1198,1001
130,2026-09-22,5641,4.23,4.23,0.0,1.27,0.85,2.12,0.0,60,4,242,1134,1259
130,2026-09-23,5624,4.22,4.22,0.0,1.27,0.84,2.11,0.0,29,7,66,1338,2692
130,2026-09-24,19418,14.56,14.56,0.0,4.37,2.91,7.28,0.0,10,37,116,1277,2564
130,2026-09-25,7253,5.44,5.44,0.0,1.63,1.09,2.72,0.0,55,22,185,1178,2438
130,2026-09-26,6661,5.0,5.0,0.0,1.5,1.0,2.5,0.0,50,18,224,1148,1572
130,2026-09-26,6661,5.0,5.0,0.0,1.5,1.0,2.5,0.0,50,18,224,1148,1572
130,2026-09-27,19840,14.88,14.88,0.0,4.46,2.98,7.44,0.0,40,3,119,1278,2070
130,2026-09-28,20000,15.0,15.0,0.0,4.5,3.0,7.5,0.0,14,18,173,1235,2397
130,2026-09-29,2816,2.11,2.11,0.0,0.63,0.42,1.05,0.0,2,2,177,1259,2238
130,2026-09-30,6037,4.53,4.53,0.0,1.36,0.91,2.27,0.0,17,30,94,1299,2113
130,2026-10-01,18819,14.11,14.11,0.0,4.23,2.82,7.05,0.0,34,2,172,1232,2880
130,2026-10-02,3950,2.96,2.96,0.0,0.89,0.59,1.48,0.0,55,21,86,1278,2613
130,2026-10-03,6967,5.23,5.23,0.0,1.57,1.05,2.62,0.0,35,25,214,1166,2667
130,2026-10-04,5740,4.3,4.3,0.0,1.29,0.86,2.15,0.0,4,26,157,1253,1262
131,2026-08-16,19229,14.42,14.42,0.0,4.33,2.88,7.21,0.0,20,45,117,1258,1297
131,2026-08-17,6867,5.15,5.15,0.0,1.55,1.03,2.58,0.0,16,28,184,1212,2984
131,2026-08-18,15374,11.53,11.53,0.0,3.46,2.31,5.76,0.0,9,3,134,1294,2167
131,2026-08-19,2188,1.64,1.64,0.0,0.49,0.33,0.82,0.0,54,6,202,1178,1325
131,2026-08-20,11168,8.38,8.38,0.0,2.51,1.68,4.19,0.0,47,0,86,1307,2229
131,2026-08-21,2314,1.74,1.74,0.0,0.52,0.35,0.87,0.0,10,33,88,1309,1740
131,2026-08-22,8005,6.0,6.0,0.0,1.8,1.2,3.0,0.0,35,32,106,1267,2169
131,2026-08-23,8263,6.2,6.2,0.0,1.86,1.24,3.1,0.0,60,13,104,1263,2858
131,2026-08-24,7971,5.98,5.98,0.0,1.79,1.2,2.99,0.0,57,28,224,1131,1475
131,2026-08-25,14177,10.63,10.63,0.0,3.19,2.13,5.32,0.0,34,8,225,1173,2397
131,2026-08-26,14942,11.21,11.21,0.0,3.36,2.24,5.61,0.0,9,0,228,1203,2809
131,2026-08-27,12204,9.15,9.15,0.0,2.75,1.83,4.58,0.0,32,11,97,1300,1937
131,2026-08-28,10902,8.18,8.18,0.0,2.45,1.64,4.09,0.0,15,28,189,1208,1884
131,2026-08-29,17682,13.26,13.26,0.0,3.98,2.65,6.63,0.0,43,7,60,1330,1047
131,2026-08-30,6170,4.63,4.63,0.0,1.39,0.93,2.31,0.0,51,11,76,1302,1114
131,2026-08-31,5427,4.07,4.07,0.0,1.22,0.81,2.04,0.0,15,45,183,1197,1506
131,2026-09-01,11116,8.34,8.34,0.0,2.5,1.67,4.17,0.0,13,39,89,1299,2864
131,2026-09-02,19713,14.78,14.78,0.0,4.43,2.96,7.39,0.0,20,8,82,1330,2469
131,2026-09-03,13978,10.48,10.48,0.0,3.14,2.1,5.24,0.0,32,15,91,1302,1698
131,2026-09-04,18469,13.85,13.85,0.0,4.15,2.77,6.92,0.0,57,15,72,1296,1844
131,2026-09-05,13774,10.33,10.33,0.0,3.1,2.07,5.17,0.0,26,1,237,1176,1807
131,2026-09-06,7509,5.63,5.63,0.0,1.69,1.13,2.81,0.0,53,29,230,1128,3029
131,2026-09-07,12007,9.01,9.01,0.0,2.7,1.8,4.5,0.0,12,18,67,1343,2420
131,2026-09-08,3335,2.5,2.5,0.0,0.75,0.5,1.25,0.0,30,26,134,1250,2221
131,2026-09-09,4372,3.28,3.28,0.0,0.98,0.66,1.64,0.0,53,5,226,1156,1375
131,2026-09-10,9818,7.36,7.36,0.0,2.21,1.47,3.68,0.0,20,8,108,1304,2332
131,2026-09-11,6502,4.88,4.88,0.0,1.46,0.98,2.44,0.0,56,16,64,1304,1982
131,2026-09-12,5970,4.48,4.48,0.0,1.34,0.9,2.24,0.0,46,26,183,1185,2115
131,2026-09-13,3616,2.71,2.71,0.0,0.81,0.54,1.35,0.0,28,15,143,1254,1346
131,2026-09-14,12751,9.56,9.56,0.0,2.87,1.91,4.78,0.0,8,35,103,1294,2697
131,2026-09-15,16040,12.03,12.03,0.0,3.61,2.41,6.01,0.0,5,17,208,1210,2482
131,2026-09-16,18110,13.58,13.58,0.0,4.07,2.72,6.79,0.0,36,14,133,1257,-100
131,2026-09-17,6997,5.25,5.25,0.0,1.57,1.05,2.62,0.0,58,18,152,1212,2314
131,2026-09-18,4442,3.33,3.33,0.0,1.0,0.67,1.67,0.0,21,15,203,1201,2826
131,2026-09-19,5899,4.42,4.42,0.0,1.33,0.88,2.21,0.0,41,6,233,1160,2111
131,2026-09-20,17114,12.84,12.84,0.0,3.85,2.57,6.42,0.0,59,5,186,1190,2852
131,2026-09-21,14365,10.77,10.77,0.0,3.23,2.15,5.38,0.0,23,28,166,1223,1364
131,2026-09-22,19453,14.59,14.59,0.0,4.38,2.92,7.29,0.0,7,22,144,1267,2309
131,2026-09-23,18420,13.81,13.81,0.0,4.14,2.76,6.91,0.0,30,3,160,1247,1996
131,2026-09-24,4602,3.45,3.45,0.0,1.03,0.69,1.73,0.0,18,6,197,1219,2167
131,2026-09-25,9800,7.35,7.35,0.0,2.2,1.47,3.67,0.0,23,26,114,1277,2393
131,2026-09-26,4308,3.23,3.23,0.0,0.97,0.65,1.61,0.0,56,3,250,1131,3168
131,2026-09-27,11711,8.78,8.78,0.0,2.63,1.76,4.39,0.0,0,15,118,1307,1821
131,2026-09-28,5917,4.44,4.44,0.0,1.33,0.89,2.22,0.0,0,10,177,1253,1515
131,2026-09-29,5625,4.22,4.22,0.0,1.27,0.84,2.11,0.0,3,8,100,1329,1359
131,2026-09-30,15607,11.71,11.71,0.0,3.51,2.34,5.86,0.0,50,43,193,1154,2271
131,2026-10-01,11461,8.6,8.6,0.0,2.58,1.72,4.3,0.0,5,38,159,1238,3189
131,2026-10-02,11826,8.87,8.87,0.0,2.66,1.77,4.43,0.0,17,35,228,1160,2648
131,2026-10-03,1755,1.32,1.32,0.0,0.4,0.26,0.66,0.0,29,13,176,1222,2091
131,2026-10-04,13957,10.47,10.47,0.0,3.14,2.09,5.24,0.0,17,28,206,1189,1633
131,2026-10-04,13957,10.47,10.47,0.0,3.14,2.09,5.24,0.0,17,28,206,1189,1633
132,2026-08-16,6676,5.01,5.01,0.0,1.5,1.0,2.5,0.0,31,30,107,1272,1043
132,2026-08-17,1610,1.21,1.21,0.0,0.36,0.24,0.6,0.0,37,24,201,1178,3126
132,2026-08-18,16055,12.04,12.04,0.0,3.61,2.41,6.02,0.0,18,4,153,1265,1473
132,2026-08-19,5657,4.24,4.24,0.0,1.27,0.85,2.12,0.0,36,42,142,1220,1425
132,2026-08-20,7588,5.69,5.69,0.0,1.71,1.14,2.85,0.0,40,14,183,1203,1208
132,2026-08-21,16194,12.15,12.15,0.0,3.65,2.43,6.08,0.0,4,2,155,1279,1358
132,2026-08-22,7543,5.66,5.66,0.0,1.7,1.13,2.83,0.0,33,21,166,1220,2756
132,2026-08-23,13194,9.9,9.9,0.0,2.97,1.98,4.95,0.0,8,33,236,1163,2812
132,2026-08-24,1797,1.35,1.35,0.0,0.41,0.27,0.68,0.0,47,34,84,1275,2605
132,2026-08-25,12372,9.28,9.28,0.0,2.78,1.86,4.64,0.0,5,2,152,1281,2573
132,2026-08-26,11858,8.89,8.89,0.0,2.67,1.78,4.45,0.0,26,11,83,1320,3199
132,2026-08-27,3009,2.26,2.26,0.0,0.68,0.45,1.13,0.0,33,22,200,1185,3187
132,2026-08-28,4396,3.3,3.3,0.0,0.99,0.66,1.65,0.0,19,21,138,1262,2186
132,2026-08-29,1026,0.77,0.77,0.0,0.23,0.15,0.39,0.0,1,2,187,1250,1466
132,2026-08-30,19017,14.26,14.26,0.0,4.28,2.85,7.13,0.0,55,39,221,1125,2939
132,2026-08-31,7355,5.52,5.52,0.0,1.66,1.1,2.76,0.0,8,6,178,1248,2836
132,2026-09-01,18644,13.98,13.98,0.0,4.19,2.8,6.99,0.0,60,17,208,1155,1002
132,2026-09-02,4458,3.34,3.34,0.0,1.0,0.67,1.67,0.0,34,17,195,1194,1022
132,2026-09-03,2262,1.7,1.7,0.0,0.51,0.34,0.85,0.0,19,35,220,1166,1661
132,2026-09-04,1046,0.78,0.78,0.0,0.23,0.16,0.39,0.0,1,24,184,1231,1722
132,2026-09-05,12344,9.26,9.26,0.0,2.78,1.85,4.63,0.0,57,11,135,1237,1612
132,2026-09-06,4831,3.62,3.62,0.0,1.09,0.72,1.81,0.0,14,26,226,1174,2467
132,2026-09-07,1623,1.22,1.22,0.0,0.37,0.24,0.61,0.0,27,1,147,1265,1824
132,2026-09-08,19989,14.99,14.99,0.0,4.5,3.0,7.5,0.0,49,27,239,1125,3054
132,2026-09-09,12192,9.14,9.14,0.0,2.74,1.83,4.57,0.0,57,21,180,1182,3021
132,2026-09-10,8565,6.42,6.42,0.0,1.93,1.28,3.21,0.0,49,6,146,1239,3186
132,2026-09-11,13462,10.1,10.1,0.0,3.03,2.02,5.05,0.0,27,29,87,1297,2526
132,2026-09-12,10617,7.96,7.96,0.0,2.39,1.59,3.98,0.0,51,39,182,1168,1605
132,2026-09-13,10646,7.98,7.98,0.0,2.39,1.6,3.99,0.0,52,36,121,1231,1582
132,2026-09-14,8325,6.24,6.24,0.0,1.87,1.25,3.12,0.0,9,42,112,1277,1739
132,2026-09-15,14312,10.73,10.73,0.0,3.22,2.15,5.37,0.0,34,24,77,1305,1918
132,2026-09-16,3673,2.75,2.75,0.0,0.82,0.55,1.38,0.0,50,36,61,1293,1235
132,2026-09-17,8941,6.71,6.71,0.0,2.01,1.34,3.35,0.0,49,1,143,1247,1316
132,2026-09-17,8941,6.71,6.71,0.0,2.01,1.34,3.35,0.0,49,1,143,1247,1316
132,2026-09-18,12928,9.7,9.7,0.0,2.91,1.94,4.85,0.0,10,0,76,1354,1674
132,2026-09-19,7028,5.27,5.27,0.0,1.58,1.05,2.63,0.0,60,2,78,1300,2982
132,2026-09-20,3976,2.98,2.98,0.0,0.89,0.6,1.49,0.0,60,31,174,1175,2764
132,2026-09-21,14471,10.85,10.85,0.0,3.25,2.17,5.42,0.0,16,18,160,1246,2260
132,2026-09-22,3958,2.97,2.97,0.0,0.89,0.59,1.49,0.0,33,14,198,1195,2632
132,2026-09-23,14881,11.16,11.16,0.0,3.35,2.23,5.58,0.0,21,43,238,1138,1110
132,2026-09-24,6219,4.66,4.66,0.0,1.4,0.93,2.33,0.0,28,37,214,1161,2036
132,2026-09-25,16901,12.68,12.68,0.0,3.8,2.54,6.34,0.0,49,0,216,1175,1147
132,2026-09-26,16572,12.43,12.43,0.0,3.73,2.49,6.21,0.0,47,11,232,1150,2815
132,2026-09-27,9683,7.26,7.26,0.0,2.18,1.45,3.63,0.0,21,44,193,1182,2889
132,2026-09-28,7379,5.53,5.53,0.0,1.66,1.11,2.77,0.0,2,10,161,1267,1502
132,2026-09-29,12125,9.09,9.09,0.0,2.73,1.82,4.54,0.0,60,41,198,1141,2413
132,2026-09-30,15454,11.59,11.59,0.0,3.48,2.32,5.79,0.0,25,32,103,1280,2109
132,2026-10-01,7086,5.31,5.31,0.0,1.59,1.06,2.65,0.0,30,33,152,1225,2754
132,2026-10-02,4215,3.16,3.16,0.0,0.95,0.63,1.58,0.0,0,41,79,1320,1334
132,2026-10-03,8362,6.27,6.27,0.0,1.88,1.25,3.13,0.0,25,31,85,1299,1206
132,2026-10-04,16299,12.22,12.22,0.0,3.67,2.44,6.11,0.0,43,6,74,1317,2317
132,2026-10-04,16299,12.22,12.22,0.0,3.67,2.44,6.11,0.0,43,6,74,1317,2317
133,2026-08-16,5807,4.36,4.36,0.0,1.31,0.87,2.18,0.0,17,0,137,1286,2051
133,2026-08-17,7251,5.44,5.44,0.0,1.63,1.09,2.72,0.0,58,30,200,1152,2491
133,2026-08-18,1657,1.24,1.24,0.0,0.37,0.25,0.62,0.0,17,45,224,1154,1681
133,2026-08-19,9460,7.09,7.09,0.0,2.13,1.42,3.54,0.0,23,38,100,1279,2715
133,2026-08-20,18660,14.0,14.0,0.0,4.2,2.8,7.0,0.0,28,35,218,1159,2110
133,2026-08-21,17098,12.82,12.82,0.0,3.85,2.56,6.41,0.0,23,41,247,1129,2238
133,2026-08-22,15608,11.71,11.71,0.0,3.51,2.34,5.86,0.0,3,25,65,1347,1246
133,2026-08-23,7696,5.77,5.77,0.0,1.73,1.15,2.88,0.0,47,14,135,1244,2968
133,2026-08-24,11325,8.49,8.49,0.0,2.55,1.7,4.25,0.0,36,45,96,1263,1394
133,2026-08-25,7162,5.37,5.37,0.0,1.61,1.07,2.69,0.0,54,10,185,1191,1606
133,2026-08-26,14579,10.93,10.93,0.0,3.28,2.19,5.46,0.0,28,43,156,1213,2112
133,2026-08-27,3918,2.94,2.94,0.0,0.88,0.59,1.47,0.0,32,42,158,1208,2687
133,2026-08-28,5742,4.31,4.31,0.0,1.29,0.86,2.15,0.0,19,22,159,1240,1053
133,2026-08-29,5117,3.84,3.84,0.0,1.15,0.77,1.92,0.0,24,26,67,1323,2381
133,2026-08-30,19928,14.95,14.95,0.0,4.48,2.99,7.47,0.0,21,28,238,1153,2533
133,2026-08-31,18954,14.22,14.22,0.0,4.27,2.84,7.11,0.0,18,29,131,1262,1248
133,2026-09-01,19426,14.57,14.57,0.0,4.37,2.91,7.29,0.0,2,44,88,1306,2522
133,2026-09-02,2177,1.63,1.63,0.0,0.49,0.33,0.81,0.0,27,17,236,1160,2252
133,2026-09-03,2181,1.64,1.64,0.0,0.49,0.33,0.82,0.0,45,16,217,1162,1578
133,2026-09-04,3541,2.66,2.66,0.0,0.8,0.53,1.33,0.0,42,34,131,1233,1992
133,2026-09-05,3808,2.86,2.86,0.0,0.86,0.57,1.43,0.0,56,11,165,1208,3196
133,2026-09-06,1111,0.83,0.83,0.0,0.25,0.17,0.41,0.0,8,19,108,1305,3044
133,2026-09-07,18198,13.65,13.65,0.0,4.09,2.73,6.83,0.0,34,35,165,1206,2502
133,2026-09-08,16286,12.21,12.21,0.0,3.66,2.44,6.11,0.0,0,26,147,1267,3199
133,2026-09-09,14741,11.06,11.06,0.0,3.32,2.21,5.53,0.0,41,15,110,1274,3126
133,2026-09-10,7562,5.67,5.67,0.0,1.7,1.13,2.83,0.0,32,19,194,1195,1014
133,2026-09-11,2051,1.54,1.54,0.0,0.46,0.31,0.77,0.0,12,14,141,1273,2756
133,2026-09-12,17771,13.33,13.33,0.0,4.0,2.67,6.67,0.0,9,17,97,1317,2705
133,2026-09-13,9787,7.34,7.34,0.0,2.2,1.47,3.67,0.0,48,29,66,1297,1816
133,2026-09-14,3641,2.73,2.73,0.0,0.82,0.55,1.36,0.0,53,43,145,1199,2528
133,2026-09-15,1464,1.1,1.1,0.0,0.33,0.22,0.55,0.0,33,14,144,1249,1966
133,2026-09-16,19236,14.43,14.43,0.0,4.33,2.89,7.21,0.0,45,8,86,1301,1661
133,2026-09-17,5250,3.94,3.94,0.0,1.18,0.79,1.97,0.0,37,1,112,1290,2981
133,2026-09-18,2565,1.92,1.92,0.0,0.58,0.38,0.96,0.0,9,34,150,1247,1862
133,2026-09-19,18032,13.52,13.52,0.0,4.06,2.7,6.76,0.0,14,38,228,1160,2069
133,2026-09-20,3786,2.84,2.84,0.0,0.85,0.57,1.42,0.0,17,43,204,1176,1368
133,2026-09-21,6522,4.89,4.89,0.0,1.47,0.98,2.44,0.0,57,1,131,1251,1026
133,2026-09-22,12413,9.31,9.31,0.0,2.79,1.86,4.66,0.0,52,45,149,1194,3181
133,2026-09-23,18519,13.89,13.89,0.0,4.17,2.78,6.95,0.0,34,12,131,1263,2660
133,2026-09-24,17327,13.0,13.0,0.0,3.9,2.6,6.5,0.0,46,41,228,1125,2631
133,2026-09-25,15855,11.89,11.89,0.0,3.57,2.38,5.95,0.0,22,24,249,1145,2406
133,2026-09-26,3924,2.94,2.94,0.0,0.88,0.59,1.47,0.0,5,26,126,1283,2875
133,2026-09-27,16795,12.6,12.6,0.0,3.78,2.52,6.3,0.0,40,8,186,1206,2381
133,2026-09-28,17974,13.48,13.48,0.0,4.04,2.7,6.74,0.0,41,21,207,1171,1455
133,2026-09-29,10969,8.23,8.23,0.0,2.47,1.65,4.12,0.0,46,8,242,1144,3116
133,2026-09-30,13706,10.28,10.28,0.0,3.08,2.06,5.14,0.0,26,43,214,1157,1457
133,2026-10-01,11190,8.39,8.39,0.0,2.52,1.68,4.2,0.0,31,22,199,1188,1944
133,2026-10-02,7029,5.27,5.27,0.0,1.58,1.05,2.63,0.0,48,35,187,1170,1445
133,2026-10-03,4401,3.3,3.3,0.0,0.99,0.66,1.65,0.0,4,26,99,1311,2135
133,2026-10-04,5727,4.3,4.3,0.0,1.29,0.86,2.15,0.0,17,33,73,1317,3014
134,2026-08-16,4405,3.3,3.3,0.0,0.99,0.66,1.65,0.0,47,1,169,1223,2676
134,2026-08-17,17102,12.83,12.83,0.0,3.85,2.57,6.42,0.0,35,25,240,1140,3103
134,2026-08-18,13426,10.07,10.07,0.0,3.02,2.01,5.04,0.0,21,15,208,1196,2849
134,2026-08-19,18054,13.54,13.54,0.0,4.06,2.71,6.77,0.0,13,6,155,1266,2476
134,2026-08-20,8013,6.01,6.01,0.0,1.8,1.2,3.0,0.0,36,13,226,1165,2000
134,2026-08-21,16185,12.14,12.14,0.0,3.64,2.43,6.07,0.0,9,29,96,1306,2138
134,2026-08-22,15192,11.39,11.39,0.0,3.42,2.28,5.7,0.0,43,43,157,1197,1791
134,2026-08-23,5932,4.45,4.45,0.0,1.33,0.89,2.23,0.0,54,0,167,1219,1594
134,2026-08-24,12290,9.22,9.22,0.0,2.77,1.84,4.61,0.0,40,37,70,1293,2239
134,2026-08-25,18577,13.93,13.93,0.0,4.18,2.79,6.96,0.0,2,1,161,1276,1307
134,2026-08-26,3969,2.98,2.98,0.0,0.89,0.6,1.49,0.0,18,8,218,1196,1320
134,2026-08-27,16129,12.1,12.1,0.0,3.63,2.42,6.05,0.0,22,10,188,1220,2229
134,2026-08-28,19711,14.78,14.78,0.0,4.43,2.96,7.39,0.0,2,27,89,1322,1092
134,2026-08-29,11327,8.5,8.5,0.0,2.55,1.7,4.25,0.0,54,9,105,1272,1909
134,2026-08-30,2911,2.18,2.18,0.0,0.65,0.44,1.09,0.0,14,28,112,1286,2182
134,2026-08-31,7381,5.54,5.54,0.0,1.66,1.11,2.77,0.0,49,44,152,1195,1340
134,2026-09-01,9941,7.46,7.46,0.0,2.24,1.49,3.73,0.0,32,21,61,1326,1606
134,2026-09-02,3499,2.62,2.62,0.0,0.79,0.52,1.31,0.0,6,17,168,1249,3087
134,2026-09-03,3409,2.56,2.56,0.0,0.77,0.51,1.28,0.0,28,23,182,1207,2895
134,2026-09-04,1661,1.25,1.25,0.0,0.38,0.25,0.62,0.0,17,13,152,1258,3065
134,2026-09-05,13741,10.31,10.31,0.0,3.09,2.06,5.16,0.0,15,32,195,1198,1511
134,2026-09-06,11631,8.72,8.72,0.0,2.62,1.74,4.36,0.0,48,17,188,1187,2958
134,2026-09-07,8718,6.54,6.54,0.0,1.96,1.31,3.27,0.0,23,39,94,1284,1324
134,2026-09-08,6918,5.19,5.19,0.0,1.56,1.04,2.6,0.0,41,45,240,1114,1518
134,2026-09-09,2963,2.22,2.22,0.0,0.67,0.44,1.11,0.0,22,20,247,1151,2859
134,2026-09-10,6158,4.62,4.62,0.0,1.39,0.92,2.31,0.0,8,24,126,1282,2786
134,2026-09-10,6158,4.62,4.62,0.0,1.39,0.92,2.31,0.0,8,24,126,1282,2786
134,2026-09-11,6649,4.99,4.99,0.0,1.5,1.0,2.5,0.0,29,23,211,1177,2807
134,2026-09-12,13207,9.91,9.91,0.0,2.97,1.98,4.96,0.0,31,40,91,1278,1802
134,2026-09-13,15315,11.49,11.49,0.0,3.45,2.3,5.75,0.0,57,9,113,1261,2333
134,2026-09-14,17347,13.01,13.01,0.0,3.9,2.6,6.5,0.0,6,23,216,1195,1766
134,2026-09-15,14216,10.66,10.66,0.0,3.2,2.13,5.33,0.0,15,14,173,1238,2381
134,2026-09-16,17323,12.99,12.99,0.0,3.9,2.6,6.5,0.0,11,23,161,1245,3168
134,2026-09-17,11316,8.49,8.49,0.0,2.55,1.7,4.25,0.0,27,45,120,1248,2719
134,2026-09-18,13970,10.48,10.48,0.0,3.14,2.1,5.24,0.0,35,43,168,1194,2289
134,2026-09-19,1033,0.77,0.77,0.0,0.23,0.15,0.39,0.0,32,23,153,1232,3095
134,2026-09-20,2482,1.86,1.86,0.0,0.56,0.37,0.93,0.0,16,25,210,1189,2398
134,2026-09-21,15021,11.27,11.27,0.0,3.38,2.25,5.63,0.0,52,11,209,1168,1169
134,2026-09-22,2491,1.87,1.87,0.0,0.56,0.37,0.94,0.0,44,37,217,1142,1698
134,2026-09-23,5927,4.45,4.45,0.0,1.33,0.89,2.23,0.0,21,27,70,1322,1990
134,2026-09-24,11185,8.39,8.39,0.0,2.52,1.68,4.2,0.0,12,2,237,1189,2553
134,2026-09-25,16502,12.38,12.38,0.0,3.71,2.48,6.19,0.0,8,10,76,1346,2256
134,2026-09-26,18689,14.02,14.02,0.0,4.21,2.8,7.01,0.0,50,0,213,1177,1037
134,2026-09-27,11674,8.76,8.76,0.0,2.63,1.75,4.38,0.0,18,41,90,1291,1316
134,2026-09-28,7526,5.64,5.64,0.0,1.69,1.13,2.82,0.0,27,30,108,1275,1328
134,2026-09-29,19777,14.83,14.83,0.0,4.45,2.97,7.42,0.0,14,7,66,1353,1609
134,2026-09-30,15642,11.73,11.73,0.0,3.52,2.35,5.87,0.0,28,8,128,1276,1134
134,2026-10-01,14100,10.58,10.58,0.0,3.17,2.12,5.29,0.0,11,42,149,1238,2470
134,2026-10-02,8387,6.29,6.29,0.0,1.89,1.26,3.15,0.0,45,16,235,1144,2448
134,2026-10-03,12359,9.27,9.27,0.0,2.78,1.85,4.63,0.0,9,38,61,1332,2434
134,2026-10-04,14385,10.79,10.79,0.0,3.24,2.16,5.39,0.0,58,38,245,1099,1586
135,2026-08-16,3798,2.85,2.85,0.0,0.85,0.57,1.43,0.0,39,11,126,1264,2618
135,2026-08-17,19839,14.88,14.88,0.0,4.46,2.98,7.44,0.0,10,39,180,1211,2281
135,2026-08-17,19839,14.88,14.88,0.0,4.46,2.98,7.44,0.0,10,39,180,1211,2281
135,2026-08-18,16192,12.14,12.14,0.0,3.64,2.43,6.07,0.0,43,0,87,1310,2776
135,2026-08-19,8612,6.46,6.46,0.0,1.94,1.29,3.23,0.0,25,41,179,1195,1158
135,2026-08-20,11773,8.83,8.83,0.0,2.65,1.77,4.42,0.0,56,18,195,1171,1340
135,2026-08-21,10507,7.88,7.88,0.0,2.36,1.58,3.94,0.0,18,9,203,1210,2111
135,2026-08-22,16533,12.4,12.4,0.0,3.72,2.48,6.2,0.0,5,42,209,1184,3194
135,2026-08-23,19350,14.51,14.51,0.0,4.35,2.9,7.25,0.0,28,31,240,1141,1590
135,2026-08-24,14096,10.57,10.57,0.0,3.17,2.11,5.29,0.0,3,31,78,1328,2977
135,2026-08-25,3168,2.38,2.38,0.0,0.71,0.48,1.19,0.0,17,29,208,1186,3176
135,2026-08-26,8850,6.64,6.64,0.0,1.99,1.33,3.32,0.0,32,24,86,1298,2113
135,2026-08-27,2093,1.57,1.57,0.0,0.47,0.31,0.79,0.0,55,26,222,1137,2214
135,2026-08-28,12093,9.07,9.07,0.0,2.72,1.81,4.54,0.0,51,28,211,1150,3033
135,2026-08-29,13177,9.88,9.88,0.0,2.96,1.98,4.94,0.0,3,4,149,1284,2930
135,2026-08-30,10055,7.54,7.54,0.0,2.26,1.51,3.77,0.0,59,23,87,1271,2603
135,2026-08-31,19654,14.74,14.74,0.0,4.42,2.95,7.37,0.0,25,38,168,1209,1149
135,2026-09-01,14573,10.93,10.93,0.0,3.28,2.19,5.46,0.0,13,1,92,1334,2023
135,2026-09-02,17880,13.41,13.41,0.0,4.02,2.68,6.71,0.0,45,21,86,1288,1199
135,2026-09-03,1228,0.92,0.92,0.0,0.28,0.18,0.46,0.0,8,27,179,1226,2379
135,2026-09-04,8998,6.75,6.75,0.0,2.02,1.35,3.38,0.0,58,39,138,1205,1199
135,2026-09-04,8998,6.75,6.75,0.0,2.02,1.35,3.38,0.0,58,39,138,1205,1199
135,2026-09-05,7306,5.48,5.48,0.0,1.64,1.1,2.74,0.0,10,32,166,1232,1434
135,2026-09-06,11158,8.37,8.37,0.0,2.51,1.67,4.18,0.0,14,22,234,1170,2181
135,2026-09-07,19833,14.87,14.87,0.0,4.46,2.97,7.43,0.0,7,45,186,1202,2053
135,2026-09-08,2647,1.99,1.99,0.0,0.6,0.4,0.99,0.0,2,43,241,1154,1859
135,2026-09-09,1018,0.76,0.76,0.0,0.23,0.15,0.38,0.0,7,39,212,1182,1715
135,2026-09-10,10838,8.13,8.13,0.0,2.44,1.63,4.07,0.0,28,11,102,1299,2196
135,2026-09-11,3338,2.5,2.5,0.0,0.75,0.5,1.25,0.0,0,36,230,1174,2857
135,2026-09-12,14043,10.53,10.53,0.0,3.16,2.11,5.26,0.0,16,35,226,1163,1681
135,2026-09-13,18916,14.19,14.19,0.0,4.26,2.84,7.09,0.0,18,2,207,1213,1599
135,2026-09-14,3548,2.66,2.66,0.0,0.8,0.53,1.33,0.0,55,2,81,1302,3092
135,2026-09-15,15509,11.63,11.63,0.0,3.49,2.33,5.82,0.0,40,12,69,1319,3125
135,2026-09-16,17609,13.21,13.21,0.0,3.96,2.64,6.61,0.0,29,17,206,1188,2489
135,2026-09-17,6371,4.78,4.78,0.0,1.43,0.96,2.39,0.0,10,32,217,1181,1918
135,2026-09-18,16435,12.33,12.33,0.0,3.7,2.47,6.17,0.0,9,0,119,1312,2214
135,2026-09-19,11698,8.77,8.77,0.0,2.63,1.75,4.38,0.0,13,39,220,1168,1446
135,2026-09-20,11804,8.85,8.85,0.0,2.65,1.77,4.42,0.0,41,26,110,1263,2560
135,2026-09-21,6949,5.21,5.21,0.0,1.56,1.04,2.6,0.0,50,20,204,1166,2142
135,2026-09-22,10530,7.9,7.9,0.0,2.37,1.58,3.95,0.0,52,17,76,1295,2403
135,2026-09-23,14917,11.19,11.19,0.0,3.36,2.24,5.59,0.0,47,10,97,1286,3183
135,2026-09-24,2188,1.64,1.64,0.0,0.49,0.33,0.82,0.0,56,37,242,1105,1286
135,2026-09-25,19919,14.94,14.94,0.0,4.48,2.99,7.47,0.0,16,12,129,1283,2781
135,2026-09-26,13312,9.98,9.98,0.0,2.99,2.0,4.99,0.0,34,36,167,1203,2386
135,2026-09-27,10459,7.84,7.84,0.0,2.35,1.57,3.92,0.0,49,29,199,1163,2167
135,2026-09-28,2160,1.62,1.62,0.0,0.49,0.32,0.81,0.0,21,33,181,1205,2330
135,2026-09-29,8798,6.6,6.6,0.0,1.98,1.32,3.3,0.0,1,2,198,1239,1080
135,2026-09-30,9516,7.14,7.14,0.0,2.14,1.43,3.57,0.0,26,26,231,1157,1767
135,2026-10-01,15974,11.98,11.98,0.0,3.59,2.4,5.99,0.0,45,32,99,1264,2924
135,2026-10-02,4885,3.66,3.66,0.0,1.1,0.73,1.83,0.0,6,27,96,1311,2720
135,2026-10-03,6115,4.59,4.59,0.0,1.38,0.92,2.29,0.0,10,26,200,1204,1733
135,2026-10-04,19427,14.57,14.57,0.0,4.37,2.91,7.29,0.0,54,34,64,1288,2226
136,2026-08-16,1096,0.82,0.82,0.0,0.25,0.16,0.41,0.0,53,7,211,1169,2037
136,2026-08-16,1096,0.82,0.82,0.0,0.25,0.16,0.41,0.0,53,7,211,1169,2037
136,2026-08-17,19858,14.89,14.89,0.0,4.47,2.98,7.45,0.0,32,21,160,1227,2280
136,2026-08-18,8517,6.39,6.39,0.0,1.92,1.28,3.19,0.0,27,27,96,1290,3089
136,2026-08-19,8021,6.02,6.02,0.0,1.81,1.2,3.01,0.0,32,23,161,1224,2384
136,2026-08-20,17523,13.14,13.14,0.0,3.94,2.63,6.57,0.0,4,36,173,1227,2582
136,2026-08-21,11996,9.0,9.0,0.0,2.7,1.8,4.5,0.0,13,32,136,1259,2129
136,2026-08-22,11709,8.78,8.78,0.0,2.63,1.76,4.39,0.0,37,39,63,1301,1494
136,2026-08-23,15314,11.49,11.49,0.0,3.45,2.3,5.75,0.0,53,34,62,1291,2405
136,2026-08-24,9891,7.42,7.42,0.0,2.23,1.48,3.71,0.0,9,0,213,1218,2529
136,2026-08-25,6289,4.72,4.72,0.0,1.42,0.94,2.36,0.0,38,10,238,1154,1373
136,2026-08-26,17212,12.91,12.91,0.0,3.87,2.58,6.46,0.0,35,24,142,1239,1747
136,2026-08-27,11595,8.7,8.7,0.0,2.61,1.74,4.35,0.0,46,7,223,1164,2317
136,2026-08-28,12820,9.62,9.62,0.0,2.89,1.92,4.81,0.0,60,9,64,1307,1276
136,2026-08-29,8588,6.44,6.44,0.0,1.93,1.29,3.22,0.0,2,1,115,1322,2912
136,2026-08-30,12804,9.6,9.6,0.0,2.88,1.92,4.8,0.0,17,6,108,1309,1037
136,2026-08-31,6026,4.52,4.52,0.0,1.36,0.9,2.26,0.0,2,15,235,1188,1683
136,2026-08-31,6026,4.52,4.52,0.0,1.36,0.9,2.26,0.0,2,15,235,1188,1683
136,2026-09-01,13812,10.36,10.36,0.0,3.11,2.07,5.18,0.0,23,42,91,1284,2598
136,2026-09-02,2844,2.13,2.13,0.0,0.64,0.43,1.06,0.0,13,23,72,1332,1391
136,2026-09-03,12717,9.54,9.54,0.0,2.86,1.91,4.77,0.0,27,10,148,1255,1069
136,2026-09-04,11670,8.75,8.75,0.0,2.62,1.75,4.38,0.0,13,35,62,1330,2158
136,2026-09-05,14056,10.54,10.54,0.0,3.16,2.11,5.27,0.0,50,30,230,1130,1922
136,2026-09-06,13751,10.31,10.31,0.0,3.09,2.06,5.16,0.0,9,16,208,1207,1831
136,2026-09-07,9744,7.31,7.31,0.0,2.19,1.46,3.65,0.0,38,19,86,1297,1321
136,2026-09-08,17795,13.35,13.35,0.0,4.0,2.67,6.67,0.0,54,11,140,1235,2650
136,2026-09-09,8573,6.43,6.43,0.0,1.93,1.29,3.21,0.0,25,11,77,1327,1457
136,2026-09-10,15780,11.84,11.84,0.0,3.55,2.37,5.92,0.0,56,32,159,1193,1696
136,2026-09-11,18056,13.54,13.54,0.0,4.06,2.71,6.77,0.0,10,23,124,1283,1775
136,2026-09-12,4722,3.54,3.54,0.0,1.06,0.71,1.77,0.0,36,6,83,1315,2836
136,2026-09-13,1942,1.46,1.46,0.0,0.44,0.29,0.73,0.0,5,35,86,1314,1081
136,2026-09-14,19247,14.44,14.44,0.0,4.33,2.89,7.22,0.0,11,6,156,1267,3086
136,2026-09-15,10854,8.14,8.14,0.0,2.44,1.63,4.07,0.0,10,4,122,1304,2655
136,2026-09-16,16983,12.74,12.74,0.0,3.82,2.55,6.37,0.0,13,30,103,1294,3089
136,2026-09-17,3965,2.97,2.97,0.0,0.89,0.59,1.49,0.0,25,23,196,1196,2448
136,2026-09-18,15533,11.65,11.65,0.0,3.5,2.33,5.83,0.0,34,17,156,1233,2586
136,2026-09-19,14308,10.73,10.73,0.0,3.22,2.15,5.37,0.0,16,16,107,1301,1519
136,2026-09-20,11708,8.78,8.78,0.0,2.63,1.76,4.39,0.0,49,7,159,1225,1100
136,2026-09-21,11498,8.62,8.62,0.0,2.59,1.72,4.31,0.0,40,31,95,1274,1025
136,2026-09-22,1148,0.86,0.86,0.0,0.26,0.17,0.43,0.0,58,5,238,1139,2431
136,2026-09-23,10913,8.18,8.18,0.0,2.45,1.64,4.09,0.0,49,44,184,1163,1396
136,2026-09-24,15293,11.47,11.47,0.0,3.44,2.29,5.74,0.0,5,21,234,1180,1378
136,2026-09-25,15201,11.4,11.4,0.0,3.42,2.28,5.7,0.0,5,20,74,1341,2234
136,2026-09-26,2641,1.98,1.98,0.0,0.59,0.4,0.99,0.0,3,23,144,1270,3046
136,2026-09-27,9890,7.42,7.42,0.0,2.23,1.48,3.71,0.0,50,35,67,1288,1670
136,2026-09-28,5371,4.03,4.03,0.0,1.21,0.81,2.02,0.0,4,23,250,1163,2294
136,2026-09-29,15011,11.26,11.26,0.0,3.38,2.25,5.63,0.0,47,6,154,1233,3031
136,2026-09-30,5603,4.2,4.2,0.0,1.26,0.84,2.1,0.0,13,3,201,1223,3141
136,2026-10-01,13592,10.19,10.19,0.0,3.06,2.04,5.09,0.0,28,17,206,1189,1231
136,2026-10-02,15158,11.37,11.37,0.0,3.41,2.27,5.68,0.0,6,22,249,1163,1789
136,2026-10-03,8510,6.38,6.38,0.0,1.91,1.28,3.19,0.0,39,28,86,1287,2802
136,2026-10-04,10471,7.85,7.85,0.0,2.35,1.57,3.92,0.0,22,3,106,1309,2597
137,2026-08-16,1512,1.13,1.13,0.0,0.34,0.23,0.56,0.0,58,20,207,1155,1847
137,2026-08-17,3566,2.67,2.67,0.0,0.8,0.53,1.33,0.0,13,28,166,1233,1964
137,2026-08-18,13828,10.37,10.37,0.0,3.11,2.07,5.18,0.0,5,20,140,1275,1622
137,2026-08-19,16097,12.07,12.07,0.0,3.62,2.41,6.04,0.0,3,22,155,1260,1959
137,2026-08-20,18150,13.61,13.61,0.0,4.08,2.72,6.8,0.0,35,43,136,1226,1031
137,2026-08-21,13789,10.34,10.34,0.0,3.1,2.07,5.17,0.0,9,11,206,1214,-100
137,2026-08-22,7183,5.39,5.39,0.0,1.62,1.08,2.69,0.0,27,34,134,1245,1263
137,2026-08-23,2109,1.58,1.58,0.0,0.47,0.32,0.79,0.0,24,5,190,1221,2410
137,2026-08-24,2545,1.91,1.91,0.0,0.57,0.38,0.95,0.0,32,11,164,1233,1495
137,2026-08-25,12237,9.18,9.18,0.0,2.75,1.84,4.59,0.0,57,19,144,1220,1806
137,2026-08-26,1323,0.99,0.99,0.0,0.3,0.2,0.49,0.0,35,41,98,1266,1059
137,2026-08-27,13402,10.05,10.05,0.0,3.02,2.01,5.03,0.0,7,34,134,1265,3122
137,2026-08-28,8918,6.69,6.69,0.0,2.01,1.34,3.35,0.0,52,5,174,1209,2804
137,2026-08-29,10748,8.06,8.06,0.0,2.42,1.61,4.03,0.0,15,13,152,1260,1576
137,2026-08-30,16784,12.59,12.59,0.0,3.78,2.52,6.29,0.0,16,15,74,1335,2323
137,2026-08-31,18475,13.86,13.86,0.0,4.16,2.77,6.93,0.0,14,24,92,1310,2396
137,2026-09-01,5167,3.88,3.88,0.0,1.16,0.78,1.94,0.0,54,38,118,1230,2279
137,2026-09-02,11718,8.79,8.79,0.0,2.64,1.76,4.39,0.0,9,41,184,1206,2675
137,2026-09-03,16530,12.4,12.4,0.0,3.72,2.48,6.2,0.0,36,29,206,1169,1042
137,2026-09-04,19459,14.59,14.59,0.0,4.38,2.92,7.29,0.0,57,28,62,1293,1582
137,2026-09-05,16442,12.33,12.33,0.0,3.7,2.47,6.17,0.0,47,38,62,1293,2236
137,2026-09-06,7039,5.28,5.28,0.0,1.58,1.06,2.64,0.0,33,33,206,1168,1923
137,2026-09-07,13772,10.33,10.33,0.0,3.1,2.07,5.17,0.0,18,5,195,1222,1673
137,2026-09-08,3145,2.36,2.36,0.0,0.71,0.47,1.18,0.0,57,17,183,1183,2284
137,2026-09-09,11046,8.28,8.28,0.0,2.48,1.66,4.14,0.0,49,13,203,1175,1981
137,2026-09-10,11153,8.36,8.36,0.0,2.51,1.67,4.18,0.0,27,6,139,1268,1623
137,2026-09-11,15298,11.47,11.47,0.0,3.44,2.29,5.74,0.0,5,9,217,1209,2540
137,2026-09-12,7972,5.98,5.98,0.0,1.79,1.2,2.99,0.0,53,23,114,1250,2761
137,2026-09-13,17415,13.06,13.06,0.0,3.92,2.61,6.53,0.0,13,16,60,1351,2330
137,2026-09-14,9484,7.11,7.11,0.0,2.13,1.42,3.56,0.0,31,36,107,1266,2298
137,2026-09-15,5612,4.21,4.21,0.0,1.26,0.84,2.1,0.0,21,23,109,1287,2345
137,2026-09-16,19016,14.26,14.26,0.0,4.28,2.85,7.13,0.0,34,21,184,1201,1883
137,2026-09-17,16629,12.47,12.47,0.0,3.74,2.49,6.24,0.0,19,43,99,1279,1468
137,2026-09-18,17374,13.03,13.03,0.0,3.91,2.61,6.51,0.0,29,26,166,1219,2276
137,2026-09-19,14675,11.01,11.01,0.0,3.3,2.2,5.5,0.0,46,11,110,1273,2917
137,2026-09-20,19677,14.76,14.76,0.0,4.43,2.95,7.38,0.0,60,0,173,1207,1138
137,2026-09-21,17848,13.39,13.39,0.0,4.02,2.68,6.7,0.0,23,30,75,1312,2296
137,2026-09-22,16856,12.64,12.64,0.0,3.79,2.53,6.32,0.0,32,14,104,1290,3088
137,2026-09-23,6548,4.91,4.91,0.0,1.47,0.98,2.46,0.0,45,40,163,1192,2667
137,2026-09-24,13619,10.21,10.21,0.0,3.06,2.04,5.11,0.0,34,10,118,1278,2699
137,2026-09-25,18140,13.61,13.61,0.0,4.08,2.72,6.8,0.0,50,15,205,1170,2814
137,2026-09-26,9426,7.07,7.07,0.0,2.12,1.41,3.54,0.0,31,6,214,1189,2453
137,2026-09-27,10156,7.62,7.62,0.0,2.29,1.52,3.81,0.0,4,22,199,1215,1119
137,2026-09-28,8390,6.29,6.29,0.0,1.89,1.26,3.15,0.0,9,42,147,1242,1691
137,2026-09-29,5422,4.07,4.07,0.0,1.22,0.81,2.04,0.0,10,4,149,1277,2951
137,2026-09-30,14076,10.56,10.56,0.0,3.17,2.11,5.28,0.0,5,7,230,1198,1300
137,2026-10-01,18514,13.89,13.89,0.0,4.17,2.78,6.95,0.0,50,5,243,1142,2072
137,2026-10-02,4144,3.11,3.11,0.0,0.93,0.62,1.55,0.0,8,31,184,1217,1684
137,2026-10-03,5911,4.43,4.43,0.0,1.33,0.89,2.21,0.0,36,10,139,1255,3158
137,2026-10-04,19766,14.82,14.82,0.0,4.45,2.96,7.41,0.0,11,41,189,1199,3115
138,2026-08-16,3022,2.27,2.27,0.0,0.68,0.45,1.14,0.0,10,19,154,1257,2133
138,2026-08-17,7007,5.26,5.26,0.0,1.58,1.05,2.63,0.0,45,44,117,1234,2037
138,2026-08-18,15474,11.61,11.61,0.0,3.48,2.32,5.8,0.0,52,30,220,1138,2270
138,2026-08-19,9030,6.77,6.77,0.0,2.03,1.35,3.38,0.0,49,10,201,1180,2116
138,2026-08-20,10550,7.91,7.91,0.0,2.37,1.58,3.96,0.0,37,35,110,1258,1292
138,2026-08-21,6413,4.81,4.81,0.0,1.44,0.96,2.4,0.0,59,2,78,1301,1424
138,2026-08-22,16173,12.13,12.13,0.0,3.64,2.43,6.07,0.0,3,8,217,1212,1435
138,2026-08-23,9614,7.21,7.21,0.0,2.16,1.44,3.6,0.0,46,18,242,1134,1080
138,2026-08-24,1306,0.98,0.98,0.0,0.29,0.2,0.49,0.0,59,0,162,1219,2744
138,2026-08-25,17369,13.03,13.03,0.0,3.91,2.61,6.51,0.0,23,33,218,1166,1943
138,2026-08-26,11450,8.59,8.59,0.0,2.58,1.72,4.29,0.0,41,44,125,1230,3104
138,2026-08-27,14193,10.64,10.64,0.0,3.19,2.13,5.32,0.0,23,40,122,1255,1172
138,2026-08-28,9536,7.15,7.15,0.0,2.15,1.43,3.58,0.0,27,25,93,1295,2455
138,2026-08-29,8616,6.46,6.46,0.0,1.94,1.29,3.23,0.0,13,13,186,1228,2267
138,2026-08-30,11010,8.26,8.26,0.0,2.48,1.65,4.13,0.0,53,31,68,1288,2956
138,2026-08-31,16463,12.35,12.35,0.0,3.7,2.47,6.17,0.0,41,42,173,1184,1145
138,2026-09-01,9137,6.85,6.85,0.0,2.05,1.37,3.42,0.0,53,30,204,1153,2953
138,2026-09-02,2821,2.12,2.12,0.0,0.64,0.42,1.06,0.0,18,20,198,1204,2613
138,2026-09-03,12376,9.28,9.28,0.0,2.78,1.86,4.64,0.0,33,33,181,1193,1874
138,2026-09-04,16524,12.39,12.39,0.0,3.72,2.48,6.2,0.0,49,14,246,1131,2644
138,2026-09-05,11299,8.47,8.47,0.0,2.54,1.69,4.24,0.0,29,40,224,1147,3137
138,2026-09-06,18438,13.83,13.83,0.0,4.15,2.77,6.92,0.0,40,9,115,1276,1922
138,2026-09-07,1402,1.05,1.05,0.0,0.32,0.21,0.53,0.0,3,16,177,1244,2022
138,2026-09-08,13025,9.77,9.77,0.0,2.93,1.95,4.88,0.0,20,36,67,1317,1260
138,2026-09-09,9147,6.86,6.86,0.0,2.06,1.37,3.43,0.0,3,40,234,1163,2883
138,2026-09-10,12457,9.34,9.34,0.0,2.8,1.87,4.67,0.0,13,39,223,1165,2109
138,2026-09-11,7605,5.7,5.7,0.0,1.71,1.14,2.85,0.0,12,25,152,1251,1606
138,2026-09-12,8723,6.54,6.54,0.0,1.96,1.31,3.27,0.0,27,42,171,1200,2774
138,2026-09-12,8723,6.54,6.54,0.0,1.96,1.31,3.27,0.0,27,42,171,1200,2774
138,2026-09-13,15737,11.8,11.8,0.0,3.54,2.36,5.9,0.0,26,37,210,1167,1261
138,2026-09-14,3572,2.68,2.68,0.0,0.8,0.54,1.34,0.0,51,8,221,1160,2156
138,2026-09-15,5797,4.35,4.35,0.0,1.3,0.87,2.17,0.0,55,11,95,1279,2406
138,2026-09-16,3669,2.75,2.75,0.0,0.82,0.55,1.38,0.0,29,19,125,1267,3176
138,2026-09-17,19833,14.87,14.87,0.0,4.46,2.97,7.43,0.0,51,12,185,1192,3123
138,2026-09-18,6207,4.66,4.66,0.0,1.4,0.93,2.33,0.0,46,22,220,1152,1894
138,2026-09-19,8282,6.21,6.21,0.0,1.86,1.24,3.1,0.0,0,14,67,1359,1397
138,2026-09-20,19969,14.98,14.98,0.0,4.49,3.0,7.49,0.0,38,7,189,1206,2370
138,2026-09-21,15230,11.42,11.42,0.0,3.43,2.28,5.71,0.0,48,24,250,1118,1617
138,2026-09-22,5323,3.99,3.99,0.0,1.2,0.8,2.0,0.0,36,32,207,1165,1752
138,2026-09-23,2015,1.51,1.51,0.0,0.45,0.3,0.76,0.0,44,13,133,1250,2801
138,2026-09-24,2229,1.67,1.67,0.0,0.5,0.33,0.83,0.0,4,14,74,1348,1632
138,2026-09-25,16975,12.73,12.73,0.0,3.82,2.55,6.37,0.0,10,38,236,1156,2197
138,2026-09-26,6286,4.71,4.71,0.0,1.41,0.94,2.35,0.0,23,31,243,1143,2576
138,2026-09-27,13319,9.99,9.99,0.0,3.0,2.0,5.0,0.0,4,37,245,1154,2181
138,2026-09-28,18346,13.76,13.76,0.0,4.13,2.75,6.88,0.0,5,31,95,1309,2202
138,2026-09-29,7118,5.34,5.34,0.0,1.6,1.07,2.67,0.0,4,2,172,1262,3115
138,2026-09-30,11518,8.64,8.64,0.0,2.59,1.73,4.32,0.0,35,45,85,1275,2333
138,2026-10-01,19446,14.58,14.58,0.0,4.37,2.92,7.29,0.0,60,6,236,1138,1488
138,2026-10-02,1086,0.81,0.81,0.0,0.24,0.16,0.41,0.0,4,36,237,1163,1670
138,2026-10-03,10674,8.01,8.01,0.0,2.4,1.6,4.0,0.0,32,18,188,1202,2453
138,2026-10-04,19298,14.47,14.47,0.0,4.34,2.89,7.24,0.0,46,41,170,1183,1583
139,2026-08-16,2561,1.92,1.92,0.0,0.58,0.38,0.96,0.0,48,33,221,1138,1207
139,2026-08-17,3095,2.32,2.32,0.0,0.7,0.46,1.16,0.0,26,16,124,1274,2054
139,2026-08-18,12554,9.42,9.42,0.0,2.83,1.88,4.71,0.0,50,42,90,1258,2767
139,2026-08-19,9526,7.14,7.14,0.0,2.14,1.43,3.57,0.0,33,32,61,1314,2164
139,2026-08-20,15754,11.82,11.82,0.0,3.55,2.36,5.91,0.0,11,23,152,1254,2403
139,2026-08-21,15710,11.78,11.78,0.0,3.53,2.36,5.89,0.0,21,36,233,1150,3173
139,2026-08-22,12573,9.43,9.43,0.0,2.83,1.89,4.71,0.0,41,33,239,1127,2504
139,2026-08-23,3131,2.35,2.35,0.0,0.7,0.47,1.18,0.0,1,34,176,1229,1850
139,2026-08-24,13104,9.83,9.83,0.0,2.95,1.97,4.92,0.0,24,11,96,1309,2192
139,2026-08-25,15612,11.71,11.71,0.0,3.51,2.34,5.86,0.0,41,11,83,1305,1691
139,2026-08-26,15662,11.75,11.75,0.0,3.52,2.35,5.88,0.0,2,3,86,1349,3034
139,2026-08-27,9819,7.36,7.36,0.0,2.21,1.47,3.68,0.0,15,39,210,1176,2374
139,2026-08-28,14889,11.17,11.17,0.0,3.35,2.23,5.58,0.0,16,38,83,1303,1920
139,2026-08-29,3764,2.82,2.82,0.0,0.85,0.56,1.41,0.0,33,41,121,1245,3076
139,2026-08-30,16760,12.57,12.57,0.0,3.77,2.51,6.29,0.0,8,23,210,1199,2245
139,2026-08-31,14684,11.01,11.01,0.0,3.3,2.2,5.5,0.0,14,16,248,1162,2884
139,2026-09-01,7510,5.63,5.63,0.0,1.69,1.13,2.81,0.0,47,19,69,1305,2360
139,2026-09-02,13821,10.37,10.37,0.0,3.11,2.07,5.18,0.0,3,6,229,1202,2687
139,2026-09-03,11949,8.96,8.96,0.0,2.69,1.79,4.48,0.0,55,6,99,1280,2786
139,2026-09-04,12416,9.31,9.31,0.0,2.79,1.86,4.66,0.0,33,3,158,1246,1883
139,2026-09-05,11226,8.42,8.42,0.0,2.53,1.68,4.21,0.0,53,13,207,1167,1819
139,2026-09-06,6914,5.19,5.19,0.0,1.56,1.04,2.6,0.0,32,8,145,1255,1094
139,2026-09-07,18290,13.72,13.72,0.0,4.12,2.74,6.86,0.0,52,1,147,1240,1680
139,2026-09-08,14891,11.17,11.17,0.0,3.35,2.23,5.58,0.0,14,18,96,1312,1679
139,2026-09-09,5268,3.95,3.95,0.0,1.19,0.79,1.98,0.0,43,19,77,1301,1063
139,2026-09-10,7673,5.75,5.75,0.0,1.72,1.15,2.88,0.0,38,31,153,1218,1768
139,2026-09-11,7873,5.9,5.9,0.0,1.77,1.18,2.95,0.0,13,4,209,1214,2520
139,2026-09-12,5167,3.88,3.88,0.0,1.16,0.78,1.94,0.0,22,30,173,1215,3185
139,2026-09-13,17947,13.46,13.46,0.0,4.04,2.69,6.73,0.0,44,10,141,1245,1831
139,2026-09-14,9789,7.34,7.34,0.0,2.2,1.47,3.67,0.0,45,1,151,1243,1516
139,2026-09-15,4699,3.52,3.52,0.0,1.06,0.7,1.76,0.0,11,17,141,1271,2481
139,2026-09-16,11980,8.98,8.98,0.0,2.69,1.8,4.49,0.0,56,19,114,1251,1629
139,2026-09-17,8055,6.04,6.04,0.0,1.81,1.21,3.02,0.0,17,36,233,1154,1447
139,2026-09-18,11617,8.71,8.71,0.0,2.61,1.74,4.36,0.0,14,33,108,1285,3062
139,2026-09-19,11394,8.55,8.55,0.0,2.56,1.71,4.28,0.0,14,32,227,1167,2406
139,2026-09-20,9527,7.15,7.15,0.0,2.15,1.43,3.58,0.0,20,34,216,1170,2631
139,2026-09-21,11509,8.63,8.63,0.0,2.59,1.73,4.32,0.0,28,22,62,1328,1868
139,2026-09-22,5142,3.86,3.86,0.0,1.16,0.77,1.93,0.0,13,27,100,1300,3119
139,2026-09-23,3491,2.62,2.62,0.0,0.79,0.52,1.31,0.0,26,2,221,1191,2388
139,2026-09-24,4821,3.62,3.62,0.0,1.09,0.72,1.81,0.0,18,3,125,1294,1839
139,2026-09-25,18840,14.13,14.13,0.0,4.24,2.83,7.07,0.0,21,39,239,1141,1693
139,2026-09-26,19577,14.68,14.68,0.0,4.4,2.94,7.34,0.0,48,8,249,1135,3033
139,2026-09-27,5724,4.29,4.29,0.0,1.29,0.86,2.15,0.0,27,21,147,1245,1295
139,2026-09-28,18376,13.78,13.78,0.0,4.13,2.76,6.89,0.0,37,2,247,1154,2680
139,2026-09-29,1451,1.09,1.09,0.0,0.33,0.22,0.55,0.0,46,44,89,1261,-100
139,2026-09-30,19508,14.63,14.63,0.0,4.39,2.93,7.32,0.0,17,4,186,1233,3121
139,2026-10-01,3666,2.75,2.75,0.0,0.82,0.55,1.38,0.0,41,18,219,1162,1585
139,2026-10-02,9123,6.84,6.84,0.0,2.05,1.37,3.42,0.0,4,27,212,1197,1455
139,2026-10-03,11086,8.31,8.31,0.0,2.49,1.66,4.16,0.0,7,30,249,1154,2889
139,2026-10-04,2237,1.68,1.68,0.0,0.5,0.34,0.84,0.0,18,9,74,1339,3190
140,2026-08-16,3882,2.91,2.91,0.0,0.87,0.58,1.46,0.0,22,22,108,1288,1602
140,2026-08-17,9425,7.07,7.07,0.0,2.12,1.41,3.54,0.0,14,15,111,1300,1048
140,2026-08-18,19460,14.6,14.6,0.0,4.38,2.92,7.3,0.0,32,16,155,1237,2639
140,2026-08-18,19460,14.6,14.6,0.0,4.38,2.92,7.3,0.0,32,16,155,1237,2639
140,2026-08-19,16135,12.1,12.1,0.0,3.63,2.42,6.05,0.0,58,20,104,1258,1624
140,2026-08-20,11126,8.34,8.34,0.0,2.5,1.67,4.17,0.0,5,1,207,1227,2699
140,2026-08-21,6739,5.05,5.05,0.0,1.51,1.01,2.52,0.0,43,3,138,1256,2645
140,2026-08-22,5456,4.09,4.09,0.0,1.23,0.82,2.04,0.0,12,5,203,1220,1745
140,2026-08-23,15419,11.56,11.56,0.0,3.47,2.31,5.78,0.0,60,9,67,1304,2257
140,2026-08-24,18623,13.97,13.97,0.0,4.19,2.79,6.99,0.0,57,36,123,1224,2066
140,2026-08-25,15589,11.69,11.69,0.0,3.51,2.34,5.84,0.0,54,16,205,1165,3192
140,2026-08-26,12877,9.66,9.66,0.0,2.9,1.93,4.83,0.0,6,21,212,1201,1062
140,2026-08-27,5838,4.38,4.38,0.0,1.31,0.88,2.19,0.0,38,5,143,1254,2507
140,2026-08-28,12883,9.66,9.66,0.0,2.9,1.93,4.83,0.0,8,18,104,1310,3077
140,2026-08-29,18880,14.16,14.16,0.0,4.25,2.83,7.08,0.0,30,40,173,1197,1601
140,2026-08-29,18880,14.16,14.16,0.0,4.25,2.83,7.08,0.0,30,40,173,1197,1601
140,2026-08-30,11015,8.26,8.26,0.0,2.48,1.65,4.13,0.0,35,32,225,1148,2725
140,2026-08-31,7408,5.56,5.56,0.0,1.67,1.11,2.78,0.0,9,39,189,1203,2462
140,2026-09-01,10625,7.97,7.97,0.0,2.39,1.59,3.98,0.0,4,27,223,1186,2671
140,2026-09-02,16824,12.62,12.62,0.0,3.79,2.52,6.31,0.0,4,30,72,1334,2111
140,2026-09-03,13751,10.31,10.31,0.0,3.09,2.06,5.16,0.0,51,21,130,1238,1850
140,2026-09-04,15048,11.29,11.29,0.0,3.39,2.26,5.64,0.0,55,9,171,1205,1402
140,2026-09-05,10767,8.08,8.08,0.0,2.42,1.62,4.04,0.0,14,8,157,1261,2482
140,2026-09-06,15863,11.9,11.9,0.0,3.57,2.38,5.95,0.0,59,30,233,1118,1679
140,2026-09-07,16481,12.36,12.36,0.0,3.71,2.47,6.18,0.0,37,38,106,1259,2004
140,2026-09-08,7465,5.6,5.6,0.0,1.68,1.12,2.8,0.0,19,45,115,1261,2083
140,2026-09-09,18587,13.94,13.94,0.0,4.18,2.79,6.97,0.0,41,42,73,1284,2207
140,2026-09-10,16942,12.71,12.71,0.0,3.81,2.54,6.36,0.0,4,14,82,1340,2327
140,2026-09-11,1442,1.08,1.08,0.0,0.32,0.22,0.54,0.0,49,7,186,1198,3017
140,2026-09-12,5963,4.47,4.47,0.0,1.34,0.89,2.23,0.0,0,12,244,1184,1414
140,2026-09-13,19615,14.71,14.71,0.0,4.41,2.94,7.36,0.0,56,44,149,1191,-100
140,2026-09-14,7617,5.71,5.71,0.0,1.71,1.14,2.85,0.0,51,32,69,1288,1134
140,2026-09-15,4608,3.46,3.46,0.0,1.04,0.69,1.73,0.0,53,32,247,1108,1852
140,2026-09-16,5121,3.84,3.84,0.0,1.15,0.77,1.92,0.0,54,16,86,1284,1892
140,2026-09-17,15362,11.52,11.52,0.0,3.46,2.3,5.76,0.0,30,34,250,1126,2491
140,2026-09-18,18352,13.76,13.76,0.0,4.13,2.75,6.88,0.0,5,17,110,1308,2912
140,2026-09-19,19689,14.77,14.77,0.0,4.43,2.95,7.38,0.0,59,37,153,1191,1236
140,2026-09-20,12334,9.25,9.25,0.0,2.77,1.85,4.62,0.0,34,8,218,1180,2254
140,2026-09-21,11880,8.91,8.91,0.0,2.67,1.78,4.46,0.0,14,13,75,1338,1348
140,2026-09-22,12067,9.05,9.05,0.0,2.72,1.81,4.53,0.0,7,38,141,1254,1207
140,2026-09-23,7474,5.61,5.61,0.0,1.68,1.12,2.81,0.0,18,42,158,1222,2404
140,2026-09-24,11640,8.73,8.73,0.0,2.62,1.75,4.37,0.0,6,9,82,1343,1700
140,2026-09-25,5784,4.34,4.34,0.0,1.3,0.87,2.17,0.0,12,37,62,1329,2210
140,2026-09-26,2323,1.74,1.74,0.0,0.52,0.35,0.87,0.0,0,25,115,1300,2560
140,2026-09-27,11328,8.5,8.5,0.0,2.55,1.7,4.25,0.0,51,13,120,1256,1561
140,2026-09-28,9526,7.14,7.14,0.0,2.14,1.43,3.57,0.0,16,4,154,1266,1129
140,2026-09-29,12367,9.28,9.28,0.0,2.78,1.86,4.64,0.0,16,23,98,1303,1195
140,2026-09-30,1414,1.06,1.06,0.0,0.32,0.21,0.53,0.0,13,6,198,1223,2915
140,2026-10-01,4092,3.07,3.07,0.0,0.92,0.61,1.53,0.0,17,41,141,1241,2295
140,2026-10-02,10158,7.62,7.62,0.0,2.29,1.52,3.81,0.0,53,45,75,1267,2441
140,2026-10-03,13328,10.0,10.0,0.0,3.0,2.0,5.0,0.0,58,42,99,1241,1695
140,2026-10-04,8847,6.64,6.64,0.0,1.99,1.33,3.32,0.0,58,36,144,1202,1638
141,2026-08-16,12763,9.57,9.57,0.0,2.87,1.91,4.79,0.0,22,32,74,1312,2083
141,2026-08-17,2220,1.67,1.67,0.0,0.5,0.33,0.83,0.0,47,6,127,1260,2415
141,2026-08-18,9304,6.98,6.98,0.0,2.09,1.4,3.49,0.0,35,38,127,1240,2537
141,2026-08-19,10473,7.85,7.85,0.0,2.35,1.57,3.92,0.0,18,40,126,1256,3086
141,2026-08-20,7373,5.53,5.53,0.0,1.66,1.11,2.77,0.0,24,31,151,1234,2073
141,2026-08-21,7389,5.54,5.54,0.0,1.66,1.11,2.77,0.0,31,42,120,1247,1087
141,2026-08-22,10810,8.11,8.11,0.0,2.43,1.62,4.05,0.0,56,17,152,1215,3013
141,2026-08-23,17551,13.16,13.16,0.0,3.95,2.63,6.58,0.0,33,42,218,1147,1077
141,2026-08-24,9530,7.15,7.15,0.0,2.15,1.43,3.58,0.0,44,6,159,1231,2186
141,2026-08-25,3794,2.85,2.85,0.0,0.85,0.57,1.43,0.0,10,7,199,1224,1168
141,2026-08-26,17865,13.4,13.4,0.0,4.02,2.68,6.7,0.0,5,43,74,1318,1168
141,2026-08-27,18779,14.08,14.08,0.0,4.22,2.82,7.04,0.0,22,11,152,1255,2971
141,2026-08-28,18127,13.6,13.6,0.0,4.08,2.72,6.8,0.0,28,32,135,1245,1849
141,2026-08-29,12953,9.71,9.71,0.0,2.91,1.94,4.86,0.0,45,3,149,1243,1224
141,2026-08-30,15721,11.79,11.79,0.0,3.54,2.36,5.89,0.0,23,21,69,1327,1487
141,2026-08-31,19290,14.47,14.47,0.0,4.34,2.89,7.24,0.0,43,32,115,1250,2242
141,2026-09-01,7789,5.84,5.84,0.0,1.75,1.17,2.92,0.0,52,10,211,1167,1717
141,2026-09-02,2955,2.22,2.22,0.0,0.67,0.44,1.11,0.0,12,23,62,1343,2041
141,2026-09-03,1374,1.03,1.03,0.0,0.31,0.21,0.52,0.0,24,5,123,1288,1762
141,2026-09-04,16587,12.44,12.44,0.0,3.73,2.49,6.22,0.0,56,5,231,1148,2824
141,2026-09-05,4976,3.73,3.73,0.0,1.12,0.75,1.86,0.0,6,24,113,1297,1355
141,2026-09-06,13246,9.93,9.93,0.0,2.98,1.99,4.96,0.0,59,22,102,1257,2102
141,2026-09-07,15454,11.59,11.59,0.0,3.48,2.32,5.79,0.0,51,44,141,1204,1008
141,2026-09-08,1635,1.23,1.23,0.0,0.37,0.25,0.61,0.0,31,11,185,1213,3051
141,2026-09-09,16968,12.73,12.73,0.0,3.82,2.55,6.37,0.0,40,3,110,1287,1465
141,2026-09-10,7449,5.59,5.59,0.0,1.68,1.12,2.79,0.0,32,9,211,1188,2401
141,2026-09-11,6028,4.52,4.52,0.0,1.36,0.9,2.26,0.0,12,7,230,1191,1915
141,2026-09-12,12637,9.48,9.48,0.0,2.84,1.9,4.74,0.0,3,42,174,1221,2055
141,2026-09-13,4669,3.5,3.5,0.0,1.05,0.7,1.75,0.0,6,36,64,1334,1233
141,2026-09-14,4169,3.13,3.13,0.0,0.94,0.63,1.56,0.0,30,20,196,1194,2984
141,2026-09-15,4761,3.57,3.57,0.0,1.07,0.71,1.78,0.0,16,5,85,1334,2814
141,2026-09-16,16986,12.74,12.74,0.0,3.82,2.55,6.37,0.0,36,45,140,1219,1910
141,2026-09-17,16913,12.68,12.68,0.0,3.8,2.54,6.34,0.0,0,12,238,1190,1006
141,2026-09-18,11554,8.67,8.67,0.0,2.6,1.73,4.33,0.0,36,38,171,1195,2255
141,2026-09-19,16066,12.05,12.05,0.0,3.62,2.41,6.03,0.0,23,38,165,1214,1818
141,2026-09-20,16601,12.45,12.45,0.0,3.73,2.49,6.22,0.0,36,42,147,1215,1649
141,2026-09-21,2238,1.68,1.68,0.0,0.5,0.34,0.84,0.0,21,8,128,1283,3098
141,2026-09-22,15878,11.91,11.91,0.0,3.57,2.38,5.96,0.0,15,26,89,1310,2748
141,2026-09-23,17304,12.98,12.98,0.0,3.89,2.6,6.49,0.0,24,7,137,1272,2874
141,2026-09-24,7307,5.48,5.48,0.0,1.64,1.1,2.74,0.0,47,27,173,1193,1076
141,2026-09-25,15354,11.52,11.52,0.0,3.46,2.3,5.76,0.0,18,37,85,1300,1061
141,2026-09-26,10092,7.57,7.57,0.0,2.27,1.51,3.79,0.0,47,38,245,1110,2006
141,2026-09-27,15080,11.31,11.31,0.0,3.39,2.26,5.66,0.0,51,4,241,1144,2379
141,2026-09-28,7510,5.63,5.63,0.0,1.69,1.13,2.81,0.0,45,12,192,1191,2491
141,2026-09-29,16300,12.22,12.22,0.0,3.67,2.44,6.11,0.0,56,38,187,1159,2475
141,2026-09-30,5598,4.2,4.2,0.0,1.26,0.84,2.1,0.0,49,9,115,1267,1113
141,2026-10-01,4101,3.08,3.08,0.0,0.92,0.62,1.54,0.0,55,29,95,1261,3200
141,2026-10-02,17036,12.78,12.78,0.0,3.83,2.56,6.39,0.0,2,19,201,1218,1718
141,2026-10-03,14924,11.19,11.19,0.0,3.36,2.24,5.59,0.0,37,40,228,1135,1867
141,2026-10-04,16842,12.63,12.63,0.0,3.79,2.53,6.32,0.0,32,29,188,1191,1925
142,2026-08-16,2149,1.61,1.61,0.0,0.48,0.32,0.81,0.0,41,15,70,1314,3063
142,2026-08-17,12932,9.7,9.7,0.0,2.91,1.94,4.85,0.0,16,17,75,1332,2796
142,2026-08-18,6760,5.07,5.07,0.0,1.52,1.01,2.54,0.0,55,5,82,1298,2736
142,2026-08-19,19819,14.86,14.86,0.0,4.46,2.97,7.43,0.0,50,33,238,1119,1903
142,2026-08-20,4899,3.67,3.67,0.0,1.1,0.73,1.83,0.0,27,27,67,1319,1196
142,2026-08-21,9085,6.81,6.81,0.0,2.04,1.36,3.4,0.0,50,21,140,1229,1070
142,2026-08-21,9085,6.81,6.81,0.0,2.04,1.36,3.4,0.0,50,21,140,1229,1070
142,2026-08-22,15785,11.84,11.84,0.0,3.55,2.37,5.92,0.0,46,1,109,1284,1594
142,2026-08-23,6657,4.99,4.99,0.0,1.5,1.0,2.5,0.0,44,14,150,1232,1920
142,2026-08-24,9499,7.12,7.12,0.0,2.14,1.42,3.56,0.0,31,39,168,1202,1974
142,2026-08-25,17699,13.27,13.27,0.0,3.98,2.65,6.63,0.0,31,35,67,1307,2262
142,2026-08-26,3000,2.25,2.25,0.0,0.67,0.45,1.12,0.0,2,16,97,1325,2808
142,2026-08-27,13974,10.48,10.48,0.0,3.14,2.1,5.24,0.0,7,22,70,1341,1978
142,2026-08-28,4286,3.21,3.21,0.0,0.96,0.64,1.6,0.0,19,44,144,1233,1843
142,2026-08-29,1164,0.87,0.87,0.0,0.26,0.17,0.43,0.0,41,40,139,1220,1083
142,2026-08-30,7599,5.7,5.7,0.0,1.71,1.14,2.85,0.0,60,17,116,1247,1352
142,2026-08-31,12827,9.62,9.62,0.0,2.89,1.92,4.81,0.0,2,20,122,1296,2118
142,2026-09-01,18941,14.21,14.21,0.0,4.26,2.84,7.11,0.0,6,5,173,1256,2890
142,2026-09-02,11453,8.59,8.59,0.0,2.58,1.72,4.29,0.0,35,31,232,1142,3186
142,2026-09-03,3137,2.35,2.35,0.0,0.7,0.47,1.18,0.0,58,44,201,1137,2956
142,2026-09-04,15875,11.91,11.91,0.0,3.57,2.38,5.96,0.0,39,34,216,1151,2009
142,2026-09-05,12016,9.01,9.01,0.0,2.7,1.8,4.5,0.0,5,43,77,1315,1093
142,2026-09-06,5330,4.0,4.0,0.0,1.2,0.8,2.0,0.0,48,34,241,1117,1973
142,2026-09-07,3287,2.47,2.47,0.0,0.74,0.49,1.24,0.0,51,43,168,1178,2174
142,2026-09-08,6086,4.56,4.56,0.0,1.37,0.91,2.28,0.0,44,14,158,1224,2208
142,2026-09-09,17777,13.33,13.33,0.0,4.0,2.67,6.67,0.0,43,18,128,1251,3041
142,2026-09-10,2264,1.7,1.7,0.0,0.51,0.34,0.85,0.0,13,44,220,1163,2943
142,2026-09-11,10515,7.89,7.89,0.0,2.37,1.58,3.94,0.0,43,1,77,1319,3033
142,2026-09-12,7170,5.38,5.38,0.0,1.61,1.08,2.69,0.0,25,18,118,1279,3115
142,2026-09-13,12006,9.0,9.0,0.0,2.7,1.8,4.5,0.0,27,38,111,1264,2807
142,2026-09-14,12216,9.16,9.16,0.0,2.75,1.83,4.58,0.0,19,28,222,1171,2804
142,2026-09-15,18547,13.91,13.91,0.0,4.17,2.78,6.96,0.0,58,38,178,1166,1546
142,2026-09-16,10680,8.01,8.01,0.0,2.4,1.6,4.0,0.0,52,8,202,1178,1060
142,2026-09-17,18762,14.07,14.07,0.0,4.22,2.81,7.04,0.0,23,1,239,1177,1472
142,2026-09-18,10665,8.0,8.0,0.0,2.4,1.6,4.0,0.0,60,13,69,1298,2965
142,2026-09-19,17860,13.39,13.39,0.0,4.02,2.68,6.7,0.0,6,28,241,1165,1515
142,2026-09-20,17778,13.33,13.33,0.0,4.0,2.67,6.67,0.0,10,4,218,1208,2660
142,2026-09-21,11398,8.55,8.55,0.0,2.56,1.71,4.28,0.0,29,18,152,1241,2570
142,2026-09-22,4488,3.37,3.37,0.0,1.01,0.67,1.69,0.0,34,2,161,1243,2308
142,2026-09-23,14709,11.03,11.03,0.0,3.31,2.21,5.51,0.0,34,10,157,1239,2788
142,2026-09-24,6021,4.52,4.52,0.0,1.36,0.9,2.26,0.0,47,38,186,1169,2372
142,2026-09-25,7621,5.72,5.72,0.0,1.72,1.14,2.86,0.0,43,15,207,1175,1258
142,2026-09-26,2916,2.19,2.19,0.0,0.66,0.44,1.09,0.0,11,16,222,1191,2013
142,2026-09-27,11258,8.44,8.44,0.0,2.53,1.69,4.22,0.0,40,45,75,1280,1826
142,2026-09-28,1164,0.87,0.87,0.0,0.26,0.17,0.43,0.0,5,28,197,1210,2169
142,2026-09-29,19919,14.94,14.94,0.0,4.48,2.99,7.47,0.0,1,20,148,1271,1777
142,2026-09-30,18282,13.71,13.71,0.0,4.11,2.74,6.86,0.0,35,20,96,1289,1209
142,2026-10-01,12938,9.7,9.7,0.0,2.91,1.94,4.85,0.0,4,23,246,1167,2970
142,2026-10-02,4876,3.66,3.66,0.0,1.1,0.73,1.83,0.0,17,30,193,1200,2584
142,2026-10-03,10519,7.89,7.89,0.0,2.37,1.58,3.94,0.0,9,6,139,1286,2673
142,2026-10-04,18300,13.72,13.72,0.0,4.12,2.74,6.86,0.0,46,21,112,1261,1628
143,2026-08-16,9529,7.15,7.15,0.0,2.15,1.43,3.58,0.0,2,28,214,1196,1499
143,2026-08-17,18075,13.56,13.56,0.0,4.07,2.71,6.78,0.0,57,30,177,1176,1124
143,2026-08-18,5554,4.17,4.17,0.0,1.25,0.83,2.08,0.0,0,27,109,1304,2519
143,2026-08-19,9179,6.88,6.88,0.0,2.06,1.38,3.44,0.0,39,45,210,1146,2237
143,2026-08-20,14164,10.62,10.62,0.0,3.19,2.12,5.31,0.0,39,3,229,1169,2084
143,2026-08-21,5819,4.36,4.36,0.0,1.31,0.87,2.18,0.0,16,37,141,1246,2804
143,2026-08-22,8198,6.15,6.15,0.0,1.84,1.23,3.08,0.0,30,45,168,1197,1087
143,2026-08-23,7283,5.46,5.46,0.0,1.64,1.09,2.73,0.0,35,33,99,1273,2315
143,2026-08-24,19845,14.88,14.88,0.0,4.46,2.98,7.44,0.0,35,45,212,1148,2827
143,2026-08-25,10050,7.54,7.54,0.0,2.26,1.51,3.77,0.0,43,30,177,1190,2617
143,2026-08-26,4032,3.02,3.02,0.0,0.91,0.6,1.51,0.0,51,10,222,1157,2927
143,2026-08-27,4651,3.49,3.49,0.0,1.05,0.7,1.75,0.0,34,42,219,1145,2639
143,2026-08-28,15925,11.94,11.94,0.0,3.58,2.39,5.97,0.0,36,13,117,1274,2312
143,2026-08-29,6565,4.92,4.92,0.0,1.48,0.98,2.46,0.0,41,22,71,1306,1105
143,2026-08-30,3316,2.49,2.49,0.0,0.75,0.5,1.25,0.0,42,42,232,1124,2280
143,2026-08-31,3186,2.39,2.39,0.0,0.72,0.48,1.2,0.0,51,38,82,1269,1480
143,2026-09-01,15520,11.64,11.64,0.0,3.49,2.33,5.82,0.0,35,34,96,1275,1989
143,2026-09-01,15520,11.64,11.64,0.0,3.49,2.33,5.82,0.0,35,34,96,1275,1989
143,2026-09-02,17633,13.22,13.22,0.0,3.97,2.64,6.61,0.0,44,22,74,1300,3158
143,2026-09-03,19978,14.98,14.98,0.0,4.49,3.0,7.49,0.0,0,22,148,1270,2646
143,2026-09-04,16046,12.03,12.03,0.0,3.61,2.41,6.01,0.0,30,41,197,1172,1727
143,2026-09-05,18317,13.74,13.74,0.0,4.12,2.75,6.87,0.0,51,44,128,1217,2719
143,2026-09-06,12607,9.46,9.46,0.0,2.84,1.89,4.73,0.0,57,22,133,1228,1048
143,2026-09-07,19402,14.55,14.55,0.0,4.37,2.91,7.28,0.0,45,9,138,1248,3152
143,2026-09-08,10214,7.66,7.66,0.0,2.3,1.53,3.83,0.0,14,4,191,1231,1617
143,2026-09-09,2835,2.13,2.13,0.0,0.64,0.43,1.06,0.0,32,7,112,1289,2073
143,2026-09-10,15423,11.57,11.57,0.0,3.47,2.31,5.79,0.0,53,2,233,1152,2103
143,2026-09-11,17742,13.31,13.31,0.0,3.99,2.66,6.66,0.0,58,5,236,1141,1891
143,2026-09-12,16513,12.38,12.38,0.0,3.71,2.48,6.19,0.0,51,42,171,1176,2028
143,2026-09-13,18339,13.75,13.75,0.0,4.12,2.75,6.88,0.0,29,43,211,1157,2911
143,2026-09-14,4605,3.45,3.45,0.0,1.03,0.69,1.73,0.0,50,31,220,1139,2328
143,2026-09-15,18746,14.06,14.06,0.0,4.22,2.81,7.03,0.0,0,36,92,1312,1803
143,2026-09-16,8229,6.17,6.17,0.0,1.85,1.23,3.08,0.0,1,33,121,1285,1325
143,2026-09-17,10567,7.93,7.93,0.0,2.38,1.59,3.96,0.0,3,37,190,1210,3023
143,2026-09-18,12097,9.07,9.07,0.0,2.72,1.81,4.54,0.0,49,24,199,1168,1037
143,2026-09-19,16686,12.51,12.51,0.0,3.75,2.5,6.25,0.0,18,23,73,1326,1813
143,2026-09-20,14706,11.03,11.03,0.0,3.31,2.21,5.51,0.0,54,23,194,1169,3191
143,2026-09-21,16856,12.64,12.64,0.0,3.79,2.53,6.32,0.0,56,6,90,1288,1443
143,2026-09-22,3423,2.57,2.57,0.0,0.77,0.51,1.28,0.0,42,21,203,1174,1456
143,2026-09-23,12701,9.53,9.53,0.0,2.86,1.91,4.76,0.0,25,44,241,1130,1343
143,2026-09-24,7793,5.84,5.84,0.0,1.75,1.17,2.92,0.0,8,45,229,1158,1603
143,2026-09-25,17452,13.09,13.09,0.0,3.93,2.62,6.54,0.0,53,31,126,1230,2505
143,2026-09-26,9920,7.44,7.44,0.0,2.23,1.49,3.72,0.0,43,24,168,1205,1578
143,2026-09-27,3704,2.78,2.78,0.0,0.83,0.56,1.39,0.0,5,11,154,1270,2151
143,2026-09-28,19456,14.59,14.59,0.0,4.38,2.92,7.29,0.0,55,34,117,1234,2502
143,2026-09-29,18404,13.8,13.8,0.0,4.14,2.76,6.9,0.0,3,3,100,1334,2874
143,2026-09-30,7847,5.89,5.89,0.0,1.77,1.18,2.94,0.0,13,3,210,1214,2019
143,2026-10-01,11656,8.74,8.74,0.0,2.62,1.75,4.37,0.0,41,35,215,1149,3065
143,2026-10-02,15682,11.76,11.76,0.0,3.53,2.35,5.88,0.0,44,21,249,1126,1836
143,2026-10-03,6942,5.21,5.21,0.0,1.56,1.04,2.6,0.0,38,24,209,1169,1125
143,2026-10-04,19391,14.54,14.54,0.0,4.36,2.91,7.27,0.0,27,34,107,1272,3092
144,2026-08-16,7657,5.74,5.74,0.0,1.72,1.15,2.87,0.0,27,32,91,1290,3161
144,2026-08-17,16511,12.38,12.38,0.0,3.71,2.48,6.19,0.0,13,25,245,1157,3021
144,2026-08-18,1101,0.83,0.83,0.0,0.25,0.17,0.41,0.0,20,29,110,1281,2067
144,2026-08-19,4504,3.38,3.38,0.0,1.01,0.68,1.69,0.0,1,29,179,1231,1517
144,2026-08-20,16085,12.06,12.06,0.0,3.62,2.41,6.03,0.0,39,26,109,1266,2605
144,2026-08-21,13514,10.14,10.14,0.0,3.04,2.03,5.07,0.0,42,19,175,1204,1310
144,2026-08-22,16271,12.2,12.2,0.0,3.66,2.44,6.1,0.0,37,5,198,1200,1637
144,2026-08-23,1286,0.96,0.96,0.0,0.29,0.19,0.48,0.0,13,44,221,1162,2645
144,2026-08-24,14662,11.0,11.0,0.0,3.3,2.2,5.5,0.0,25,41,216,1158,1093
144,2026-08-25,10295,7.72,7.72,0.0,2.32,1.54,3.86,0.0,37,17,205,1181,1833
144,2026-08-26,11228,8.42,8.42,0.0,2.53,1.68,4.21,0.0,3,21,127,1289,1633
144,2026-08-27,7416,5.56,5.56,0.0,1.67,1.11,2.78,0.0,24,43,161,1212,1003
144,2026-08-28,8172,6.13,6.13,0.0,1.84,1.23,3.06,0.0,49,42,169,1180,1937
144,2026-08-29,6523,4.89,4.89,0.0,1.47,0.98,2.44,0.0,54,34,85,1267,1236
144,2026-08-29,6523,4.89,4.89,0.0,1.47,0.98,2.44,0.0,54,34,85,1267,1236
144,2026-08-30,3568,2.68,2.68,0.0,0.8,0.54,1.34,0.0,19,34,98,1289,2467
144,2026-08-31,8616,6.46,6.46,0.0,1.94,1.29,3.23,0.0,7,35,144,1254,1729
144,2026-09-01,11644,8.73,8.73,0.0,2.62,1.75,4.37,0.0,3,35,199,1203,2006
144,2026-09-02,2878,2.16,2.16,0.0,0.65,0.43,1.08,0.0,52,31,138,1219,2005
144,2026-09-03,7969,5.98,5.98,0.0,1.79,1.2,2.99,0.0,18,18,237,1167,2237
144,2026-09-04,7824,5.87,5.87,0.0,1.76,1.17,2.94,0.0,51,44,140,1205,1054
144,2026-09-05,14788,11.09,11.09,0.0,3.33,2.22,5.54,0.0,27,31,111,1271,2908
144,2026-09-06,11977,8.98,8.98,0.0,2.69,1.8,4.49,0.0,39,33,238,1130,2241
144,2026-09-07,18112,13.58,13.58,0.0,4.07,2.72,6.79,0.0,43,43,189,1165,2175
144,2026-09-08,12884,9.66,9.66,0.0,2.9,1.93,4.83,0.0,37,34,137,1232,2178
144,2026-09-09,9065,6.8,6.8,0.0,2.04,1.36,3.4,0.0,44,13,149,1234,3137
144,2026-09-10,13934,10.45,10.45,0.0,3.13,2.09,5.22,0.0,60,35,114,1231,2908
144,2026-09-11,1085,0.81,0.81,0.0,0.24,0.16,0.41,0.0,23,34,110,1273,1525
144,2026-09-12,17317,12.99,12.99,0.0,3.9,2.6,6.5,0.0,42,10,148,1240,2879
144,2026-09-13,5869,4.4,4.4,0.0,1.32,0.88,2.2,0.0,21,34,103,1282,2966
144,2026-09-14,9686,7.26,7.26,0.0,2.18,1.45,3.63,0.0,52,34,188,1166,1674
144,2026-09-15,6066,4.55,4.55,0.0,1.36,0.91,2.27,0.0,19,25,95,1301,1070
144,2026-09-16,8157,6.12,6.12,0.0,1.84,1.22,3.06,0.0,19,4,221,1196,2271
144,2026-09-17,16198,12.15,12.15,0.0,3.65,2.43,6.08,0.0,44,33,249,1114,1804
144,2026-09-18,9311,6.98,6.98,0.0,2.09,1.4,3.49,0.0,56,28,138,1218,1764
144,2026-09-19,14124,10.59,10.59,0.0,3.18,2.12,5.29,0.0,24,18,93,1305,2415
144,2026-09-20,16264,12.2,12.2,0.0,3.66,2.44,6.1,0.0,48,36,110,1246,1538
144,2026-09-21,5519,4.14,4.14,0.0,1.24,0.83,2.07,0.0,50,36,106,1248,1869
144,2026-09-22,19792,14.84,14.84,0.0,4.45,2.97,7.42,0.0,49,28,186,1177,1535
144,2026-09-23,9438,7.08,7.08,0.0,2.12,1.42,3.54,0.0,7,33,191,1209,2321
144,2026-09-24,12080,9.06,9.06,0.0,2.72,1.81,4.53,0.0,16,8,238,1178,2703
144,2026-09-25,16175,12.13,12.13,0.0,3.64,2.43,6.07,0.0,41,43,197,1159,1278
144,2026-09-26,13206,9.9,9.9,0.0,2.97,1.98,4.95,0.0,35,10,171,1224,1477
144,2026-09-27,13518,10.14,10.14,0.0,3.04,2.03,5.07,0.0,31,18,74,1317,2248
144,2026-09-28,19337,14.5,14.5,0.0,4.35,2.9,7.25,0.0,22,36,90,1292,1643
144,2026-09-29,4880,3.66,3.66,0.0,1.1,0.73,1.83,0.0,5,14,164,1257,1328
144,2026-09-30,1818,1.36,1.36,0.0,0.41,0.27,0.68,0.0,8,6,220,1206,2674
144,2026-10-01,11292,8.47,8.47,0.0,2.54,1.69,4.24,0.0,1,4,183,1252,1246
144,2026-10-02,4918,3.69,3.69,0.0,1.11,0.74,1.84,0.0,13,7,81,1339,2719
144,2026-10-03,18227,13.67,13.67,0.0,4.1,2.73,6.83,0.0,23,45,72,1300,2544
144,2026-10-04,11548,8.66,8.66,0.0,2.6,1.73,4.33,0.0,28,14,125,1273,1929
145,2026-08-16,19090,14.32,14.32,0.0,4.3,2.86,7.16,0.0,59,14,66,1301,3059
145,2026-08-17,12406,9.3,9.3,0.0,2.79,1.86,4.65,0.0,26,14,66,1334,2598
145,2026-08-18,17482,13.11,13.11,0.0,3.93,2.62,6.55,0.0,24,5,64,1347,1352
145,2026-08-19,6269,4.7,4.7,0.0,1.41,0.94,2.35,0.0,4,41,242,1153,2986
145,2026-08-20,5180,3.89,3.89,0.0,1.17,0.78,1.95,0.0,45,13,187,1195,1958
145,2026-08-21,3738,2.8,2.8,0.0,0.84,0.56,1.4,0.0,4,3,109,1324,1984
145,2026-08-22,14796,11.1,11.1,0.0,3.33,2.22,5.55,0.0,34,32,81,1293,1616
145,2026-08-23,19337,14.5,14.5,0.0,4.35,2.9,7.25,0.0,32,45,247,1116,2702
145,2026-08-23,19337,14.5,14.5,0.0,4.35,2.9,7.25,0.0,32,45,247,1116,2702
145,2026-08-24,17726,13.29,13.29,0.0,3.99,2.66,6.64,0.0,34,34,230,1142,1915
145,2026-08-25,10707,8.03,8.03,0.0,2.41,1.61,4.01,0.0,7,32,125,1276,3049
145,2026-08-26,7128,5.35,5.35,0.0,1.6,1.07,2.67,0.0,10,15,231,1184,1602
145,2026-08-27,7295,5.47,5.47,0.0,1.64,1.09,2.73,0.0,37,43,210,1150,2462
145,2026-08-28,12676,9.51,9.51,0.0,2.85,1.9,4.75,0.0,1,31,157,1251,2812
145,2026-08-29,4750,3.56,3.56,0.0,1.07,0.71,1.78,0.0,3,32,108,1297,1051
145,2026-08-30,17564,13.17,13.17,0.0,3.95,2.63,6.58,0.0,18,43,215,1164,2838
145,2026-08-31,7711,5.78,5.78,0.0,1.73,1.16,2.89,0.0,52,22,83,1283,2206
145,2026-09-01,14490,10.87,10.87,0.0,3.26,2.17,5.43,0.0,5,2,66,1367,2579
145,2026-09-02,11461,8.6,8.6,0.0,2.58,1.72,4.3,0.0,1,19,68,1352,1037
145,2026-09-03,17223,12.92,12.92,0.0,3.88,2.58,6.46,0.0,29,32,142,1237,2626
145,2026-09-04,6933,5.2,5.2,0.0,1.56,1.04,2.6,0.0,34,14,235,1157,2141
145,2026-09-05,16355,12.27,12.27,0.0,3.68,2.45,6.13,0.0,15,37,234,1154,2449
145,2026-09-06,8012,6.01,6.01,0.0,1.8,1.2,3.0,0.0,28,6,108,1298,2184
145,2026-09-07,17133,12.85,12.85,0.0,3.85,2.57,6.42,0.0,53,26,185,1176,1473
145,2026-09-08,9922,7.44,7.44,0.0,2.23,1.49,3.72,0.0,52,41,78,1269,3120
145,2026-09-09,19723,14.79,14.79,0.0,4.44,2.96,7.39,0.0,6,22,233,1179,1360
145,2026-09-10,1772,1.33,1.33,0.0,0.4,0.27,0.67,0.0,19,13,69,1339,2368
145,2026-09-11,8307,6.23,6.23,0.0,1.87,1.25,3.12,0.0,6,9,173,1252,1378
145,2026-09-12,13432,10.07,10.07,0.0,3.02,2.01,5.04,0.0,48,36,70,1286,1581
145,2026-09-13,3288,2.47,2.47,0.0,0.74,0.49,1.24,0.0,35,19,125,1261,1325
145,2026-09-14,17613,13.21,13.21,0.0,3.96,2.64,6.61,0.0,51,0,92,1297,1519
145,2026-09-15,11738,8.8,8.8,0.0,2.64,1.76,4.4,0.0,28,4,155,1253,1174
145,2026-09-16,10965,8.22,8.22,0.0,2.47,1.64,4.11,0.0,9,18,98,1315,1928
145,2026-09-17,3573,2.68,2.68,0.0,0.8,0.54,1.34,0.0,17,31,212,1180,3176
145,2026-09-18,17002,12.75,12.75,0.0,3.82,2.55,6.38,0.0,18,28,120,1274,3015
145,2026-09-19,2820,2.12,2.12,0.0,0.64,0.42,1.06,0.0,49,43,250,1098,1588
145,2026-09-20,5076,3.81,3.81,0.0,1.14,0.76,1.91,0.0,44,45,66,1285,3049
145,2026-09-21,7682,5.76,5.76,0.0,1.73,1.15,2.88,0.0,49,0,81,1310,2952
145,2026-09-22,1620,1.22,1.22,0.0,0.37,0.24,0.61,0.0,30,38,131,1241,1685
145,2026-09-23,18917,14.19,14.19,0.0,4.26,2.84,7.09,0.0,35,34,81,1290,1532
145,2026-09-24,13751,10.31,10.31,0.0,3.09,2.06,5.16,0.0,31,3,150,1256,2982
145,2026-09-25,19740,14.8,14.8,0.0,4.44,2.96,7.4,0.0,23,25,75,1317,2600
145,2026-09-26,8155,6.12,6.12,0.0,1.84,1.22,3.06,0.0,24,30,160,1226,2153
145,2026-09-27,12970,9.73,9.73,0.0,2.92,1.95,4.87,0.0,20,24,169,1227,2182
145,2026-09-28,8724,6.54,6.54,0.0,1.96,1.31,3.27,0.0,3,24,153,1260,2473
145,2026-09-29,15988,11.99,11.99,0.0,3.6,2.4,6.0,0.0,41,30,100,1269,3047
145,2026-09-30,18372,13.78,13.78,0.0,4.13,2.76,6.89,0.0,23,0,202,1215,2029
145,2026-10-01,10421,7.82,7.82,0.0,2.35,1.56,3.91,0.0,30,12,128,1270,2253
145,2026-10-02,14644,10.98,10.98,0.0,3.29,2.2,5.49,0.0,41,16,69,1314,2134
145,2026-10-03,5222,3.92,3.92,0.0,1.18,0.78,1.96,0.0,55,20,226,1139,2450
145,2026-10-04,2586,1.94,1.94,0.0,0.58,0.39,0.97,0.0,7,43,78,1312,3186
146,2026-08-16,1336,1.0,1.0,0.0,0.3,0.2,0.5,0.0,26,34,119,1261,2701
146,2026-08-17,6335,4.75,4.75,0.0,1.43,0.95,2.38,0.0,9,10,67,1354,3158
146,2026-08-18,19575,14.68,14.68,0.0,4.4,2.94,7.34,0.0,5,31,250,1154,2475
146,2026-08-19,6436,4.83,4.83,0.0,1.45,0.97,2.42,0.0,45,21,150,1224,1304
146,2026-08-20,19951,14.96,14.96,0.0,4.49,2.99,7.48,0.0,29,29,202,1180,1251
146,2026-08-21,9946,7.46,7.46,0.0,2.24,1.49,3.73,0.0,24,10,74,1332,1319
146,2026-08-22,6871,5.15,5.15,0.0,1.55,1.03,2.58,0.0,30,29,116,1265,1315
146,2026-08-23,6644,4.98,4.98,0.0,1.49,1.0,2.49,0.0,2,7,74,1357,1189
146,2026-08-24,4916,3.69,3.69,0.0,1.11,0.74,1.84,0.0,58,16,233,1133,1493
146,2026-08-25,12210,9.16,9.16,0.0,2.75,1.83,4.58,0.0,48,1,99,1292,1930
146,2026-08-26,12359,9.27,9.27,0.0,2.78,1.85,4.63,0.0,3,12,205,1220,1937
146,2026-08-27,19172,14.38,14.38,0.0,4.31,2.88,7.19,0.0,19,16,140,1265,3198
146,2026-08-28,9569,7.18,7.18,0.0,2.15,1.44,3.59,0.0,0,8,94,1338,2790
146,2026-08-29,19017,14.26,14.26,0.0,4.28,2.85,7.13,0.0,9,6,243,1182,2577
146,2026-08-30,18528,13.9,13.9,0.0,4.17,2.78,6.95,0.0,29,29,67,1315,1669
146,2026-08-31,4590,3.44,3.44,0.0,1.03,0.69,1.72,0.0,22,21,238,1159,1918
146,2026-09-01,5735,4.3,4.3,0.0,1.29,0.86,2.15,0.0,47,16,222,1155,1092
146,2026-09-02,11164,8.37,8.37,0.0,2.51,1.67,4.18,0.0,39,39,182,1180,3136
146,2026-09-03,2804,2.1,2.1,0.0,0.63,0.42,1.05,0.0,22,32,200,1186,2283
146,2026-09-04,11111,8.33,8.33,0.0,2.5,1.67,4.17,0.0,60,42,165,1173,3099
146,2026-09-05,13637,10.23,10.23,0.0,3.07,2.05,5.12,0.0,32,5,176,1227,1341
146,2026-09-06,16952,12.71,12.71,0.0,3.81,2.54,6.36,0.0,35,33,120,1252,1614
146,2026-09-07,9879,7.41,7.41,0.0,2.22,1.48,3.71,0.0,12,17,226,1185,2390
146,2026-09-08,10367,7.78,7.78,0.0,2.33,1.56,3.89,0.0,3,7,149,1281,2959
146,2026-09-09,14941,11.21,11.21,0.0,3.36,2.24,5.61,0.0,24,7,237,1172,2039
146,2026-09-10,2840,2.13,2.13,0.0,0.64,0.43,1.06,0.0,26,7,196,1211,2289
146,2026-09-11,5025,3.77,3.77,0.0,1.13,0.75,1.89,0.0,32,18,66,1324,1942
146,2026-09-12,19432,14.57,14.57,0.0,4.37,2.91,7.29,0.0,40,34,141,1225,1696
146,2026-09-12,19432,14.57,14.57,0.0,4.37,2.91,7.29,0.0,40,34,141,1225,1696
146,2026-09-13,13169,9.88,9.88,0.0,2.96,1.98,4.94,0.0,19,4,160,1257,2610
146,2026-09-14,17302,12.98,12.98,0.0,3.89,2.6,6.49,0.0,12,9,94,1325,1000
146,2026-09-15,14149,10.61,10.61,0.0,3.18,2.12,5.3,0.0,24,1,173,1242,1903
146,2026-09-16,18688,14.02,14.02,0.0,4.21,2.8,7.01,0.0,22,13,226,1179,2852
146,2026-09-17,1615,1.21,1.21,0.0,0.36,0.24,0.6,0.0,14,38,106,1282,1920
146,2026-09-18,17277,12.96,12.96,0.0,3.89,2.59,6.48,0.0,59,34,212,1135,2816
146,2026-09-19,9498,7.12,7.12,0.0,2.14,1.42,3.56,0.0,23,37,148,1232,1891
146,2026-09-20,9277,6.96,6.96,0.0,2.09,1.39,3.48,0.0,33,40,146,1221,3162
146,2026-09-21,6403,4.8,4.8,0.0,1.44,0.96,2.4,0.0,51,29,180,1180,1690
146,2026-09-22,19599,14.7,14.7,0.0,4.41,2.94,7.35,0.0,10,32,247,1151,1329
146,2026-09-23,9826,7.37,7.37,0.0,2.21,1.47,3.69,0.0,38,37,143,1222,1922
146,2026-09-24,11196,8.4,8.4,0.0,2.52,1.68,4.2,0.0,45,20,102,1273,1622
146,2026-09-25,5637,4.23,4.23,0.0,1.27,0.85,2.12,0.0,21,30,246,1143,1636
146,2026-09-25,5637,4.23,4.23,0.0,1.27,0.85,2.12,0.0,21,30,246,1143,1636
146,2026-09-26,3742,2.81,2.81,0.0,0.84,0.56,1.41,0.0,43,24,164,1209,2284
146,2026-09-26,3742,2.81,2.81,0.0,0.84,0.56,1.41,0.0,43,24,164,1209,2284
146,2026-09-27,18958,14.22,14.22,0.0,4.27,2.84,7.11,0.0,48,4,184,1204,1757
146,2026-09-28,19046,14.28,14.28,0.0,4.28,2.86,7.14,0.0,58,32,246,1104,2875
146,2026-09-29,18431,13.82,13.82,0.0,4.15,2.76,6.91,0.0,43,23,164,1210,1918
146,2026-09-30,14879,11.16,11.16,0.0,3.35,2.23,5.58,0.0,21,44,122,1253,1767
146,2026-10-01,7930,5.95,5.95,0.0,1.78,1.19,2.98,0.0,16,6,228,1190,2213
146,2026-10-02,7767,5.83,5.83,0.0,1.75,1.17,2.92,0.0,23,28,218,1171,2290
146,2026-10-03,11156,8.37,8.37,0.0,2.51,1.67,4.18,0.0,22,16,184,1218,2225
146,2026-10-04,6095,4.57,4.57,0.0,1.37,0.91,2.29,0.0,54,23,96,1267,2944
147,2026-08-16,14647,10.99,10.99,0.0,3.3,2.2,5.5,0.0,14,7,174,1245,3102
147,2026-08-17,1502,1.13,1.13,0.0,0.34,0.23,0.56,0.0,27,32,235,1146,1156
147,2026-08-18,10043,7.53,7.53,0.0,2.26,1.51,3.77,0.0,0,33,122,1285,2036
147,2026-08-19,2122,1.59,1.59,0.0,0.48,0.32,0.8,0.0,53,3,182,1202,1023
147,2026-08-20,2804,2.1,2.1,0.0,0.63,0.42,1.05,0.0,6,35,162,1237,1919
147,2026-08-21,3365,2.52,2.52,0.0,0.76,0.5,1.26,0.0,31,8,247,1154,1045
147,2026-08-22,8718,6.54,6.54,0.0,1.96,1.31,3.27,0.0,13,34,202,1191,2606
147,2026-08-23,7550,5.66,5.66,0.0,1.7,1.13,2.83,0.0,19,43,83,1295,2411
147,2026-08-24,4038,3.03,3.03,0.0,0.91,0.61,1.51,0.0,55,11,72,1302,1572
147,2026-08-25,5731,4.3,4.3,0.0,1.29,0.86,2.15,0.0,26,17,221,1176,3174
147,2026-08-26,19665,14.75,14.75,0.0,4.42,2.95,7.38,0.0,52,27,233,1128,2409
147,2026-08-27,15166,11.37,11.37,0.0,3.41,2.27,5.68,0.0,37,35,162,1206,-100
147,2026-08-28,10735,8.05,8.05,0.0,2.42,1.61,4.03,0.0,57,18,110,1255,2125
147,2026-08-29,5157,3.87,3.87,0.0,1.16,0.77,1.94,0.0,36,16,95,1293,3103
147,2026-08-30,12560,9.42,9.42,0.0,2.83,1.88,4.71,0.0,43,1,206,1190,2384
147,2026-08-31,14937,11.2,11.2,0.0,3.36,2.24,5.6,0.0,37,32,238,1133,2686
147,2026-09-01,13889,10.42,10.42,0.0,3.13,2.08,5.21,0.0,38,21,182,1199,1027
147,2026-09-02,7713,5.78,5.78,0.0,1.73,1.16,2.89,0.0,46,28,238,1128,1447
147,2026-09-03,10954,8.22,8.22,0.0,2.47,1.64,4.11,0.0,53,39,88,1260,2135
147,2026-09-04,3607,2.71,2.71,0.0,0.81,0.54,1.35,0.0,41,37,237,1125,3010
147,2026-09-05,8914,6.69,6.69,0.0,2.01,1.34,3.35,0.0,3,18,234,1185,1594
147,2026-09-06,17194,12.9,12.9,0.0,3.87,2.58,6.45,0.0,17,38,109,1276,3064
147,2026-09-07,2203,1.65,1.65,0.0,0.49,0.33,0.82,0.0,3,36,125,1276,2128
147,2026-09-08,19196,14.4,14.4,0.0,4.32,2.88,7.2,0.0,12,38,162,1228,-100
147,2026-09-09,18076,13.56,13.56,0.0,4.07,2.71,6.78,0.0,41,10,201,1188,1578
147,2026-09-10,17315,12.99,12.99,0.0,3.9,2.6,6.5,0.0,22,5,119,1294,1057
147,2026-09-10,17315,12.99,12.99,0.0,3.9,2.6,6.5,0.0,22,5,119,1294,1057
147,2026-09-11,19757,14.82,14.82,0.0,4.45,2.96,7.41,0.0,59,0,227,1154,1491
147,2026-09-12,16943,12.71,12.71,0.0,3.81,2.54,6.36,0.0,14,24,196,1206,-100
147,2026-09-13,8587,6.44,6.44,0.0,1.93,1.29,3.22,0.0,54,38,208,1140,1327
147,2026-09-14,13528,10.15,10.15,0.0,3.04,2.03,5.08,0.0,16,32,61,1331,1297
147,2026-09-15,14824,11.12,11.12,0.0,3.34,2.22,5.56,0.0,31,2,178,1229,2821
147,2026-09-16,8175,6.13,6.13,0.0,1.84,1.23,3.06,0.0,11,34,71,1324,1847
147,2026-09-17,6129,4.6,4.6,0.0,1.38,0.92,2.3,0.0,42,41,65,1292,3192
147,2026-09-18,3459,2.59,2.59,0.0,0.78,0.52,1.29,0.0,37,28,60,1315,2569
147,2026-09-19,16279,12.21,12.21,0.0,3.66,2.44,6.11,0.0,13,25,206,1196,2284
147,2026-09-20,15525,11.64,11.64,0.0,3.49,2.33,5.82,0.0,41,30,204,1165,2132
147,2026-09-21,18577,13.93,13.93,0.0,4.18,2.79,6.96,0.0,1,13,172,1254,1245
147,2026-09-22,9581,7.19,7.19,0.0,2.16,1.44,3.6,0.0,0,34,162,1244,1411
147,2026-09-23,3190,2.39,2.39,0.0,0.72,0.48,1.2,0.0,59,16,220,1145,1199
147,2026-09-24,15927,11.95,11.95,0.0,3.58,2.39,5.97,0.0,57,4,109,1270,2185
147,2026-09-25,3194,2.4,2.4,0.0,0.72,0.48,1.2,0.0,43,29,208,1160,2548
147,2026-09-26,16960,12.72,12.72,0.0,3.82,2.54,6.36,0.0,18,31,129,1262,1135
147,2026-09-27,14760,11.07,11.07,0.0,3.32,2.21,5.54,0.0,37,45,190,1168,3147
147,2026-09-28,2976,2.23,2.23,0.0,0.67,0.45,1.11,0.0,4,9,174,1253,1878
147,2026-09-29,12452,9.34,9.34,0.0,2.8,1.87,4.67,0.0,6,34,174,1226,1705
147,2026-09-30,4007,3.01,3.01,0.0,0.9,0.6,1.5,0.0,7,16,220,1197,2234
147,2026-10-01,2650,1.99,1.99,0.0,0.6,0.4,0.99,0.0,39,9,247,1145,2100
147,2026-10-02,14154,10.62,10.62,0.0,3.19,2.12,5.31,0.0,19,7,246,1168,1187
147,2026-10-03,16063,12.05,12.05,0.0,3.62,2.41,6.03,0.0,44,29,139,1228,1559
147,2026-10-04,14410,10.81,10.81,0.0,3.24,2.16,5.41,0.0,40,21,183,1196,2789
148,2026-08-16,18866,14.15,14.15,0.0,4.25,2.83,7.08,0.0,27,25,245,1143,1207
148,2026-08-17,2695,2.02,2.02,0.0,0.61,0.4,1.01,0.0,0,33,199,1208,1316
148,2026-08-18,16332,12.25,12.25,0.0,3.67,2.45,6.12,0.0,38,12,68,1322,1376
148,2026-08-19,8917,6.69,6.69,0.0,2.01,1.34,3.35,0.0,44,27,61,1308,3163
148,2026-08-20,18566,13.92,13.92,0.0,4.18,2.78,6.96,0.0,39,16,145,1240,1401
148,2026-08-21,17171,12.88,12.88,0.0,3.86,2.58,6.44,0.0,29,31,154,1226,2310
148,2026-08-22,15854,11.89,11.89,0.0,3.57,2.38,5.95,0.0,14,0,216,1210,3048
148,2026-08-23,16991,12.74,12.74,0.0,3.82,2.55,6.37,0.0,19,6,209,1206,2329
148,2026-08-24,10754,8.07,8.07,0.0,2.42,1.61,4.04,0.0,53,30,113,1244,2078
148,2026-08-25,14479,10.86,10.86,0.0,3.26,2.17,5.43,0.0,15,42,89,1294,2815
148,2026-08-26,12551,9.41,9.41,0.0,2.82,1.88,4.71,0.0,1,22,162,1255,2588
148,2026-08-27,8154,6.12,6.12,0.0,1.84,1.22,3.06,0.0,24,40,233,1143,2354
148,2026-08-28,18119,13.59,13.59,0.0,4.08,2.72,6.79,0.0,27,36,79,1298,1911
148,2026-08-29,12063,9.05,9.05,0.0,2.72,1.81,4.53,0.0,26,34,120,1260,2559
148,2026-08-30,19853,14.89,14.89,0.0,4.47,2.98,7.45,0.0,26,36,183,1195,1281
148,2026-08-31,9454,7.09,7.09,0.0,2.13,1.42,3.54,0.0,13,13,233,1181,1384
148,2026-09-01,11420,8.56,8.56,0.0,2.57,1.71,4.28,0.0,52,14,105,1269,1356
148,2026-09-02,1926,1.44,1.44,0.0,0.43,0.29,0.72,0.0,18,10,69,1343,2542
148,2026-09-03,14125,10.59,10.59,0.0,3.18,2.12,5.29,0.0,51,20,121,1248,3189
148,2026-09-04,13203,9.9,9.9,0.0,2.97,1.98,4.95,0.0,12,16,225,1187,3075
148,2026-09-05,7788,5.84,5.84,0.0,1.75,1.17,2.92,0.0,39,23,213,1165,2735
148,2026-09-06,8025,6.02,6.02,0.0,1.81,1.2,3.01,0.0,42,5,121,1272,2950
148,2026-09-07,1151,0.86,0.86,0.0,0.26,0.17,0.43,0.0,58,2,187,1193,1044
148,2026-09-08,6783,5.09,5.09,0.0,1.53,1.02,2.54,0.0,31,14,92,1303,2698
148,2026-09-09,13675,10.26,10.26,0.0,3.08,2.05,5.13,0.0,60,41,245,1094,2289
148,2026-09-10,4780,3.58,3.58,0.0,1.07,0.72,1.79,0.0,28,6,207,1199,2581
148,2026-09-11,16052,12.04,12.04,0.0,3.61,2.41,6.02,0.0,20,41,149,1230,1768
148,2026-09-12,7272,5.45,5.45,0.0,1.64,1.09,2.73,0.0,56,43,248,1093,1280
148,2026-09-13,19023,14.27,14.27,0.0,4.28,2.85,7.13,0.0,10,16,174,1240,2853
148,2026-09-14,15111,11.33,11.33,0.0,3.4,2.27,5.67,0.0,39,13,154,1234,1703
148,2026-09-15,19005,14.25,14.25,0.0,4.27,2.85,7.12,0.0,16,37,162,1225,2288
148,2026-09-16,9826,7.37,7.37,0.0,2.21,1.47,3.69,0.0,46,23,235,1136,2275
148,2026-09-17,8552,6.41,6.41,0.0,1.92,1.28,3.21,0.0,18,15,76,1331,3124
148,2026-09-18,2678,2.01,2.01,0.0,0.6,0.4,1.0,0.0,34,24,129,1253,2919
148,2026-09-19,4066,3.05,3.05,0.0,0.91,0.61,1.52,0.0,1,45,233,1161,1321
148,2026-09-20,14297,10.72,10.72,0.0,3.22,2.14,5.36,0.0,10,8,83,1339,2455
148,2026-09-21,14731,11.05,11.05,0.0,3.31,2.21,5.53,0.0,49,38,84,1269,2228
148,2026-09-22,17091,12.82,12.82,0.0,3.85,2.56,6.41,0.0,10,20,230,1180,1933
148,2026-09-23,5299,3.97,3.97,0.0,1.19,0.79,1.99,0.0,13,17,177,1233,2209
148,2026-09-24,19241,14.43,14.43,0.0,4.33,2.89,7.21,0.0,34,6,150,1250,2606
148,2026-09-25,6593,4.94,4.94,0.0,1.48,0.99,2.47,0.0,36,33,192,1179,2510
148,2026-09-26,5005,3.75,3.75,0.0,1.12,0.75,1.88,0.0,53,4,71,1312,3134
148,2026-09-27,11928,8.95,8.95,0.0,2.68,1.79,4.47,0.0,3,7,177,1253,1894
148,2026-09-28,13902,10.43,10.43,0.0,3.13,2.09,5.21,0.0,49,1,162,1228,2830
148,2026-09-29,16499,12.37,12.37,0.0,3.71,2.47,6.18,0.0,19,5,197,1219,2311
148,2026-09-30,2736,2.05,2.05,0.0,0.61,0.41,1.02,0.0,48,11,95,1286,2891
148,2026-10-01,18467,13.85,13.85,0.0,4.15,2.77,6.92,0.0,3,9,148,1280,1591
148,2026-10-02,2294,1.72,1.72,0.0,0.52,0.34,0.86,0.0,41,31,91,1277,2309
148,2026-10-03,17192,12.89,12.89,0.0,3.87,2.58,6.45,0.0,26,18,140,1256,1425
148,2026-10-03,17192,12.89,12.89,0.0,3.87,2.58,6.45,0.0,26,18,140,1256,1425
148,2026-10-04,7497,5.62,5.62,0.0,1.69,1.12,2.81,0.0,40,5,151,1244,1804
148,2026-10-04,7497,5.62,5.62,0.0,1.69,1.12,2.81,0.0,40,5,151,1244,1804
149,2026-08-16,16784,12.59,12.59,0.0,3.78,2.52,6.29,0.0,37,10,118,1275,1624
149,2026-08-17,3113,2.33,2.33,0.0,0.7,0.47,1.17,0.0,55,39,90,1256,1114
149,2026-08-18,16344,12.26,12.26,0.0,3.68,2.45,6.13,0.0,5,2,214,1219,1925
149,2026-08-19,7374,5.53,5.53,0.0,1.66,1.11,2.77,0.0,24,33,171,1212,1704
149,2026-08-20,14832,11.12,11.12,0.0,3.34,2.22,5.56,0.0,11,11,76,1342,1217
149,2026-08-21,19599,14.7,14.7,0.0,4.41,2.94,7.35,0.0,58,11,90,1281,1227
149,2026-08-22,14728,11.05,11.05,0.0,3.31,2.21,5.53,0.0,21,1,107,1311,2742
149,2026-08-23,14678,11.01,11.01,0.0,3.3,2.2,5.5,0.0,31,10,238,1161,2175
149,2026-08-24,19187,14.39,14.39,0.0,4.32,2.88,7.2,0.0,43,22,165,1210,3166
149,2026-08-25,7082,5.31,5.31,0.0,1.59,1.06,2.65,0.0,41,21,151,1227,3181
149,2026-08-26,7059,5.29,5.29,0.0,1.59,1.06,2.65,0.0,3,2,95,1340,1729
149,2026-08-27,8949,6.71,6.71,0.0,2.01,1.34,3.35,0.0,13,45,82,1300,1923
149,2026-08-28,17160,12.87,12.87,0.0,3.86,2.57,6.43,0.0,51,18,230,1141,2730
149,2026-08-29,8988,6.74,6.74,0.0,2.02,1.35,3.37,0.0,51,23,239,1127,1460
149,2026-08-30,19040,14.28,14.28,0.0,4.28,2.86,7.14,0.0,8,27,65,1340,1822
149,2026-08-31,5643,4.23,4.23,0.0,1.27,0.85,2.12,0.0,13,24,230,1173,1748
149,2026-09-01,15359,11.52,11.52,0.0,3.46,2.3,5.76,0.0,49,24,216,1151,3102
149,2026-09-01,15359,11.52,11.52,0.0,3.46,2.3,5.76,0.0,49,24,216,1151,3102
149,2026-09-02,7485,5.61,5.61,0.0,1.68,1.12,2.81,0.0,42,11,135,1252,3051
149,2026-09-03,19932,14.95,14.95,0.0,4.48,2.99,7.47,0.0,26,39,225,1150,3042
149,2026-09-04,5172,3.88,3.88,0.0,1.16,0.78,1.94,0.0,16,32,209,1183,2472
149,2026-09-05,16583,12.44,12.44,0.0,3.73,2.49,6.22,0.0,43,10,114,1273,2619
149,2026-09-06,5874,4.41,4.41,0.0,1.32,0.88,2.21,0.0,23,31,210,1176,2462
149,2026-09-07,8541,6.41,6.41,0.0,1.92,1.28,3.21,0.0,17,37,220,1166,2505
149,2026-09-08,12829,9.62,9.62,0.0,2.89,1.92,4.81,0.0,34,4,103,1299,2123
149,2026-09-09,5646,4.23,4.23,0.0,1.27,0.85,2.12,0.0,50,6,136,1248,2137
149,2026-09-10,19599,14.7,14.7,0.0,4.41,2.94,7.35,0.0,34,4,104,1298,2660
149,2026-09-11,5571,4.18,4.18,0.0,1.25,0.84,2.09,0.0,46,15,111,1268,1810
149,2026-09-12,10301,7.73,7.73,0.0,2.32,1.55,3.87,0.0,43,30,66,1301,1592
149,2026-09-13,14906,11.18,11.18,0.0,3.35,2.24,5.59,0.0,27,15,134,1264,2232
149,2026-09-14,3952,2.96,2.96,0.0,0.89,0.59,1.48,0.0,19,22,191,1208,1386
149,2026-09-15,14426,10.82,10.82,0.0,3.25,2.16,5.41,0.0,10,3,187,1240,1973
149,2026-09-16,15163,11.37,11.37,0.0,3.41,2.27,5.68,0.0,45,45,106,1244,2016
149,2026-09-17,17631,13.22,13.22,0.0,3.97,2.64,6.61,0.0,7,14,242,1177,1275
149,2026-09-18,12762,9.57,9.57,0.0,2.87,1.91,4.79,0.0,56,32,181,1171,2204
149,2026-09-19,8147,6.11,6.11,0.0,1.83,1.22,3.06,0.0,26,6,80,1328,2443
149,2026-09-20,12842,9.63,9.63,0.0,2.89,1.93,4.82,0.0,28,39,175,1198,1061
149,2026-09-21,3392,2.54,2.54,0.0,0.76,0.51,1.27,0.0,41,13,174,1212,1462
149,2026-09-22,4580,3.44,3.44,0.0,1.03,0.69,1.72,0.0,11,45,90,1294,2837
149,2026-09-23,3585,2.69,2.69,0.0,0.81,0.54,1.34,0.0,8,21,141,1270,1762
149,2026-09-24,19959,14.97,14.97,0.0,4.49,2.99,7.49,0.0,54,26,196,1164,1433
149,2026-09-25,8971,6.73,6.73,0.0,2.02,1.35,3.37,0.0,1,1,79,1359,2082
149,2026-09-26,18831,14.12,14.12,0.0,4.24,2.82,7.06,0.0,34,30,230,1146,3148
149,2026-09-27,19309,14.48,14.48,0.0,4.34,2.9,7.24,0.0,31,19,113,1277,1873
149,2026-09-28,19188,14.39,14.39,0.0,4.32,2.88,7.2,0.0,14,27,195,1204,1327
149,2026-09-29,6987,5.24,5.24,0.0,1.57,1.05,2.62,0.0,37,42,246,1115,1411
149,2026-09-30,10778,8.08,8.08,0.0,2.42,1.62,4.04,0.0,2,38,96,1304,2353
149,2026-10-01,9223,6.92,6.92,0.0,2.08,1.38,3.46,0.0,24,17,198,1201,1740
149,2026-10-02,2714,2.04,2.04,0.0,0.61,0.41,1.02,0.0,0,20,188,1232,1756
149,2026-10-03,4672,3.5,3.5,0.0,1.05,0.7,1.75,0.0,3,3,60,1374,1683
149,2026-10-04,14891,11.17,11.17,0.0,3.35,2.23,5.58,0.0,19,14,144,1263,2266
150,2026-08-16,11775,8.83,8.83,0.0,2.65,1.77,4.42,0.0,42,39,206,1153,1599
150,2026-08-17,11295,8.47,8.47,0.0,2.54,1.69,4.24,0.0,25,9,85,1321,2929
150,2026-08-18,17435,13.08,13.08,0.0,3.92,2.62,6.54,0.0,23,22,234,1161,2835
150,2026-08-19,6194,4.65,4.65,0.0,1.4,0.93,2.33,0.0,9,19,118,1294,2893
150,2026-08-20,9439,7.08,7.08,0.0,2.12,1.42,3.54,0.0,35,12,191,1202,2919
150,2026-08-21,4387,3.29,3.29,0.0,0.99,0.66,1.65,0.0,3,29,61,1347,1848
150,2026-08-22,19374,14.53,14.53,0.0,4.36,2.91,7.26,0.0,45,17,240,1138,1048
150,2026-08-23,11287,8.47,8.47,0.0,2.54,1.69,4.24,0.0,44,17,113,1266,1126
150,2026-08-24,11772,8.83,8.83,0.0,2.65,1.77,4.42,0.0,57,3,116,1264,2639
150,2026-08-25,5270,3.95,3.95,0.0,1.19,0.79,1.98,0.0,34,2,166,1238,1754
150,2026-08-26,13994,10.5,10.5,0.0,3.15,2.1,5.25,0.0,2,7,91,1340,1518
150,2026-08-27,3147,2.36,2.36,0.0,0.71,0.47,1.18,0.0,19,43,238,1140,2559
150,2026-08-28,6997,5.25,5.25,0.0,1.57,1.05,2.62,0.0,51,12,161,1216,1208
150,2026-08-29,19101,14.33,14.33,0.0,4.3,2.87,7.17,0.0,51,1,116,1272,1345
150,2026-08-30,6391,4.79,4.79,0.0,1.44,0.96,2.4,0.0,32,40,118,1250,2107
150,2026-08-31,16205,12.15,12.15,0.0,3.65,2.43,6.08,0.0,33,37,159,1211,1854
150,2026-09-01,9008,6.76,6.76,0.0,2.03,1.35,3.38,0.0,21,40,207,1172,1128
150,2026-09-02,6908,5.18,5.18,0.0,1.55,1.04,2.59,0.0,49,35,123,1233,3010
150,2026-09-03,17216,12.91,12.91,0.0,3.87,2.58,6.46,0.0,32,11,91,1306,1457
150,2026-09-04,14809,11.11,11.11,0.0,3.33,2.22,5.55,0.0,28,33,238,1141,2133
150,2026-09-05,17940,13.46,13.46,0.0,4.04,2.69,6.73,0.0,46,45,172,1177,1525
150,2026-09-06,13459,10.09,10.09,0.0,3.03,2.02,5.04,0.0,34,15,136,1255,1515
150,2026-09-07,1594,1.2,1.2,0.0,0.36,0.24,0.6,0.0,52,10,142,1236,2430
150,2026-09-08,5608,4.21,4.21,0.0,1.26,0.84,2.1,0.0,56,13,230,1141,2816
150,2026-09-09,19667,14.75,14.75,0.0,4.42,2.95,7.38,0.0,21,29,224,1166,1371
150,2026-09-10,2418,1.81,1.81,0.0,0.54,0.36,0.91,0.0,32,15,223,1170,1747
150,2026-09-11,13388,10.04,10.04,0.0,3.01,2.01,5.02,0.0,13,26,102,1299,1956
150,2026-09-12,5606,4.2,4.2,0.0,1.26,0.84,2.1,0.0,52,42,75,1271,2487
150,2026-09-13,10176,7.63,7.63,0.0,2.29,1.53,3.81,0.0,46,10,232,1152,2802
150,2026-09-14,2012,1.51,1.51,0.0,0.45,0.3,0.76,0.0,39,6,148,1247,2660
150,2026-09-15,8005,6.0,6.0,0.0,1.8,1.2,3.0,0.0,8,7,146,1279,2765
150,2026-09-16,1680,1.26,1.26,0.0,0.38,0.25,0.63,0.0,36,18,77,1309,1629
150,2026-09-17,15577,11.68,11.68,0.0,3.5,2.34,5.84,0.0,5,22,183,1230,1565
150,2026-09-18,14207,10.66,10.66,0.0,3.2,2.13,5.33,0.0,0,27,195,1218,1804
150,2026-09-19,17098,12.82,12.82,0.0,3.85,2.56,6.41,0.0,50,36,84,1270,1085
150,2026-09-20,3237,2.43,2.43,0.0,0.73,0.49,1.22,0.0,20,45,70,1305,1851
150,2026-09-21,11653,8.74,8.74,0.0,2.62,1.75,4.37,0.0,34,42,206,1158,1286
150,2026-09-22,8209,6.16,6.16,0.0,1.85,1.23,3.08,0.0,37,22,70,1311,2648
150,2026-09-23,18665,14.0,14.0,0.0,4.2,2.8,7.0,0.0,54,11,236,1139,1493
150,2026-09-24,1692,1.27,1.27,0.0,0.38,0.25,0.64,0.0,41,42,147,1210,1016
150,2026-09-24,1692,1.27,1.27,0.0,0.38,0.25,0.64,0.0,41,42,147,1210,1016
150,2026-09-25,16969,12.73,12.73,0.0,3.82,2.55,6.37,0.0,6,29,167,1238,1575
150,2026-09-26,1912,1.43,1.43,0.0,0.43,0.29,0.71,0.0,41,2,163,1234,1945
150,2026-09-27,16882,12.66,12.66,0.0,3.8,2.53,6.33,0.0,44,29,162,1205,1618
150,2026-09-28,3671,2.75,2.75,0.0,0.82,0.55,1.38,0.0,52,25,127,1236,1209
150,2026-09-29,13600,10.2,10.2,0.0,3.06,2.04,5.1,0.0,39,45,248,1108,1129
150,2026-09-30,7776,5.83,5.83,0.0,1.75,1.17,2.92,0.0,14,21,94,1311,1968
150,2026-10-01,2547,1.91,1.91,0.0,0.57,0.38,0.95,0.0,27,44,76,1293,1566
150,2026-10-02,18038,13.53,13.53,0.0,4.06,2.71,6.76,0.0,10,20,215,1195,2160
150,2026-10-03,16531,12.4,12.4,0.0,3.72,2.48,6.2,0.0,6,37,131,1266,2790
150,2026-10-04,11820,8.87,8.87,0.0,2.66,1.77,4.43,0.0,14,10,195,1221,2537
151,2026-08-16,11905,8.93,8.93,0.0,2.68,1.79,4.46,0.0,10,37,156,1237,1823
151,2026-08-17,1472,1.1,1.1,0.0,0.33,0.22,0.55,0.0,47,44,116,1233,1326
151,2026-08-18,7899,5.92,5.92,0.0,1.78,1.18,2.96,0.0,42,4,156,1238,2330
151,2026-08-19,5546,4.16,4.16,0.0,1.25,0.83,2.08,0.0,9,28,185,1218,1176
151,2026-08-20,3321,2.49,2.49,0.0,0.75,0.5,1.25,0.0,23,0,237,1180,1596
151,2026-08-21,17719,13.29,13.29,0.0,3.99,2.66,6.64,0.0,42,17,120,1261,1262
151,2026-08-22,12670,9.5,9.5,0.0,2.85,1.9,4.75,0.0,46,31,235,1128,1663
151,2026-08-23,11843,8.88,8.88,0.0,2.66,1.78,4.44,0.0,17,39,238,1146,2051
151,2026-08-24,17538,13.15,13.15,0.0,3.94,2.63,6.58,0.0,23,12,244,1161,1190
151,2026-08-25,2320,1.74,1.74,0.0,0.52,0.35,0.87,0.0,5,42,66,1327,1828
151,2026-08-26,10098,7.57,7.57,0.0,2.27,1.51,3.79,0.0,8,15,235,1182,2083
151,2026-08-27,4674,3.51,3.51,0.0,1.05,0.7,1.75,0.0,7,14,243,1176,2996
151,2026-08-28,17376,13.03,13.03,0.0,3.91,2.61,6.51,0.0,54,14,236,1136,1115
151,2026-08-29,14566,10.92,10.92,0.0,3.28,2.18,5.46,0.0,4,34,243,1159,1949
151,2026-08-30,19632,14.72,14.72,0.0,4.42,2.94,7.36,0.0,1,13,244,1182,1410
151,2026-08-31,6349,4.76,4.76,0.0,1.43,0.95,2.38,0.0,37,41,99,1263,1801
151,2026-09-01,13240,9.93,9.93,0.0,2.98,1.99,4.96,0.0,4,39,217,1180,1663
151,2026-09-02,9805,7.35,7.35,0.0,2.2,1.47,3.67,0.0,20,31,154,1235,1706
151,2026-09-03,14499,10.87,10.87,0.0,3.26,2.17,5.43,0.0,50,23,201,1166,1472
151,2026-09-04,2435,1.83,1.83,0.0,0.55,0.37,0.92,0.0,3,37,117,1283,2934
151,2026-09-05,1699,1.27,1.27,0.0,0.38,0.25,0.64,0.0,8,24,145,1263,2672
151,2026-09-06,17308,12.98,12.98,0.0,3.89,2.6,6.49,0.0,21,12,227,1180,1919
151,2026-09-07,14655,10.99,10.99,0.0,3.3,2.2,5.5,0.0,0,19,113,1308,2588
151,2026-09-08,4958,3.72,3.72,0.0,1.12,0.74,1.86,0.0,2,25,96,1317,2024
151,2026-09-09,5739,4.3,4.3,0.0,1.29,0.86,2.15,0.0,38,34,176,1192,2006
151,2026-09-10,19076,14.31,14.31,0.0,4.29,2.86,7.16,0.0,20,32,178,1210,2237
151,2026-09-11,6959,5.22,5.22,0.0,1.57,1.04,2.61,0.0,24,26,220,1170,1110
151,2026-09-12,1344,1.01,1.01,0.0,0.3,0.2,0.51,0.0,32,12,186,1210,2374
151,2026-09-13,2961,2.22,2.22,0.0,0.67,0.44,1.11,0.0,50,9,126,1255,1477
151,2026-09-14,12136,9.1,9.1,0.0,2.73,1.82,4.55,0.0,14,5,110,1311,1631
151,2026-09-15,4298,3.22,3.22,0.0,0.97,0.64,1.61,0.0,52,16,117,1255,2202
151,2026-09-16,17699,13.27,13.27,0.0,3.98,2.65,6.63,0.0,58,23,201,1158,1962
151,2026-09-17,2426,1.82,1.82,0.0,0.55,0.36,0.91,0.0,11,33,128,1268,1238
151,2026-09-18,5605,4.2,4.2,0.0,1.26,0.84,2.1,0.0,46,6,85,1303,1984
151,2026-09-19,17135,12.85,12.85,0.0,3.85,2.57,6.42,0.0,15,0,217,1208,1149
151,2026-09-20,13279,9.96,9.96,0.0,2.99,1.99,4.98,0.0,9,5,244,1182,2444
151,2026-09-21,18372,13.78,13.78,0.0,4.13,2.76,6.89,0.0,34,37,90,1279,1398
151,2026-09-22,15810,11.86,11.86,0.0,3.56,2.37,5.93,0.0,16,7,109,1308,1068
151,2026-09-23,17963,13.47,13.47,0.0,4.04,2.69,6.74,0.0,22,34,240,1144,1121
151,2026-09-24,18519,13.89,13.89,0.0,4.17,2.78,6.95,0.0,49,42,179,1170,1891
151,2026-09-24,18519,13.89,13.89,0.0,4.17,2.78,6.95,0.0,49,42,179,1170,1891
151,2026-09-25,6651,4.99,4.99,0.0,1.5,1.0,2.5,0.0,39,0,137,1264,2740
151,2026-09-26,14167,10.63,10.63,0.0,3.19,2.13,5.32,0.0,26,3,149,1262,2932
151,2026-09-27,18063,13.55,13.55,0.0,4.07,2.71,6.78,0.0,56,14,85,1285,1307
151,2026-09-28,13826,10.37,10.37,0.0,3.11,2.07,5.18,0.0,22,26,172,1220,2681
151,2026-09-29,10354,7.77,7.77,0.0,2.33,1.55,3.88,0.0,51,30,75,1284,3170
151,2026-09-30,6477,4.86,4.86,0.0,1.46,0.97,2.43,0.0,51,0,99,1290,1955
151,2026-10-01,19951,14.96,14.96,0.0,4.49,2.99,7.48,0.0,23,20,82,1315,2588
151,2026-10-02,18124,13.59,13.59,0.0,4.08,2.72,6.79,0.0,55,1,108,1276,2407
151,2026-10-03,11838,8.88,8.88,0.0,2.66,1.78,4.44,0.0,47,11,201,1181,1679
151,2026-10-04,18632,13.97,13.97,0.0,4.19,2.79,6.99,0.0,14,4,164,1258,2958
152,2026-08-16,4301,3.23,3.23,0.0,0.97,0.65,1.61,0.0,42,1,94,1303,2694
152,2026-08-17,13326,9.99,9.99,0.0,3.0,2.0,5.0,0.0,8,36,121,1275,3090
152,2026-08-18,6995,5.25,5.25,0.0,1.57,1.05,2.62,0.0,29,12,60,1339,1536
152,2026-08-19,10653,7.99,7.99,0.0,2.4,1.6,4.0,0.0,1,8,156,1275,3042
152,2026-08-20,17781,13.34,13.34,0.0,4.0,2.67,6.67,0.0,13,7,113,1307,2764
152,2026-08-21,2859,2.14,2.14,0.0,0.64,0.43,1.07,0.0,38,36,77,1289,1775
152,2026-08-22,5435,4.08,4.08,0.0,1.22,0.82,2.04,0.0,29,43,188,1180,1124
152,2026-08-23,4352,3.26,3.26,0.0,0.98,0.65,1.63,0.0,48,20,215,1157,1612
152,2026-08-24,19391,14.54,14.54,0.0,4.36,2.91,7.27,0.0,51,42,201,1146,2773
152,2026-08-25,4481,3.36,3.36,0.0,1.01,0.67,1.68,0.0,14,35,122,1269,3109
152,2026-08-26,1905,1.43,1.43,0.0,0.43,0.29,0.71,0.0,44,21,106,1269,2672
152,2026-08-27,16936,12.7,12.7,0.0,3.81,2.54,6.35,0.0,53,12,133,1242,2859
152,2026-08-28,19090,14.32,14.32,0.0,4.3,2.86,7.16,0.0,19,26,87,1308,3155
152,2026-08-28,19090,14.32,14.32,0.0,4.3,2.86,7.16,0.0,19,26,87,1308,3155
152,2026-08-29,12797,9.6,9.6,0.0,2.88,1.92,4.8,0.0,37,13,149,1241,1864
152,2026-08-30,14204,10.65,10.65,0.0,3.19,2.13,5.33,0.0,23,6,128,1283,2858
152,2026-08-31,17175,12.88,12.88,0.0,3.86,2.58,6.44,0.0,37,25,166,1212,1370
152,2026-09-01,19572,14.68,14.68,0.0,4.4,2.94,7.34,0.0,58,33,144,1205,3014
152,2026-09-02,19117,14.34,14.34,0.0,4.3,2.87,7.17,0.0,0,0,112,1328,2063
152,2026-09-03,19780,14.84,14.84,0.0,4.45,2.97,7.42,0.0,6,37,183,1214,1094
152,2026-09-04,14305,10.73,10.73,0.0,3.22,2.15,5.37,0.0,26,19,110,1285,1030
152,2026-09-05,17791,13.34,13.34,0.0,4.0,2.67,6.67,0.0,13,0,70,1357,2061
152,2026-09-06,13347,10.01,10.01,0.0,3.0,2.0,5.0,0.0,32,22,203,1183,2036
152,2026-09-07,11657,8.74,8.74,0.0,2.62,1.75,4.37,0.0,27,19,109,1285,2153
152,2026-09-08,11858,8.89,8.89,0.0,2.67,1.78,4.45,0.0,42,19,63,1316,2962
152,2026-09-09,2137,1.6,1.6,0.0,0.48,0.32,0.8,0.0,16,14,171,1239,1789
152,2026-09-10,7686,5.76,5.76,0.0,1.73,1.15,2.88,0.0,52,37,205,1146,3070
152,2026-09-11,14870,11.15,11.15,0.0,3.35,2.23,5.58,0.0,25,44,91,1280,1917
152,2026-09-12,5558,4.17,4.17,0.0,1.25,0.83,2.08,0.0,48,25,250,1117,2743
152,2026-09-13,7950,5.96,5.96,0.0,1.79,1.19,2.98,0.0,50,13,215,1162,1097
152,2026-09-14,16007,12.01,12.01,0.0,3.6,2.4,6.0,0.0,48,9,243,1140,2155
152,2026-09-15,2742,2.06,2.06,0.0,0.62,0.41,1.03,0.0,8,16,219,1197,1752
152,2026-09-16,13307,9.98,9.98,0.0,2.99,2.0,4.99,0.0,32,29,136,1243,2306
152,2026-09-17,11603,8.7,8.7,0.0,2.61,1.74,4.35,0.0,54,20,131,1235,1672
152,2026-09-18,8116,6.09,6.09,0.0,1.83,1.22,3.04,0.0,8,36,117,1279,2767
152,2026-09-19,2071,1.55,1.55,0.0,0.46,0.31,0.78,0.0,25,45,227,1143,1531
152,2026-09-20,3644,2.73,2.73,0.0,0.82,0.55,1.36,0.0,31,33,161,1215,2453
152,2026-09-21,16520,12.39,12.39,0.0,3.72,2.48,6.2,0.0,43,35,121,1241,2496
152,2026-09-22,15751,11.81,11.81,0.0,3.54,2.36,5.91,0.0,39,27,70,1304,2544
152,2026-09-23,5716,4.29,4.29,0.0,1.29,0.86,2.15,0.0,2,10,87,1341,1474
152,2026-09-24,6849,5.14,5.14,0.0,1.54,1.03,2.57,0.0,47,27,216,1150,2354
152,2026-09-25,14712,11.03,11.03,0.0,3.31,2.21,5.51,0.0,12,38,225,1165,3015
152,2026-09-26,15253,11.44,11.44,0.0,3.43,2.29,5.72,0.0,7,1,190,1242,1597
152,2026-09-27,6146,4.61,4.61,0.0,1.38,0.92,2.31,0.0,57,32,81,1270,3088
152,2026-09-28,4875,3.66,3.66,0.0,1.1,0.73,1.83,0.0,9,14,101,1316,2185
152,2026-09-29,10668,8.0,8.0,0.0,2.4,1.6,4.0,0.0,53,10,123,1254,2507
152,2026-09-30,4468,3.35,3.35,0.0,1.0,0.67,1.68,0.0,25,8,202,1205,1465
152,2026-10-01,5093,3.82,3.82,0.0,1.15,0.76,1.91,0.0,22,2,179,1237,2111
152,2026-10-02,8893,6.67,6.67,0.0,2.0,1.33,3.33,0.0,7,2,200,1231,3001
152,2026-10-03,2471,1.85,1.85,0.0,0.56,0.37,0.93,0.0,54,36,173,1177,2413
152,2026-10-04,5359,4.02,4.02,0.0,1.21,0.8,2.01,0.0,51,43,184,1162,1830
153,2026-08-16,5901,4.43,4.43,0.0,1.33,0.89,2.21,0.0,31,27,210,1172,2897
153,2026-08-17,16961,12.72,12.72,0.0,3.82,2.54,6.36,0.0,47,16,234,1143,1214
153,2026-08-18,19872,14.9,14.9,0.0,4.47,2.98,7.45,0.0,8,32,223,1177,1850
153,2026-08-19,5333,4.0,4.0,0.0,1.2,0.8,2.0,0.0,33,19,102,1286,1678
153,2026-08-20,14386,10.79,10.79,0.0,3.24,2.16,5.39,0.0,7,42,103,1288,2106
153,2026-08-21,8940,6.71,6.71,0.0,2.01,1.34,3.35,0.0,2,9,75,1354,1059
153,2026-08-22,11885,8.91,8.91,0.0,2.67,1.78,4.46,0.0,32,20,235,1153,2406
153,2026-08-23,2565,1.92,1.92,0.0,0.58,0.38,0.96,0.0,13,39,125,1263,1890
153,2026-08-24,9334,7.0,7.0,0.0,2.1,1.4,3.5,0.0,52,15,139,1234,1020
153,2026-08-25,18669,14.0,14.0,0.0,4.2,2.8,7.0,0.0,2,16,190,1232,2993
153,2026-08-26,14172,10.63,10.63,0.0,3.19,2.13,5.32,0.0,9,3,197,1231,1298
153,2026-08-27,3394,2.55,2.55,0.0,0.76,0.51,1.27,0.0,39,43,220,1138,3200
153,2026-08-28,17623,13.22,13.22,0.0,3.97,2.64,6.61,0.0,40,3,131,1266,2320
153,2026-08-29,2888,2.17,2.17,0.0,0.65,0.43,1.08,0.0,0,25,188,1227,2782
153,2026-08-30,13042,9.78,9.78,0.0,2.93,1.96,4.89,0.0,55,12,131,1242,2277
153,2026-08-31,9727,7.3,7.3,0.0,2.19,1.46,3.65,0.0,39,30,190,1181,1246
153,2026-09-01,7159,5.37,5.37,0.0,1.61,1.07,2.69,0.0,10,1,224,1205,3099
153,2026-09-02,19242,14.43,14.43,0.0,4.33,2.89,7.21,0.0,46,6,82,1306,2384
153,2026-09-03,6045,4.53,4.53,0.0,1.36,0.91,2.27,0.0,13,44,63,1320,1270
153,2026-09-04,5246,3.93,3.93,0.0,1.18,0.79,1.97,0.0,9,30,69,1332,1746
153,2026-09-05,8123,6.09,6.09,0.0,1.83,1.22,3.04,0.0,15,13,86,1326,1392
153,2026-09-06,19332,14.5,14.5,0.0,4.35,2.9,7.25,0.0,39,18,105,1278,2162
153,2026-09-07,12422,9.32,9.32,0.0,2.8,1.86,4.66,0.0,25,41,188,1186,1118
153,2026-09-08,19334,14.5,14.5,0.0,4.35,2.9,7.25,0.0,57,5,168,1210,1138
153,2026-09-09,16265,12.2,12.2,0.0,3.66,2.44,6.1,0.0,39,29,103,1269,2959
153,2026-09-10,18869,14.15,14.15,0.0,4.25,2.83,7.08,0.0,10,45,173,1212,3155
153,2026-09-11,8619,6.46,6.46,0.0,1.94,1.29,3.23,0.0,60,17,105,1258,2891
153,2026-09-12,14187,10.64,10.64,0.0,3.19,2.13,5.32,0.0,29,34,204,1173,2610
153,2026-09-13,9484,7.11,7.11,0.0,2.13,1.42,3.56,0.0,15,10,176,1239,2062
153,2026-09-14,13194,9.9,9.9,0.0,2.97,1.98,4.95,0.0,40,40,99,1261,2023
153,2026-09-15,14055,10.54,10.54,0.0,3.16,2.11,5.27,0.0,37,13,105,1285,1443
153,2026-09-16,14850,11.14,11.14,0.0,3.34,2.23,5.57,0.0,39,6,63,1332,2566
153,2026-09-17,8436,6.33,6.33,0.0,1.9,1.27,3.17,0.0,32,41,168,1199,2892
153,2026-09-18,19424,14.57,14.57,0.0,4.37,2.91,7.29,0.0,13,6,172,1249,2300
153,2026-09-19,11838,8.88,8.88,0.0,2.66,1.78,4.44,0.0,34,45,227,1134,1320
153,2026-09-20,3170,2.38,2.38,0.0,0.71,0.48,1.19,0.0,45,5,68,1322,2852
153,2026-09-21,1695,1.27,1.27,0.0,0.38,0.25,0.64,0.0,56,14,154,1216,1483
153,2026-09-22,2116,1.59,1.59,0.0,0.48,0.32,0.8,0.0,3,14,110,1313,2715
153,2026-09-23,2955,2.22,2.22,0.0,0.67,0.44,1.11,0.0,56,11,126,1247,3186
153,2026-09-23,2955,2.22,2.22,0.0,0.67,0.44,1.11,0.0,56,11,126,1247,3186
153,2026-09-24,8977,6.73,6.73,0.0,2.02,1.35,3.37,0.0,32,35,114,1259,1314
153,2026-09-25,11255,8.44,8.44,0.0,2.53,1.69,4.22,0.0,41,13,92,1294,3150
153,2026-09-26,10657,7.99,7.99,0.0,2.4,1.6,4.0,0.0,51,4,147,1238,1613
153,2026-09-27,9689,7.27,7.27,0.0,2.18,1.45,3.63,0.0,9,9,200,1222,3174
153,2026-09-28,2910,2.18,2.18,0.0,0.65,0.44,1.09,0.0,30,6,174,1230,2658
153,2026-09-29,7555,5.67,5.67,0.0,1.7,1.13,2.83,0.0,0,36,231,1173,2550
153,2026-09-30,9431,7.07,7.07,0.0,2.12,1.41,3.54,0.0,47,40,197,1156,2542
153,2026-10-01,4335,3.25,3.25,0.0,0.97,0.65,1.62,0.0,39,33,180,1188,2624
153,2026-10-02,18523,13.89,13.89,0.0,4.17,2.78,6.95,0.0,33,7,83,1317,3192
153,2026-10-03,19153,14.36,14.36,0.0,4.31,2.87,7.18,0.0,27,11,100,1302,2753
153,2026-10-04,15611,11.71,11.71,0.0,3.51,2.34,5.86,0.0,58,42,68,1272,2748
154,2026-08-16,8668,6.5,6.5,0.0,1.95,1.3,3.25,0.0,20,38,114,1268,1437
154,2026-08-17,11516,8.64,8.64,0.0,2.59,1.73,4.32,0.0,33,18,103,1286,2095
154,2026-08-18,4961,3.72,3.72,0.0,1.12,0.74,1.86,0.0,49,19,186,1186,2791
154,2026-08-19,8242,6.18,6.18,0.0,1.85,1.24,3.09,0.0,15,3,86,1336,2765
154,2026-08-20,18093,13.57,13.57,0.0,4.07,2.71,6.79,0.0,25,18,163,1234,3051
154,2026-08-21,5149,3.86,3.86,0.0,1.16,0.77,1.93,0.0,1,44,177,1218,2339
154,2026-08-22,17915,13.44,13.44,0.0,4.03,2.69,6.72,0.0,50,5,207,1178,2068
154,2026-08-23,4528,3.4,3.4,0.0,1.02,0.68,1.7,0.0,45,14,103,1278,3127
154,2026-08-24,9606,7.2,7.2,0.0,2.16,1.44,3.6,0.0,19,30,127,1264,1648
154,2026-08-25,5990,4.49,4.49,0.0,1.35,0.9,2.25,0.0,22,11,158,1249,2666
154,2026-08-26,2772,2.08,2.08,0.0,0.62,0.42,1.04,0.0,41,27,86,1286,1473
154,2026-08-27,1486,1.11,1.11,0.0,0.33,0.22,0.56,0.0,26,4,233,1177,2599
154,2026-08-28,1029,0.77,0.77,0.0,0.23,0.15,0.39,0.0,13,18,109,1300,1649
154,2026-08-29,13946,10.46,10.46,0.0,3.14,2.09,5.23,0.0,15,31,236,1158,2027
154,2026-08-30,16809,12.61,12.61,0.0,3.78,2.52,6.3,0.0,13,43,67,1317,1873
154,2026-08-31,15530,11.65,11.65,0.0,3.5,2.33,5.83,0.0,4,31,97,1308,2333
154,2026-09-01,14508,10.88,10.88,0.0,3.26,2.18,5.44,0.0,53,32,168,1187,1015
154,2026-09-02,8864,6.65,6.65,0.0,2.0,1.33,3.33,0.0,11,23,149,1257,2967
154,2026-09-03,6833,5.12,5.12,0.0,1.54,1.02,2.56,0.0,10,43,170,1217,1505
154,2026-09-04,9908,7.43,7.43,0.0,2.23,1.49,3.71,0.0,24,42,96,1278,1683
154,2026-09-05,11910,8.93,8.93,0.0,2.68,1.79,4.46,0.0,49,23,183,1185,1787
154,2026-09-06,14924,11.19,11.19,0.0,3.36,2.24,5.59,0.0,16,4,148,1272,1089
154,2026-09-07,5007,3.76,3.76,0.0,1.13,0.75,1.88,0.0,32,9,85,1314,1880
154,2026-09-08,16443,12.33,12.33,0.0,3.7,2.47,6.17,0.0,44,10,88,1298,2310
154,2026-09-09,4104,3.08,3.08,0.0,0.92,0.62,1.54,0.0,48,26,60,1306,1481
154,2026-09-10,19936,14.95,14.95,0.0,4.48,2.99,7.47,0.0,32,40,92,1276,3080
154,2026-09-11,12998,9.75,9.75,0.0,2.92,1.95,4.88,0.0,3,30,189,1218,2747
154,2026-09-12,9445,7.08,7.08,0.0,2.12,1.42,3.54,0.0,35,6,186,1213,1952
154,2026-09-13,1357,1.02,1.02,0.0,0.31,0.2,0.51,0.0,49,24,161,1206,3099
154,2026-09-14,8460,6.34,6.34,0.0,1.9,1.27,3.17,0.0,13,45,126,1256,2693
154,2026-09-15,9494,7.12,7.12,0.0,2.14,1.42,3.56,0.0,57,2,214,1167,2246
154,2026-09-16,17464,13.1,13.1,0.0,3.93,2.62,6.55,0.0,4,21,69,1346,1216
154,2026-09-17,3473,2.6,2.6,0.0,0.78,0.52,1.3,0.0,59,4,221,1156,1402
154,2026-09-18,7209,5.41,5.41,0.0,1.62,1.08,2.71,0.0,10,12,67,1351,1957
154,2026-09-19,2980,2.23,2.23,0.0,0.67,0.45,1.11,0.0,23,26,250,1141,1104
154,2026-09-20,3126,2.34,2.34,0.0,0.7,0.47,1.17,0.0,14,1,163,1262,2791
154,2026-09-21,18527,13.9,13.9,0.0,4.17,2.78,6.95,0.0,5,23,168,1244,1911
154,2026-09-22,17354,13.02,13.02,0.0,3.91,2.6,6.51,0.0,44,15,208,1173,2081
154,2026-09-22,17354,13.02,13.02,0.0,3.91,2.6,6.51,0.0,44,15,208,1173,2081
154,2026-09-23,13807,10.36,10.36,0.0,3.11,2.07,5.18,0.0,4,39,66,1331,2526
154,2026-09-24,14497,10.87,10.87,0.0,3.26,2.17,5.43,0.0,60,44,226,1110,2082
154,2026-09-25,13640,10.23,10.23,0.0,3.07,2.05,5.12,0.0,41,41,149,1209,1820
154,2026-09-26,10314,7.74,7.74,0.0,2.32,1.55,3.87,0.0,60,0,83,1297,2577
154,2026-09-27,7266,5.45,5.45,0.0,1.64,1.09,2.73,0.0,8,30,154,1248,2370
154,2026-09-28,15807,11.86,11.86,0.0,3.56,2.37,5.93,0.0,9,27,211,1193,1131
154,2026-09-29,5714,4.29,4.29,0.0,1.29,0.86,2.15,0.0,60,29,76,1275,2946
154,2026-09-30,19580,14.69,14.69,0.0,4.41,2.94,7.34,0.0,26,37,169,1208,2013
154,2026-10-01,4992,3.74,3.74,0.0,1.12,0.75,1.87,0.0,33,30,82,1295,2358
154,2026-10-02,10676,8.01,8.01,0.0,2.4,1.6,4.0,0.0,40,1,88,1311,-100
154,2026-10-03,13246,9.93,9.93,0.0,2.98,1.99,4.96,0.0,52,1,249,1138,2757
154,2026-10-04,2914,2.19,2.19,0.0,0.66,0.44,1.09,0.0,43,2,138,1257,1906
155,2026-08-16,8081,6.06,6.06,0.0,1.82,1.21,3.03,0.0,42,14,192,1192,2932
155,2026-08-17,19277,14.46,14.46,0.0,4.34,2.89,7.23,0.0,36,3,208,1193,1003
155,2026-08-18,13672,10.25,10.25,0.0,3.07,2.05,5.12,0.0,18,24,139,1259,2942
155,2026-08-19,1481,1.11,1.11,0.0,0.33,0.22,0.56,0.0,32,44,99,1265,1558
155,2026-08-20,18607,13.96,13.96,0.0,4.19,2.79,6.98,0.0,39,5,243,1153,1364
155,2026-08-21,5438,4.08,4.08,0.0,1.22,0.82,2.04,0.0,46,25,206,1163,1657
155,2026-08-22,19519,14.64,14.64,0.0,4.39,2.93,7.32,0.0,29,6,210,1195,1631
155,2026-08-23,9388,7.04,7.04,0.0,2.11,1.41,3.52,0.0,17,31,166,1226,2865
155,2026-08-24,6737,5.05,5.05,0.0,1.51,1.01,2.52,0.0,59,9,80,1292,3066
155,2026-08-25,1502,1.13,1.13,0.0,0.34,0.23,0.56,0.0,11,35,176,1218,1679
155,2026-08-26,15647,11.74,11.74,0.0,3.52,2.35,5.87,0.0,24,38,242,1136,2357
155,2026-08-27,17615,13.21,13.21,0.0,3.96,2.64,6.61,0.0,28,31,153,1228,3033
155,2026-08-28,17703,13.28,13.28,0.0,3.98,2.66,6.64,0.0,7,31,69,1333,2905
155,2026-08-29,10403,7.8,7.8,0.0,2.34,1.56,3.9,0.0,41,6,216,1177,3169
155,2026-08-30,13056,9.79,9.79,0.0,2.94,1.96,4.89,0.0,29,31,149,1231,1339
155,2026-08-31,17149,12.86,12.86,0.0,3.86,2.57,6.43,0.0,46,0,180,1214,1553
155,2026-09-01,12032,9.02,9.02,0.0,2.71,1.8,4.51,0.0,7,8,201,1224,3165
155,2026-09-02,8853,6.64,6.64,0.0,1.99,1.33,3.32,0.0,11,23,126,1280,1448
155,2026-09-03,9749,7.31,7.31,0.0,2.19,1.46,3.65,0.0,60,20,100,1260,2552
155,2026-09-04,3611,2.71,2.71,0.0,0.81,0.54,1.35,0.0,44,11,240,1145,2621
155,2026-09-05,3343,2.51,2.51,0.0,0.75,0.5,1.25,0.0,33,17,197,1193,1287
155,2026-09-06,13475,10.11,10.11,0.0,3.03,2.02,5.05,0.0,2,30,129,1279,2653
155,2026-09-07,8578,6.43,6.43,0.0,1.93,1.29,3.21,0.0,24,15,136,1265,2989
155,2026-09-08,3587,2.69,2.69,0.0,0.81,0.54,1.34,0.0,10,10,188,1232,3051
155,2026-09-09,7520,5.64,5.64,0.0,1.69,1.13,2.82,0.0,10,24,63,1343,1148
155,2026-09-10,6229,4.67,4.67,0.0,1.4,0.93,2.33,0.0,30,23,99,1288,2795
155,2026-09-11,3560,2.67,2.67,0.0,0.8,0.53,1.33,0.0,26,5,100,1309,1217
155,2026-09-12,4171,3.13,3.13,0.0,0.94,0.63,1.56,0.0,37,8,174,1221,1500
155,2026-09-13,6225,4.67,4.67,0.0,1.4,0.93,2.33,0.0,14,24,157,1245,3149
155,2026-09-14,5788,4.34,4.34,0.0,1.3,0.87,2.17,0.0,46,27,116,1251,1246
155,2026-09-15,1718,1.29,1.29,0.0,0.39,0.26,0.65,0.0,53,28,207,1152,1825
155,2026-09-16,12333,9.25,9.25,0.0,2.77,1.85,4.62,0.0,12,26,216,1186,2244
155,2026-09-17,9296,6.97,6.97,0.0,2.09,1.39,3.48,0.0,1,18,74,1347,1241
155,2026-09-18,16148,12.11,12.11,0.0,3.63,2.42,6.05,0.0,47,38,189,1166,1790
155,2026-09-19,3355,2.52,2.52,0.0,0.76,0.5,1.26,0.0,8,10,217,1205,1674
155,2026-09-20,14472,10.85,10.85,0.0,3.25,2.17,5.42,0.0,39,40,98,1263,2938
155,2026-09-21,7901,5.93,5.93,0.0,1.78,1.19,2.96,0.0,45,11,154,1230,1857
155,2026-09-22,6681,5.01,5.01,0.0,1.5,1.0,2.5,0.0,43,13,93,1291,2400
155,2026-09-23,6054,4.54,4.54,0.0,1.36,0.91,2.27,0.0,46,0,165,1229,1122
155,2026-09-24,8112,6.08,6.08,0.0,1.82,1.22,3.04,0.0,25,6,147,1262,3166
155,2026-09-25,13755,10.32,10.32,0.0,3.1,2.06,5.16,0.0,54,43,210,1133,1134
155,2026-09-26,4417,3.31,3.31,0.0,0.99,0.66,1.66,0.0,30,35,175,1200,1725
155,2026-09-27,3255,2.44,2.44,0.0,0.73,0.49,1.22,0.0,58,15,136,1231,2932
155,2026-09-28,11292,8.47,8.47,0.0,2.54,1.69,4.24,0.0,48,25,160,1207,1312
155,2026-09-29,9591,7.19,7.19,0.0,2.16,1.44,3.6,0.0,22,23,147,1248,1603
155,2026-09-30,5916,4.44,4.44,0.0,1.33,0.89,2.22,0.0,54,10,231,1145,3076
155,2026-10-01,7708,5.78,5.78,0.0,1.73,1.16,2.89,0.0,0,45,230,1165,1850
155,2026-10-02,3283,2.46,2.46,0.0,0.74,0.49,1.23,0.0,13,15,67,1345,2209
155,2026-10-03,17056,12.79,12.79,0.0,3.84,2.56,6.39,0.0,24,9,101,1306,2534
155,2026-10-04,11133,8.35,8.35,0.0,2.5,1.67,4.17,0.0,0,12,60,1368,2718
156,2026-08-16,14713,11.03,11.03,0.0,3.31,2.21,5.51,0.0,48,26,86,1280,2976
156,2026-08-17,12695,9.52,9.52,0.0,2.86,1.9,4.76,0.0,6,37,230,1167,2764
156,2026-08-18,10519,7.89,7.89,0.0,2.37,1.58,3.94,0.0,8,1,106,1325,1908
156,2026-08-19,8896,6.67,6.67,0.0,2.0,1.33,3.33,0.0,58,26,239,1117,1093
156,2026-08-20,14632,10.97,10.97,0.0,3.29,2.19,5.49,0.0,27,4,206,1203,1996
156,2026-08-21,16155,12.12,12.12,0.0,3.64,2.42,6.06,0.0,19,27,217,1177,2371
156,2026-08-21,16155,12.12,12.12,0.0,3.64,2.42,6.06,0.0,19,27,217,1177,2371
156,2026-08-22,19598,14.7,14.7,0.0,4.41,2.94,7.35,0.0,38,2,207,1193,2716
156,2026-08-23,5860,4.4,4.4,0.0,1.32,0.88,2.2,0.0,17,2,94,1327,1338
156,2026-08-24,1434,1.08,1.08,0.0,0.32,0.22,0.54,0.0,58,28,204,1150,3131
156,2026-08-25,16489,12.37,12.37,0.0,3.71,2.47,6.18,0.0,32,8,244,1156,1750
156,2026-08-26,15819,11.86,11.86,0.0,3.56,2.37,5.93,0.0,32,18,189,1201,2849
156,2026-08-27,3492,2.62,2.62,0.0,0.79,0.52,1.31,0.0,24,5,140,1271,2808
156,2026-08-28,15104,11.33,11.33,0.0,3.4,2.27,5.67,0.0,1,39,164,1236,2189
156,2026-08-29,19382,14.54,14.54,0.0,4.36,2.91,7.27,0.0,49,39,233,1119,1480
156,2026-08-30,9460,7.09,7.09,0.0,2.13,1.42,3.54,0.0,31,21,249,1139,3039
156,2026-08-31,8106,6.08,6.08,0.0,1.82,1.22,3.04,0.0,12,37,92,1299,2466
156,2026-09-01,7520,5.64,5.64,0.0,1.69,1.13,2.82,0.0,28,25,181,1206,1087
156,2026-09-01,7520,5.64,5.64,0.0,1.69,1.13,2.82,0.0,28,25,181,1206,1087
156,2026-09-02,2763,2.07,2.07,0.0,0.62,0.41,1.03,0.0,49,45,127,1219,2953
156,2026-09-03,11556,8.67,8.67,0.0,2.6,1.73,4.33,0.0,13,5,230,1192,1059
156,2026-09-04,3194,2.4,2.4,0.0,0.72,0.48,1.2,0.0,60,11,194,1175,2989
156,2026-09-05,2902,2.18,2.18,0.0,0.65,0.44,1.09,0.0,17,31,208,1184,2210
156,2026-09-06,7785,5.84,5.84,0.0,1.75,1.17,2.92,0.0,14,40,72,1314,1863
156,2026-09-07,4820,3.62,3.62,0.0,1.09,0.72,1.81,0.0,51,29,240,1120,2401
156,2026-09-08,9101,6.83,6.83,0.0,2.05,1.37,3.42,0.0,14,3,136,1287,1878
156,2026-09-09,5255,3.94,3.94,0.0,1.18,0.79,1.97,0.0,23,19,248,1150,2762
156,2026-09-10,11460,8.6,8.6,0.0,2.58,1.72,4.3,0.0,21,39,63,1317,2965
156,2026-09-11,8196,6.15,6.15,0.0,1.84,1.23,3.08,0.0,37,14,81,1308,1314
156,2026-09-11,8196,6.15,6.15,0.0,1.84,1.23,3.08,0.0,37,14,81,1308,1314
156,2026-09-12,10387,7.79,7.79,0.0,2.34,1.56,3.9,0.0,48,16,174,1202,2001
156,2026-09-13,17271,12.95,12.95,0.0,3.88,2.59,6.47,0.0,47,7,103,1283,1681
156,2026-09-14,8585,6.44,6.44,0.0,1.93,1.29,3.22,0.0,40,38,179,1183,1475
156,2026-09-15,5025,3.77,3.77,0.0,1.13,0.75,1.89,0.0,29,11,122,1278,2047
156,2026-09-16,16065,12.05,12.05,0.0,3.62,2.41,6.03,0.0,6,14,157,1263,1633
156,2026-09-17,1764,1.32,1.32,0.0,0.4,0.26,0.66,0.0,30,30,134,1246,2035
156,2026-09-18,15930,11.95,11.95,0.0,3.58,2.39,5.97,0.0,53,32,138,1217,1426
156,2026-09-19,8235,6.18,6.18,0.0,1.85,1.24,3.09,0.0,8,14,166,1252,2662
156,2026-09-20,13020,9.77,9.77,0.0,2.93,1.95,4.88,0.0,19,7,63,1351,2009
156,2026-09-21,9319,6.99,6.99,0.0,2.1,1.4,3.5,0.0,56,8,214,1162,2936
156,2026-09-22,6832,5.12,5.12,0.0,1.54,1.02,2.56,0.0,18,23,153,1246,1201
156,2026-09-23,2777,2.08,2.08,0.0,0.62,0.42,1.04,0.0,16,32,184,1208,1300
156,2026-09-24,4485,3.36,3.36,0.0,1.01,0.67,1.68,0.0,12,18,123,1287,1256
156,2026-09-25,1757,1.32,1.32,0.0,0.4,0.26,0.66,0.0,51,1,198,1190,2935
156,2026-09-26,17199,12.9,12.9,0.0,3.87,2.58,6.45,0.0,17,8,223,1192,1846
156,2026-09-27,10988,8.24,8.24,0.0,2.47,1.65,4.12,0.0,26,40,222,1152,1915
156,2026-09-28,17012,12.76,12.76,0.0,3.83,2.55,6.38,0.0,29,35,164,1212,2352
156,2026-09-29,18838,14.13,14.13,0.0,4.24,2.83,7.07,0.0,40,24,113,1263,1302
156,2026-09-30,5890,4.42,4.42,0.0,1.33,0.88,2.21,0.0,8,25,204,1203,2028
156,2026-10-01,11075,8.31,8.31,0.0,2.49,1.66,4.16,0.0,30,14,179,1217,1201
156,2026-10-02,6388,4.79,4.79,0.0,1.44,0.96,2.4,0.0,60,17,67,1296,2288
156,2026-10-03,8933,6.7,6.7,0.0,2.01,1.34,3.35,0.0,5,29,125,1281,1104
156,2026-10-04,17289,12.97,12.97,0.0,3.89,2.59,6.49,0.0,2,16,168,1254,2928
157,2026-08-16,7047,5.29,5.29,0.0,1.59,1.06,2.65,0.0,12,19,98,1311,2890
157,2026-08-17,18364,13.77,13.77,0.0,4.13,2.75,6.88,0.0,51,9,81,1299,3062
157,2026-08-18,11267,8.45,8.45,0.0,2.53,1.69,4.22,0.0,50,38,161,1191,2591
157,2026-08-19,3167,2.38,2.38,0.0,0.71,0.48,1.19,0.0,39,3,126,1272,2971
157,2026-08-20,18148,13.61,13.61,0.0,4.08,2.72,6.8,0.0,60,43,138,1199,3106
157,2026-08-21,1689,1.27,1.27,0.0,0.38,0.25,0.64,0.0,42,3,217,1178,1914
157,2026-08-22,12652,9.49,9.49,0.0,2.85,1.9,4.75,0.0,14,14,179,1233,2480
157,2026-08-23,17976,13.48,13.48,0.0,4.04,2.7,6.74,0.0,60,8,158,1214,2827
157,2026-08-24,7595,5.7,5.7,0.0,1.71,1.14,2.85,0.0,55,43,124,1218,1279
157,2026-08-25,10254,7.69,7.69,0.0,2.31,1.54,3.85,0.0,52,9,79,1300,1359
157,2026-08-26,9540,7.16,7.16,0.0,2.15,1.43,3.58,0.0,12,26,240,1162,1537
157,2026-08-27,7113,5.33,5.33,0.0,1.6,1.07,2.67,0.0,25,29,156,1230,1431
157,2026-08-28,17335,13.0,13.0,0.0,3.9,2.6,6.5,0.0,5,34,184,1217,2789
157,2026-08-29,4919,3.69,3.69,0.0,1.11,0.74,1.84,0.0,52,41,77,1270,1094
157,2026-08-30,19971,14.98,14.98,0.0,4.49,3.0,7.49,0.0,37,1,213,1189,3127
157,2026-08-31,12582,9.44,9.44,0.0,2.83,1.89,4.72,0.0,18,35,156,1231,1417
157,2026-09-01,4076,3.06,3.06,0.0,0.92,0.61,1.53,0.0,14,12,158,1256,1082
157,2026-09-02,12536,9.4,9.4,0.0,2.82,1.88,4.7,0.0,58,33,99,1250,2095
157,2026-09-03,17195,12.9,12.9,0.0,3.87,2.58,6.45,0.0,28,25,200,1187,2311
157,2026-09-04,6839,5.13,5.13,0.0,1.54,1.03,2.56,0.0,23,23,73,1321,1562
157,2026-09-05,7036,5.28,5.28,0.0,1.58,1.06,2.64,0.0,33,14,223,1170,2836
157,2026-09-06,8063,6.05,6.05,0.0,1.81,1.21,3.02,0.0,59,39,230,1112,1660
157,2026-09-07,8955,6.72,6.72,0.0,2.02,1.34,3.36,0.0,1,15,92,1332,1317
157,2026-09-08,18853,14.14,14.14,0.0,4.24,2.83,7.07,0.0,59,45,196,1140,1332
157,2026-09-09,17927,13.45,13.45,0.0,4.03,2.69,6.72,0.0,39,18,234,1149,2067
157,2026-09-10,16571,12.43,12.43,0.0,3.73,2.49,6.21,0.0,41,40,204,1155,2568
157,2026-09-11,12789,9.59,9.59,0.0,2.88,1.92,4.79,0.0,52,3,124,1261,2912
157,2026-09-12,16421,12.32,12.32,0.0,3.7,2.46,6.16,0.0,39,34,209,1158,3162
157,2026-09-13,11239,8.43,8.43,0.0,2.53,1.69,4.21,0.0,41,3,215,1181,1236
157,2026-09-14,2774,2.08,2.08,0.0,0.62,0.42,1.04,0.0,27,7,93,1313,1226
157,2026-09-15,2845,2.13,2.13,0.0,0.64,0.43,1.06,0.0,43,1,166,1230,2993
157,2026-09-16,6041,4.53,4.53,0.0,1.36,0.91,2.27,0.0,59,8,230,1143,-100
157,2026-09-17,1628,1.22,1.22,0.0,0.37,0.24,0.61,0.0,40,32,193,1175,2349
157,2026-09-18,14979,11.23,11.23,0.0,3.37,2.25,5.62,0.0,49,22,204,1165,1520
157,2026-09-19,16898,12.67,12.67,0.0,3.8,2.53,6.33,0.0,15,18,60,1347,2229
157,2026-09-20,17214,12.91,12.91,0.0,3.87,2.58,6.46,0.0,57,7,237,1139,2752
157,2026-09-21,6916,5.19,5.19,0.0,1.56,1.04,2.6,0.0,2,19,218,1201,1601
157,2026-09-22,5134,3.85,3.85,0.0,1.16,0.77,1.93,0.0,1,19,122,1298,2746
157,2026-09-23,10876,8.16,8.16,0.0,2.45,1.63,4.08,0.0,3,21,134,1282,2053
157,2026-09-24,17012,12.76,12.76,0.0,3.83,2.55,6.38,0.0,15,10,85,1330,1213
157,2026-09-25,11738,8.8,8.8,0.0,2.64,1.76,4.4,0.0,54,34,141,1211,1083
157,2026-09-26,15866,11.9,11.9,0.0,3.57,2.38,5.95,0.0,5,32,204,1199,3039
157,2026-09-27,10020,7.52,7.52,0.0,2.26,1.5,3.76,0.0,25,15,156,1244,1683
157,2026-09-28,18794,14.1,14.1,0.0,4.23,2.82,7.05,0.0,29,10,105,1296,2917
157,2026-09-29,11482,8.61,8.61,0.0,2.58,1.72,4.3,0.0,56,7,180,1197,1530
157,2026-09-30,5154,3.87,3.87,0.0,1.16,0.77,1.94,0.0,56,39,175,1170,1614
157,2026-10-01,18654,13.99,13.99,0.0,4.2,2.8,7.0,0.0,24,42,128,1246,1434
157,2026-10-02,2663,2.0,2.0,0.0,0.6,0.4,1.0,0.0,46,7,166,1221,2340
157,2026-10-03,18160,13.62,13.62,0.0,4.09,2.72,6.81,0.0,59,14,96,1271,1444
157,2026-10-04,14148,10.61,10.61,0.0,3.18,2.12,5.3,0.0,15,28,153,1244,2429
158,2026-08-16,18935,14.2,14.2,0.0,4.26,2.84,7.1,0.0,2,10,135,1293,2853
158,2026-08-17,13233,9.92,9.92,0.0,2.98,1.98,4.96,0.0,55,12,113,1260,2067
158,2026-08-18,18782,14.09,14.09,0.0,4.23,2.82,7.04,0.0,48,25,132,1235,2859
158,2026-08-19,13367,10.03,10.03,0.0,3.01,2.01,5.01,0.0,51,23,196,1170,1465
158,2026-08-20,2623,1.97,1.97,0.0,0.59,0.39,0.98,0.0,4,17,181,1238,2404
158,2026-08-21,3281,2.46,2.46,0.0,0.74,0.49,1.23,0.0,30,33,117,1260,2190
158,2026-08-22,17080,12.81,12.81,0.0,3.84,2.56,6.41,0.0,51,39,114,1236,2134
158,2026-08-23,11938,8.95,8.95,0.0,2.68,1.79,4.47,0.0,35,42,148,1215,1677
158,2026-08-24,11978,8.98,8.98,0.0,2.69,1.8,4.49,0.0,20,21,67,1332,1184
158,2026-08-25,2154,1.62,1.62,0.0,0.49,0.32,0.81,0.0,50,9,94,1287,1080
158,2026-08-26,5947,4.46,4.46,0.0,1.34,0.89,2.23,0.0,54,5,156,1225,2543
158,2026-08-27,10171,7.63,7.63,0.0,2.29,1.53,3.81,0.0,60,18,77,1285,1697
158,2026-08-28,19662,14.75,14.75,0.0,4.42,2.95,7.38,0.0,29,36,181,1194,2545
158,2026-08-29,6153,4.61,4.61,0.0,1.38,0.92,2.31,0.0,53,1,132,1254,2754
158,2026-08-30,16797,12.6,12.6,0.0,3.78,2.52,6.3,0.0,47,11,137,1245,1870
158,2026-08-31,11035,8.28,8.28,0.0,2.48,1.66,4.14,0.0,47,0,104,1289,2756
158,2026-09-01,18564,13.92,13.92,0.0,4.18,2.78,6.96,0.0,34,43,213,1150,1518
158,2026-09-02,8495,6.37,6.37,0.0,1.91,1.27,3.19,0.0,41,5,140,1254,3137
158,2026-09-03,7507,5.63,5.63,0.0,1.69,1.13,2.81,0.0,38,42,108,1252,2527
158,2026-09-04,4699,3.52,3.52,0.0,1.06,0.7,1.76,0.0,42,1,85,1312,1720
158,2026-09-05,7665,5.75,5.75,0.0,1.72,1.15,2.88,0.0,1,10,227,1202,2633
158,2026-09-06,2366,1.77,1.77,0.0,0.53,0.35,0.89,0.0,58,14,81,1287,1147
158,2026-09-07,7173,5.38,5.38,0.0,1.61,1.08,2.69,0.0,59,14,117,1250,2198
158,2026-09-08,5109,3.83,3.83,0.0,1.15,0.77,1.92,0.0,26,17,200,1197,3038
158,2026-09-09,6807,5.11,5.11,0.0,1.53,1.02,2.56,0.0,25,28,82,1305,3132
158,2026-09-10,12161,9.12,9.12,0.0,2.74,1.82,4.56,0.0,23,5,175,1237,1892
158,2026-09-11,11415,8.56,8.56,0.0,2.57,1.71,4.28,0.0,51,32,152,1205,1165
158,2026-09-12,7797,5.85,5.85,0.0,1.75,1.17,2.92,0.0,29,22,215,1174,2452
158,2026-09-13,11609,8.71,8.71,0.0,2.61,1.74,4.36,0.0,58,27,141,1214,2881
158,2026-09-14,9667,7.25,7.25,0.0,2.17,1.45,3.62,0.0,41,7,218,1174,1924
158,2026-09-15,9532,7.15,7.15,0.0,2.15,1.43,3.58,0.0,15,11,245,1169,3166
158,2026-09-16,5866,4.4,4.4,0.0,1.32,0.88,2.2,0.0,2,31,136,1271,1335
158,2026-09-17,19645,14.73,14.73,0.0,4.42,2.95,7.37,0.0,17,7,153,1263,2212
158,2026-09-18,19931,14.95,14.95,0.0,4.48,2.99,7.47,0.0,23,32,127,1258,2258
158,2026-09-19,14788,11.09,11.09,0.0,3.33,2.22,5.54,0.0,13,0,205,1222,1844
158,2026-09-20,19460,14.6,14.6,0.0,4.38,2.92,7.3,0.0,57,40,166,1177,1045
158,2026-09-21,5016,3.76,3.76,0.0,1.13,0.75,1.88,0.0,36,18,195,1191,1218
158,2026-09-22,19094,14.32,14.32,0.0,4.3,2.86,7.16,0.0,58,7,166,1209,2222
158,2026-09-23,6666,5.0,5.0,0.0,1.5,1.0,2.5,0.0,52,9,101,1278,2275
158,2026-09-24,10247,7.69,7.69,0.0,2.31,1.54,3.85,0.0,11,38,246,1145,1273
158,2026-09-25,12939,9.7,9.7,0.0,2.91,1.94,4.85,0.0,56,18,96,1270,2174
158,2026-09-26,6570,4.93,4.93,0.0,1.48,0.99,2.46,0.0,41,9,88,1302,1999
158,2026-09-27,2236,1.68,1.68,0.0,0.5,0.34,0.84,0.0,23,36,73,1308,2554
158,2026-09-28,14159,10.62,10.62,0.0,3.19,2.12,5.31,0.0,54,6,93,1287,1346
158,2026-09-29,16609,12.46,12.46,0.0,3.74,2.49,6.23,0.0,28,14,65,1333,1697
158,2026-09-30,16766,12.57,12.57,0.0,3.77,2.51,6.29,0.0,19,30,202,1189,2128
158,2026-10-01,17629,13.22,13.22,0.0,3.97,2.64,6.61,0.0,16,15,152,1257,2661
158,2026-10-02,16580,12.44,12.44,0.0,3.73,2.49,6.22,0.0,58,38,241,1103,2100
158,2026-10-03,2495,1.87,1.87,0.0,0.56,0.37,0.94,0.0,47,20,95,1278,2401
158,2026-10-03,2495,1.87,1.87,0.0,0.56,0.37,0.94,0.0,47,20,95,1278,2401
158,2026-10-04,16003,12.0,12.0,0.0,3.6,2.4,6.0,0.0,7,13,242,1178,2379
159,2026-08-16,2973,2.23,2.23,0.0,0.67,0.45,1.11,0.0,15,6,105,1314,2588
159,2026-08-17,1087,0.82,0.82,0.0,0.25,0.16,0.41,0.0,28,12,147,1253,2997
159,2026-08-18,15929,11.95,11.95,0.0,3.58,2.39,5.97,0.0,14,12,92,1322,2329
159,2026-08-19,1199,0.9,0.9,0.0,0.27,0.18,0.45,0.0,42,6,213,1179,1852
159,2026-08-19,1199,0.9,0.9,0.0,0.27,0.18,0.45,0.0,42,6,213,1179,1852
159,2026-08-20,3112,2.33,2.33,0.0,0.7,0.47,1.17,0.0,39,40,116,1245,2042
159,2026-08-21,19730,14.8,14.8,0.0,4.44,2.96,7.4,0.0,0,21,139,1280,3108
159,2026-08-22,16669,12.5,12.5,0.0,3.75,2.5,6.25,0.0,40,9,168,1223,1683
159,2026-08-23,5769,4.33,4.33,0.0,1.3,0.87,2.17,0.0,1,37,138,1264,2705
159,2026-08-24,5631,4.22,4.22,0.0,1.27,0.84,2.11,0.0,35,18,151,1236,2969
159,2026-08-25,15518,11.64,11.64,0.0,3.49,2.33,5.82,0.0,23,26,118,1273,1119
159,2026-08-26,8608,6.46,6.46,0.0,1.94,1.29,3.23,0.0,6,7,228,1199,2429
159,2026-08-27,17226,12.92,12.92,0.0,3.88,2.58,6.46,0.0,5,26,105,1304,1666
159,2026-08-27,17226,12.92,12.92,0.0,3.88,2.58,6.46,0.0,5,26,105,1304,1666
159,2026-08-28,9016,6.76,6.76,0.0,2.03,1.35,3.38,0.0,59,26,227,1128,2793
159,2026-08-29,6937,5.2,5.2,0.0,1.56,1.04,2.6,0.0,25,3,202,1210,1832
159,2026-08-30,13555,10.17,10.17,0.0,3.05,2.03,5.08,0.0,9,32,164,1235,1095
159,2026-08-31,11273,8.45,8.45,0.0,2.53,1.69,4.22,0.0,21,22,174,1223,1145
159,2026-09-01,17011,12.76,12.76,0.0,3.83,2.55,6.38,0.0,8,10,167,1255,2343
159,2026-09-02,15383,11.54,11.54,0.0,3.46,2.31,5.77,0.0,43,4,204,1189,1923
159,2026-09-03,13464,10.1,10.1,0.0,3.03,2.02,5.05,0.0,8,15,233,1184,1444
159,2026-09-04,4053,3.04,3.04,0.0,0.91,0.61,1.52,0.0,1,45,83,1311,2821
159,2026-09-05,13679,10.26,10.26,0.0,3.08,2.05,5.13,0.0,35,17,125,1263,1073
159,2026-09-06,18148,13.61,13.61,0.0,4.08,2.72,6.8,0.0,43,41,239,1117,1844
159,2026-09-06,18148,13.61,13.61,0.0,4.08,2.72,6.8,0.0,43,41,239,1117,1844
159,2026-09-07,12453,9.34,9.34,0.0,2.8,1.87,4.67,0.0,15,41,135,1249,3003
159,2026-09-08,6003,4.5,4.5,0.0,1.35,0.9,2.25,0.0,44,37,111,1248,1727
159,2026-09-09,6535,4.9,4.9,0.0,1.47,0.98,2.45,0.0,14,34,61,1331,2508
159,2026-09-10,17144,12.86,12.86,0.0,3.86,2.57,6.43,0.0,49,10,150,1231,3133
159,2026-09-11,4750,3.56,3.56,0.0,1.07,0.71,1.78,0.0,35,30,186,1189,2011
159,2026-09-12,12109,9.08,9.08,0.0,2.72,1.82,4.54,0.0,52,41,86,1261,3023
159,2026-09-13,14762,11.07,11.07,0.0,3.32,2.21,5.54,0.0,56,41,67,1276,3047
159,2026-09-14,2396,1.8,1.8,0.0,0.54,0.36,0.9,0.0,7,23,193,1217,1453
159,2026-09-15,5164,3.87,3.87,0.0,1.16,0.77,1.94,0.0,41,20,176,1203,1974
159,2026-09-16,15662,11.75,11.75,0.0,3.52,2.35,5.88,0.0,39,31,227,1143,1211
159,2026-09-17,3230,2.42,2.42,0.0,0.73,0.48,1.21,0.0,12,28,162,1238,1372
159,2026-09-18,5647,4.24,4.24,0.0,1.27,0.85,2.12,0.0,19,9,157,1255,1320
159,2026-09-19,2923,2.19,2.19,0.0,0.66,0.44,1.09,0.0,32,29,151,1228,1977
159,2026-09-20,14378,10.78,10.78,0.0,3.23,2.16,5.39,0.0,10,13,187,1230,1672
159,2026-09-21,4604,3.45,3.45,0.0,1.03,0.69,1.73,0.0,14,14,110,1302,3117
159,2026-09-22,16870,12.65,12.65,0.0,3.79,2.53,6.33,0.0,35,26,148,1231,1970
159,2026-09-23,17036,12.78,12.78,0.0,3.83,2.56,6.39,0.0,57,26,82,1275,3064
159,2026-09-24,14186,10.64,10.64,0.0,3.19,2.13,5.32,0.0,3,21,117,1299,2457
159,2026-09-25,17435,13.08,13.08,0.0,3.92,2.62,6.54,0.0,19,2,75,1344,1153
159,2026-09-26,11676,8.76,8.76,0.0,2.63,1.75,4.38,0.0,14,16,129,1281,2155
159,2026-09-27,18829,14.12,14.12,0.0,4.24,2.82,7.06,0.0,12,31,159,1238,2004
159,2026-09-28,11205,8.4,8.4,0.0,2.52,1.68,4.2,0.0,36,44,186,1174,1713
159,2026-09-29,15631,11.72,11.72,0.0,3.52,2.34,5.86,0.0,23,41,223,1153,2658
159,2026-09-30,4699,3.52,3.52,0.0,1.06,0.7,1.76,0.0,22,36,230,1152,2877
159,2026-10-01,6316,4.74,4.74,0.0,1.42,0.95,2.37,0.0,57,3,199,1181,2192
159,2026-10-02,1698,1.27,1.27,0.0,0.38,0.25,0.64,0.0,21,36,211,1172,1306
159,2026-10-03,16036,12.03,12.03,0.0,3.61,2.41,6.01,0.0,13,12,188,1227,2194
159,2026-10-04,3172,2.38,2.38,0.0,0.71,0.48,1.19,0.0,35,11,101,1293,1735
160,2026-08-16,3346,2.51,2.51,0.0,0.75,0.5,1.25,0.0,60,28,94,1258,2329
160,2026-08-17,17748,13.31,13.31,0.0,3.99,2.66,6.66,0.0,53,45,182,1160,1871
160,2026-08-18,16023,12.02,12.02,0.0,3.61,2.4,6.01,0.0,14,32,233,1161,2460
160,2026-08-19,6865,5.15,5.15,0.0,1.55,1.03,2.58,0.0,60,36,201,1143,2306
160,2026-08-20,17285,12.96,12.96,0.0,3.89,2.59,6.48,0.0,12,13,149,1266,1429
160,2026-08-21,18750,14.06,14.06,0.0,4.22,2.81,7.03,0.0,39,9,123,1269,1067
160,2026-08-22,17250,12.94,12.94,0.0,3.88,2.59,6.47,0.0,11,30,230,1169,1779
160,2026-08-23,17841,13.38,13.38,0.0,4.01,2.68,6.69,0.0,31,13,108,1288,1115
160,2026-08-24,15865,11.9,11.9,0.0,3.57,2.38,5.95,0.0,28,21,143,1248,1338
160,2026-08-25,19838,14.88,14.88,0.0,4.46,2.98,7.44,0.0,36,30,235,1139,2345
160,2026-08-26,17579,13.18,13.18,0.0,3.95,2.64,6.59,0.0,11,7,200,1222,1030
160,2026-08-27,9448,7.09,7.09,0.0,2.13,1.42,3.54,0.0,52,32,90,1266,2717
160,2026-08-28,1168,0.88,0.88,0.0,0.26,0.18,0.44,0.0,28,13,128,1271,2504
160,2026-08-29,15501,11.63,11.63,0.0,3.49,2.33,5.82,0.0,12,23,102,1303,1777
160,2026-08-30,4684,3.51,3.51,0.0,1.05,0.7,1.75,0.0,17,30,125,1268,3145
160,2026-08-31,6192,4.64,4.64,0.0,1.39,0.93,2.32,0.0,53,6,168,1213,3090
160,2026-09-01,10304,7.73,7.73,0.0,2.32,1.55,3.87,0.0,55,34,207,1144,2693
160,2026-09-02,12607,9.46,9.46,0.0,2.84,1.89,4.73,0.0,32,33,161,1214,3168
160,2026-09-03,3520,2.64,2.64,0.0,0.79,0.53,1.32,0.0,47,44,91,1258,2529
160,2026-09-04,5034,3.78,3.78,0.0,1.13,0.76,1.89,0.0,31,7,195,1207,1487
160,2026-09-04,5034,3.78,3.78,0.0,1.13,0.76,1.89,0.0,31,7,195,1207,1487
160,2026-09-05,5946,4.46,4.46,0.0,1.34,0.89,2.23,0.0,20,11,84,1325,1407
160,2026-09-06,1942,1.46,1.46,0.0,0.44,0.29,0.73,0.0,33,21,111,1275,1052
160,2026-09-07,10366,7.77,7.77,0.0,2.33,1.55,3.88,0.0,22,42,120,1256,1193
160,2026-09-08,10837,8.13,8.13,0.0,2.44,1.63,4.07,0.0,25,42,143,1230,1434
160,2026-09-09,8776,6.58,6.58,0.0,1.97,1.32,3.29,0.0,34,0,75,1331,2024
160,2026-09-10,17091,12.82,12.82,0.0,3.85,2.56,6.41,0.0,37,44,209,1150,1460
160,2026-09-11,15960,11.97,11.97,0.0,3.59,2.39,5.99,0.0,19,29,196,1196,2739
160,2026-09-12,13664,10.25,10.25,0.0,3.07,2.05,5.12,0.0,28,19,111,1282,2072
160,2026-09-13,8198,6.15,6.15,0.0,1.84,1.23,3.08,0.0,35,2,163,1240,1499
160,2026-09-14,14754,11.07,11.07,0.0,3.32,2.21,5.54,0.0,42,28,156,1214,2324
160,2026-09-15,12410,9.31,9.31,0.0,2.79,1.86,4.66,0.0,54,25,82,1279,1619
160,2026-09-16,1792,1.34,1.34,0.0,0.4,0.27,0.67,0.0,10,33,233,1164,2538
160,2026-09-17,8202,6.15,6.15,0.0,1.84,1.23,3.08,0.0,39,17,103,1281,1566
160,2026-09-18,11777,8.83,8.83,0.0,2.65,1.77,4.42,0.0,19,19,182,1220,2401
160,2026-09-19,18468,13.85,13.85,0.0,4.15,2.77,6.92,0.0,50,2,188,1200,2436
160,2026-09-20,2144,1.61,1.61,0.0,0.48,0.32,0.81,0.0,13,26,134,1267,2975
160,2026-09-21,1356,1.02,1.02,0.0,0.31,0.2,0.51,0.0,24,28,118,1270,1688
160,2026-09-22,4350,3.26,3.26,0.0,0.98,0.65,1.63,0.0,38,0,93,1309,1089
160,2026-09-23,3484,2.61,2.61,0.0,0.78,0.52,1.3,0.0,12,37,124,1267,3161
160,2026-09-24,8024,6.02,6.02,0.0,1.81,1.2,3.01,0.0,1,33,108,1298,1815
160,2026-09-25,15215,11.41,11.41,0.0,3.42,2.28,5.71,0.0,23,4,205,1208,2743
160,2026-09-26,1467,1.1,1.1,0.0,0.33,0.22,0.55,0.0,23,12,85,1320,1835
160,2026-09-27,3743,2.81,2.81,0.0,0.84,0.56,1.41,0.0,43,29,181,1187,2029
160,2026-09-28,16681,12.51,12.51,0.0,3.75,2.5,6.25,0.0,39,12,173,1216,1343
160,2026-09-29,18103,13.58,13.58,0.0,4.07,2.72,6.79,0.0,15,22,136,1267,2398
160,2026-09-30,5051,3.79,3.79,0.0,1.14,0.76,1.9,0.0,2,43,105,1290,1733
160,2026-10-01,18581,13.94,13.94,0.0,4.18,2.79,6.97,0.0,41,17,145,1237,2885
160,2026-10-02,3999,3.0,3.0,0.0,0.9,0.6,1.5,0.0,37,21,78,1304,2800
160,2026-10-03,18286,13.71,13.71,0.0,4.11,2.74,6.86,0.0,38,8,245,1149,3104
160,2026-10-04,10779,8.08,8.08,0.0,2.42,1.62,4.04,0.0,18,24,170,1228,2409
161,2026-08-16,9905,7.43,7.43,0.0,2.23,1.49,3.71,0.0,22,44,148,1226,2686
161,2026-08-17,7164,5.37,5.37,0.0,1.61,1.07,2.69,0.0,11,1,69,1359,1325
161,2026-08-18,4598,3.45,3.45,0.0,1.03,0.69,1.73,0.0,50,43,61,1286,2503
161,2026-08-19,8680,6.51,6.51,0.0,1.95,1.3,3.25,0.0,43,43,184,1170,2676
161,2026-08-20,18273,13.7,13.7,0.0,4.11,2.74,6.85,0.0,49,10,162,1219,1419
161,2026-08-21,10405,7.8,7.8,0.0,2.34,1.56,3.9,0.0,30,4,131,1275,1569
161,2026-08-22,4857,3.64,3.64,0.0,1.09,0.73,1.82,0.0,18,26,138,1258,1234
161,2026-08-23,5139,3.85,3.85,0.0,1.16,0.77,1.93,0.0,6,31,172,1231,1591
161,2026-08-24,6101,4.58,4.58,0.0,1.37,0.92,2.29,0.0,13,25,73,1329,1702
161,2026-08-25,15763,11.82,11.82,0.0,3.55,2.36,5.91,0.0,26,39,76,1299,2687
161,2026-08-26,7625,5.72,5.72,0.0,1.72,1.14,2.86,0.0,18,2,250,1170,2801
161,2026-08-27,3737,2.8,2.8,0.0,0.84,0.56,1.4,0.0,27,28,126,1259,1864
161,2026-08-28,14612,10.96,10.96,0.0,3.29,2.19,5.48,0.0,48,13,159,1220,2882
161,2026-08-29,12547,9.41,9.41,0.0,2.82,1.88,4.71,0.0,7,27,157,1249,2642
161,2026-08-30,7472,5.6,5.6,0.0,1.68,1.12,2.8,0.0,6,0,67,1367,1163
161,2026-08-31,8811,6.61,6.61,0.0,1.98,1.32,3.31,0.0,18,40,146,1236,1579
161,2026-09-01,18751,14.06,14.06,0.0,4.22,2.81,7.03,0.0,52,25,163,1200,1172
161,2026-09-02,16024,12.02,12.02,0.0,3.61,2.4,6.01,0.0,47,34,117,1242,1294
161,2026-09-03,17316,12.99,12.99,0.0,3.9,2.6,6.5,0.0,58,34,87,1261,1458
161,2026-09-04,15182,11.39,11.39,0.0,3.42,2.28,5.7,0.0,47,36,145,1212,2214
161,2026-09-05,2683,2.01,2.01,0.0,0.6,0.4,1.0,0.0,38,5,66,1331,1584
161,2026-09-06,1347,1.01,1.01,0.0,0.3,0.2,0.51,0.0,6,15,220,1199,2530
161,2026-09-07,4291,3.22,3.22,0.0,0.97,0.64,1.61,0.0,8,45,163,1224,1520
161,2026-09-08,3306,2.48,2.48,0.0,0.74,0.5,1.24,0.0,17,30,199,1194,1195
161,2026-09-09,14093,10.57,10.57,0.0,3.17,2.11,5.29,0.0,5,1,195,1239,2830
161,2026-09-10,9657,7.24,7.24,0.0,2.17,1.45,3.62,0.0,36,3,124,1277,1779
161,2026-09-11,9237,6.93,6.93,0.0,2.08,1.39,3.46,0.0,8,40,186,1206,1890
161,2026-09-12,8381,6.29,6.29,0.0,1.89,1.26,3.15,0.0,15,32,244,1149,2586
161,2026-09-13,6537,4.9,4.9,0.0,1.47,0.98,2.45,0.0,56,12,229,1143,1754
161,2026-09-14,3980,2.98,2.98,0.0,0.89,0.6,1.49,0.0,33,33,147,1227,1417
161,2026-09-15,5810,4.36,4.36,0.0,1.31,0.87,2.18,0.0,3,42,188,1207,2232
161,2026-09-16,17660,13.25,13.25,0.0,3.97,2.65,6.62,0.0,28,39,94,1279,1852
161,2026-09-17,13475,10.11,10.11,0.0,3.03,2.02,5.05,0.0,43,37,127,1233,1186
161,2026-09-18,6929,5.2,5.2,0.0,1.56,1.04,2.6,0.0,13,7,100,1320,2844
161,2026-09-19,3971,2.98,2.98,0.0,0.89,0.6,1.49,0.0,43,20,196,1181,2430
161,2026-09-20,2623,1.97,1.97,0.0,0.59,0.39,0.98,0.0,5,15,158,1262,2836
161,2026-09-21,10890,8.17,8.17,0.0,2.45,1.63,4.08,0.0,41,34,89,1276,2713
161,2026-09-22,14685,11.01,11.01,0.0,3.3,2.2,5.5,0.0,43,6,161,1230,1258
161,2026-09-23,4480,3.36,3.36,0.0,1.01,0.67,1.68,0.0,26,24,118,1272,2473
161,2026-09-24,12005,9.0,9.0,0.0,2.7,1.8,4.5,0.0,23,11,209,1197,1684
161,2026-09-25,10109,7.58,7.58,0.0,2.27,1.52,3.79,0.0,3,40,203,1194,1322
161,2026-09-26,19416,14.56,14.56,0.0,4.37,2.91,7.28,0.0,16,11,195,1218,1905
161,2026-09-27,7634,5.73,5.73,0.0,1.72,1.15,2.87,0.0,35,21,191,1193,2081
161,2026-09-28,18226,13.67,13.67,0.0,4.1,2.73,6.83,0.0,18,44,63,1315,1033
161,2026-09-28,18226,13.67,13.67,0.0,4.1,2.73,6.83,0.0,18,44,63,1315,1033
161,2026-09-29,15528,11.65,11.65,0.0,3.5,2.33,5.83,0.0,51,6,161,1222,3129
161,2026-09-30,4842,3.63,3.63,0.0,1.09,0.73,1.81,0.0,39,9,177,1215,1111
161,2026-10-01,15124,11.34,11.34,0.0,3.4,2.27,5.67,0.0,44,40,144,1212,1142
161,2026-10-02,10966,8.22,8.22,0.0,2.47,1.64,4.11,0.0,6,12,154,1268,2313
161,2026-10-03,18408,13.81,13.81,0.0,4.14,2.76,6.91,0.0,23,25,152,1240,2613
161,2026-10-04,1022,0.77,0.77,0.0,0.23,0.15,0.39,0.0,60,8,78,1294,2106
162,2026-08-16,6080,4.56,4.56,0.0,1.37,0.91,2.28,0.0,3,7,239,1191,1097
162,2026-08-17,2613,1.96,1.96,0.0,0.59,0.39,0.98,0.0,40,35,126,1239,2608
162,2026-08-18,4035,3.03,3.03,0.0,0.91,0.61,1.51,0.0,40,26,154,1220,2470
162,2026-08-19,12908,9.68,9.68,0.0,2.9,1.94,4.84,0.0,39,31,169,1201,1352
162,2026-08-20,5724,4.29,4.29,0.0,1.29,0.86,2.15,0.0,31,6,171,1232,2521
162,2026-08-21,17417,13.06,13.06,0.0,3.92,2.61,6.53,0.0,35,29,179,1197,2479
162,2026-08-22,3222,2.42,2.42,0.0,0.73,0.48,1.21,0.0,16,38,200,1186,3085
162,2026-08-23,1376,1.03,1.03,0.0,0.31,0.21,0.52,0.0,55,31,215,1139,1586
162,2026-08-24,11240,8.43,8.43,0.0,2.53,1.69,4.21,0.0,55,15,142,1228,3051
162,2026-08-25,8953,6.71,6.71,0.0,2.01,1.34,3.35,0.0,46,27,130,1237,2435
162,2026-08-26,5252,3.94,3.94,0.0,1.18,0.79,1.97,0.0,48,29,191,1172,1307
162,2026-08-27,6878,5.16,5.16,0.0,1.55,1.03,2.58,0.0,49,28,73,1290,1441
162,2026-08-28,2946,2.21,2.21,0.0,0.66,0.44,1.1,0.0,4,26,227,1183,2816
162,2026-08-29,1753,1.31,1.31,0.0,0.39,0.26,0.66,0.0,47,24,74,1295,1376
162,2026-08-30,8978,6.73,6.73,0.0,2.02,1.35,3.37,0.0,60,30,136,1214,2888
162,2026-08-31,8392,6.29,6.29,0.0,1.89,1.26,3.15,0.0,26,14,208,1192,1238
162,2026-09-01,15432,11.57,11.57,0.0,3.47,2.31,5.79,0.0,9,13,176,1242,3183
162,2026-09-02,1395,1.05,1.05,0.0,0.32,0.21,0.53,0.0,59,3,107,1271,2544
162,2026-09-03,5371,4.03,4.03,0.0,1.21,0.81,2.02,0.0,24,2,215,1199,2186
162,2026-09-04,2987,2.24,2.24,0.0,0.67,0.45,1.12,0.0,6,8,111,1315,2006
162,2026-09-05,9565,7.17,7.17,0.0,2.15,1.43,3.58,0.0,19,38,144,1239,2500
162,2026-09-06,6864,5.15,5.15,0.0,1.55,1.03,2.58,0.0,25,42,227,1146,2755
162,2026-09-07,6713,5.03,5.03,0.0,1.51,1.01,2.52,0.0,7,9,193,1231,1956
162,2026-09-08,1974,1.48,1.48,0.0,0.44,0.3,0.74,0.0,40,37,191,1172,2323
162,2026-09-09,9464,7.1,7.1,0.0,2.13,1.42,3.55,0.0,12,6,138,1284,2465
162,2026-09-10,4268,3.2,3.2,0.0,0.96,0.64,1.6,0.0,47,41,65,1287,1785
162,2026-09-11,14330,10.75,10.75,0.0,3.23,2.15,5.38,0.0,23,12,240,1165,2499
162,2026-09-12,15562,11.67,11.67,0.0,3.5,2.33,5.83,0.0,57,20,193,1170,2054
162,2026-09-13,18224,13.67,13.67,0.0,4.1,2.73,6.83,0.0,47,27,64,1302,2830
162,2026-09-14,4863,3.65,3.65,0.0,1.09,0.73,1.82,0.0,10,3,153,1274,1753
162,2026-09-15,5733,4.3,4.3,0.0,1.29,0.86,2.15,0.0,35,34,89,1282,2178
162,2026-09-16,19831,14.87,14.87,0.0,4.46,2.97,7.43,0.0,6,43,95,1296,1793
162,2026-09-17,17688,13.27,13.27,0.0,3.98,2.65,6.63,0.0,4,16,67,1353,2324
162,2026-09-18,3389,2.54,2.54,0.0,0.76,0.51,1.27,0.0,13,8,111,1308,1953
162,2026-09-19,11936,8.95,8.95,0.0,2.68,1.79,4.47,0.0,40,41,232,1127,1368
162,2026-09-20,10214,7.66,7.66,0.0,2.3,1.53,3.83,0.0,47,22,156,1215,2388
162,2026-09-21,17517,13.14,13.14,0.0,3.94,2.63,6.57,0.0,10,42,123,1265,1556
162,2026-09-22,16849,12.64,12.64,0.0,3.79,2.53,6.32,0.0,29,26,144,1241,1775
162,2026-09-23,12291,9.22,9.22,0.0,2.77,1.84,4.61,0.0,16,19,107,1298,1979
162,2026-09-24,3830,2.87,2.87,0.0,0.86,0.57,1.44,0.0,30,44,126,1240,2169
162,2026-09-25,17586,13.19,13.19,0.0,3.96,2.64,6.59,0.0,48,18,114,1260,1456
162,2026-09-26,10299,7.72,7.72,0.0,2.32,1.54,3.86,0.0,27,43,241,1129,1042
162,2026-09-27,13329,10.0,10.0,0.0,3.0,2.0,5.0,0.0,49,27,103,1261,2091
162,2026-09-28,14199,10.65,10.65,0.0,3.19,2.13,5.33,0.0,39,5,62,1334,2741
162,2026-09-29,16733,12.55,12.55,0.0,3.77,2.51,6.28,0.0,8,2,93,1337,2755
162,2026-09-30,12338,9.25,9.25,0.0,2.77,1.85,4.62,0.0,25,29,201,1185,2837
162,2026-10-01,19672,14.75,14.75,0.0,4.42,2.95,7.38,0.0,14,30,205,1191,1762
162,2026-10-02,4227,3.17,3.17,0.0,0.95,0.63,1.58,0.0,41,17,135,1247,2658
162,2026-10-03,2339,1.75,1.75,0.0,0.53,0.35,0.88,0.0,25,45,164,1206,1399
162,2026-10-04,15892,11.92,11.92,0.0,3.58,2.38,5.96,0.0,32,35,154,1219,2341
163,2026-08-16,10794,8.1,8.1,0.0,2.43,1.62,4.05,0.0,41,31,102,1266,2753
163,2026-08-17,11279,8.46,8.46,0.0,2.54,1.69,4.23,0.0,31,7,153,1249,2990
163,2026-08-18,7915,5.94,5.94,0.0,1.78,1.19,2.97,0.0,4,45,68,1323,2890
163,2026-08-19,7142,5.36,5.36,0.0,1.61,1.07,2.68,0.0,35,2,238,1165,1136
163,2026-08-20,8420,6.32,6.32,0.0,1.9,1.26,3.16,0.0,59,20,198,1163,1873
163,2026-08-21,9273,6.95,6.95,0.0,2.08,1.39,3.48,0.0,17,10,174,1239,1538
163,2026-08-22,2175,1.63,1.63,0.0,0.49,0.33,0.81,0.0,19,33,159,1229,2037
163,2026-08-23,19941,14.96,14.96,0.0,4.49,2.99,7.48,0.0,37,7,64,1332,1559
163,2026-08-24,2951,2.21,2.21,0.0,0.66,0.44,1.1,0.0,31,3,81,1325,1616
163,2026-08-25,11721,8.79,8.79,0.0,2.64,1.76,4.39,0.0,31,35,132,1242,1342
163,2026-08-26,5196,3.9,3.9,0.0,1.17,0.78,1.95,0.0,50,42,119,1229,2569
163,2026-08-27,9267,6.95,6.95,0.0,2.08,1.39,3.48,0.0,31,39,84,1286,1375
163,2026-08-28,10021,7.52,7.52,0.0,2.26,1.5,3.76,0.0,47,20,77,1296,1229
163,2026-08-29,15167,11.38,11.38,0.0,3.41,2.28,5.69,0.0,32,27,97,1284,1093
163,2026-08-30,13924,10.44,10.44,0.0,3.13,2.09,5.22,0.0,29,38,107,1266,1767
163,2026-08-31,18575,13.93,13.93,0.0,4.18,2.79,6.96,0.0,2,26,212,1200,1321
163,2026-09-01,17407,13.06,13.06,0.0,3.92,2.61,6.53,0.0,31,2,225,1182,2004
163,2026-09-02,16181,12.14,12.14,0.0,3.64,2.43,6.07,0.0,16,31,129,1264,2138
163,2026-09-03,6606,4.95,4.95,0.0,1.49,0.99,2.48,0.0,12,9,216,1203,1869
163,2026-09-04,2589,1.94,1.94,0.0,0.58,0.39,0.97,0.0,33,25,121,1261,3188
163,2026-09-05,19796,14.85,14.85,0.0,4.46,2.97,7.42,0.0,11,43,233,1153,3105
163,2026-09-06,5643,4.23,4.23,0.0,1.27,0.85,2.12,0.0,13,7,198,1222,2706
163,2026-09-07,10296,7.72,7.72,0.0,2.32,1.54,3.86,0.0,57,15,240,1128,1668
163,2026-09-08,12777,9.58,9.58,0.0,2.87,1.92,4.79,0.0,34,11,233,1162,1648
163,2026-09-09,3342,2.51,2.51,0.0,0.75,0.5,1.25,0.0,20,16,79,1325,2292
163,2026-09-10,2260,1.7,1.7,0.0,0.51,0.34,0.85,0.0,37,45,250,1108,3184
163,2026-09-11,17520,13.14,13.14,0.0,3.94,2.63,6.57,0.0,57,15,248,1120,2381
163,2026-09-12,8921,6.69,6.69,0.0,2.01,1.34,3.35,0.0,13,14,158,1255,3142
163,2026-09-13,12147,9.11,9.11,0.0,2.73,1.82,4.55,0.0,4,4,141,1291,1165
163,2026-09-14,3418,2.56,2.56,0.0,0.77,0.51,1.28,0.0,60,38,216,1126,2755
163,2026-09-15,18303,13.73,13.73,0.0,4.12,2.75,6.87,0.0,27,28,119,1266,2478
163,2026-09-15,18303,13.73,13.73,0.0,4.12,2.75,6.87,0.0,27,28,119,1266,2478
163,2026-09-16,17501,13.13,13.13,0.0,3.94,2.63,6.57,0.0,13,7,171,1249,2831
163,2026-09-17,2372,1.78,1.78,0.0,0.53,0.36,0.89,0.0,6,25,75,1334,1988
163,2026-09-18,11219,8.41,8.41,0.0,2.52,1.68,4.21,0.0,3,44,235,1158,3199
163,2026-09-19,5216,3.91,3.91,0.0,1.17,0.78,1.96,0.0,45,33,80,1282,2268
163,2026-09-20,3913,2.93,2.93,0.0,0.88,0.59,1.47,0.0,18,5,62,1355,3090
163,2026-09-21,12568,9.43,9.43,0.0,2.83,1.89,4.71,0.0,38,22,82,1298,1605
163,2026-09-22,10083,7.56,7.56,0.0,2.27,1.51,3.78,0.0,7,19,183,1231,2668
163,2026-09-23,16674,12.51,12.51,0.0,3.75,2.5,6.25,0.0,16,35,224,1165,2908
163,2026-09-24,9300,6.98,6.98,0.0,2.09,1.4,3.49,0.0,5,34,60,1341,1078
163,2026-09-25,16251,12.19,12.19,0.0,3.66,2.44,6.09,0.0,34,45,97,1264,1068
163,2026-09-26,8326,6.24,6.24,0.0,1.87,1.25,3.12,0.0,4,17,160,1259,2368
163,2026-09-27,12314,9.24,9.24,0.0,2.77,1.85,4.62,0.0,55,22,117,1246,1706
163,2026-09-28,8259,6.19,6.19,0.0,1.86,1.24,3.1,0.0,30,14,76,1320,2286
163,2026-09-29,8350,6.26,6.26,0.0,1.88,1.25,3.13,0.0,44,26,225,1145,1304
163,2026-09-30,4807,3.61,3.61,0.0,1.08,0.72,1.8,0.0,15,43,147,1235,2698
163,2026-09-30,4807,3.61,3.61,0.0,1.08,0.72,1.8,0.0,15,43,147,1235,2698
163,2026-10-01,3465,2.6,2.6,0.0,0.78,0.52,1.3,0.0,43,28,90,1279,1290
163,2026-10-02,11857,8.89,8.89,0.0,2.67,1.78,4.45,0.0,27,26,79,1308,1744
163,2026-10-03,6426,4.82,4.82,0.0,1.45,0.96,2.41,0.0,36,8,242,1154,1707
163,2026-10-04,11780,8.84,8.84,0.0,2.65,1.77,4.42,0.0,25,39,69,1307,1377
164,2026-08-16,2432,1.82,1.82,0.0,0.55,0.36,0.91,0.0,1,45,128,1266,2537
164,2026-08-17,3303,2.48,2.48,0.0,0.74,0.5,1.24,0.0,22,17,112,1289,2492
164,2026-08-18,16348,12.26,12.26,0.0,3.68,2.45,6.13,0.0,34,6,99,1301,2638
164,2026-08-19,3809,2.86,2.86,0.0,0.86,0.57,1.43,0.0,23,33,98,1286,1552
164,2026-08-20,14811,11.11,11.11,0.0,3.33,2.22,5.55,0.0,27,8,211,1194,2413
164,2026-08-21,11458,8.59,8.59,0.0,2.58,1.72,4.29,0.0,4,33,141,1262,2401
164,2026-08-22,6332,4.75,4.75,0.0,1.43,0.95,2.38,0.0,29,23,93,1295,1983
164,2026-08-23,3537,2.65,2.65,0.0,0.79,0.53,1.32,0.0,25,5,210,1200,1527
164,2026-08-24,7665,5.75,5.75,0.0,1.72,1.15,2.88,0.0,3,19,81,1337,2572
164,2026-08-25,6763,5.07,5.07,0.0,1.52,1.01,2.54,0.0,5,29,120,1286,2029
164,2026-08-26,11130,8.35,8.35,0.0,2.5,1.67,4.17,0.0,38,15,250,1137,2834
164,2026-08-27,18312,13.73,13.73,0.0,4.12,2.75,6.87,0.0,5,20,207,1208,1463
164,2026-08-28,3689,2.77,2.77,0.0,0.83,0.55,1.39,0.0,47,21,101,1271,1207
164,2026-08-29,7324,5.49,5.49,0.0,1.65,1.1,2.75,0.0,2,38,123,1277,-100
164,2026-08-30,12289,9.22,9.22,0.0,2.77,1.84,4.61,0.0,58,23,214,1145,3088
164,2026-08-31,16727,12.55,12.55,0.0,3.77,2.51,6.28,0.0,57,35,191,1157,1486
164,2026-09-01,11842,8.88,8.88,0.0,2.66,1.78,4.44,0.0,5,37,201,1197,1029
164,2026-09-02,19366,14.52,14.52,0.0,4.36,2.9,7.26,0.0,3,13,194,1230,1595
164,2026-09-03,11674,8.76,8.76,0.0,2.63,1.75,4.38,0.0,35,4,152,1249,1137
164,2026-09-04,15707,11.78,11.78,0.0,3.53,2.36,5.89,0.0,42,40,210,1148,1470
164,2026-09-05,19220,14.42,14.42,0.0,4.33,2.88,7.21,0.0,33,40,232,1135,1900
164,2026-09-06,5847,4.39,4.39,0.0,1.32,0.88,2.19,0.0,60,35,245,1100,2138
164,2026-09-07,6425,4.82,4.82,0.0,1.45,0.96,2.41,0.0,1,31,114,1294,2634
164,2026-09-08,8348,6.26,6.26,0.0,1.88,1.25,3.13,0.0,45,4,242,1149,3007
164,2026-09-09,7434,5.58,5.58,0.0,1.67,1.12,2.79,0.0,50,22,116,1252,2877
164,2026-09-10,12105,9.08,9.08,0.0,2.72,1.82,4.54,0.0,4,18,233,1185,2180
164,2026-09-11,4832,3.62,3.62,0.0,1.09,0.72,1.81,0.0,15,37,103,1285,1926
164,2026-09-12,7644,5.73,5.73,0.0,1.72,1.15,2.87,0.0,6,27,193,1214,2015
164,2026-09-13,17777,13.33,13.33,0.0,4.0,2.67,6.67,0.0,1,4,163,1272,2982
164,2026-09-14,13403,10.05,10.05,0.0,3.02,2.01,5.03,0.0,8,37,85,1310,2878
164,2026-09-15,9055,6.79,6.79,0.0,2.04,1.36,3.4,0.0,32,33,250,1125,1526
164,2026-09-16,14750,11.06,11.06,0.0,3.32,2.21,5.53,0.0,50,35,132,1223,1567
164,2026-09-17,9591,7.19,7.19,0.0,2.16,1.44,3.6,0.0,35,27,221,1157,2797
164,2026-09-18,4197,3.15,3.15,0.0,0.94,0.63,1.57,0.0,3,28,181,1228,2616
164,2026-09-19,13458,10.09,10.09,0.0,3.03,2.02,5.04,0.0,17,40,90,1293,1748
164,2026-09-20,10354,7.77,7.77,0.0,2.33,1.55,3.88,0.0,57,34,105,1244,1755
164,2026-09-21,13327,10.0,10.0,0.0,3.0,2.0,5.0,0.0,47,5,85,1303,2076
164,2026-09-22,3230,2.42,2.42,0.0,0.73,0.48,1.21,0.0,43,9,158,1230,2084
164,2026-09-23,17634,13.23,13.23,0.0,3.97,2.65,6.62,0.0,50,7,103,1280,1997
164,2026-09-24,19849,14.89,14.89,0.0,4.47,2.98,7.45,0.0,32,6,151,1251,2169
164,2026-09-25,15205,11.4,11.4,0.0,3.42,2.28,5.7,0.0,37,41,70,1292,1722
164,2026-09-26,17940,13.46,13.46,0.0,4.04,2.69,6.73,0.0,23,28,151,1238,2550
164,2026-09-27,4717,3.54,3.54,0.0,1.06,0.71,1.77,0.0,58,19,139,1224,1249
164,2026-09-28,3660,2.75,2.75,0.0,0.82,0.55,1.38,0.0,12,36,95,1297,2286
164,2026-09-29,16446,12.33,12.33,0.0,3.7,2.47,6.17,0.0,31,36,181,1192,1786
164,2026-09-30,13541,10.16,10.16,0.0,3.05,2.03,5.08,0.0,30,13,101,1296,2843
164,2026-10-01,8575,6.43,6.43,0.0,1.93,1.29,3.21,0.0,49,45,64,1282,1613
164,2026-10-02,11148,8.36,8.36,0.0,2.51,1.67,4.18,0.0,13,8,83,1336,2777
164,2026-10-03,7648,5.74,5.74,0.0,1.72,1.15,2.87,0.0,2,22,153,1263,2173
164,2026-10-04,14168,10.63,10.63,0.0,3.19,2.13,5.32,0.0,13,15,202,1210,1286
165,2026-08-16,5364,4.02,4.02,0.0,1.21,0.8,2.01,0.0,50,29,85,1276,1908
165,2026-08-17,5492,4.12,4.12,0.0,1.24,0.82,2.06,0.0,22,29,152,1237,2299
165,2026-08-18,14756,11.07,11.07,0.0,3.32,2.21,5.54,0.0,34,10,145,1251,2523
165,2026-08-19,7425,5.57,5.57,0.0,1.67,1.11,2.79,0.0,52,5,163,1220,2515
165,2026-08-20,7600,5.7,5.7,0.0,1.71,1.14,2.85,0.0,60,23,158,1199,1717
165,2026-08-21,3460,2.6,2.6,0.0,0.78,0.52,1.3,0.0,9,32,176,1223,-100
165,2026-08-22,8408,6.31,6.31,0.0,1.89,1.26,3.15,0.0,0,41,73,1326,1179
165,2026-08-23,19417,14.56,14.56,0.0,4.37,2.91,7.28,0.0,39,9,89,1303,1757
165,2026-08-24,16636,12.48,12.48,0.0,3.74,2.5,6.24,0.0,15,40,64,1321,3099
165,2026-08-25,5840,4.38,4.38,0.0,1.31,0.88,2.19,0.0,58,40,134,1208,2378
165,2026-08-26,5522,4.14,4.14,0.0,1.24,0.83,2.07,0.0,60,19,201,1160,1459
165,2026-08-27,19708,14.78,14.78,0.0,4.43,2.96,7.39,0.0,23,34,141,1242,1191
165,2026-08-28,13931,10.45,10.45,0.0,3.13,2.09,5.22,0.0,16,25,154,1245,1309
165,2026-08-29,2907,2.18,2.18,0.0,0.65,0.44,1.09,0.0,16,25,160,1239,1887
165,2026-08-30,2951,2.21,2.21,0.0,0.66,0.44,1.1,0.0,19,29,235,1157,1152
165,2026-08-31,3079,2.31,2.31,0.0,0.69,0.46,1.16,0.0,27,45,62,1306,2308
165,2026-09-01,4424,3.32,3.32,0.0,1.0,0.66,1.66,0.0,34,41,177,1188,1199
165,2026-09-02,13221,9.92,9.92,0.0,2.98,1.98,4.96,0.0,26,38,250,1126,1261
165,2026-09-03,5279,3.96,3.96,0.0,1.19,0.79,1.98,0.0,2,32,216,1190,2564
165,2026-09-04,12667,9.5,9.5,0.0,2.85,1.9,4.75,0.0,10,42,136,1252,-100
165,2026-09-05,8901,6.68,6.68,0.0,2.0,1.34,3.34,0.0,39,42,132,1227,2099
165,2026-09-06,5184,3.89,3.89,0.0,1.17,0.78,1.95,0.0,43,19,112,1266,1292
165,2026-09-07,13663,10.25,10.25,0.0,3.07,2.05,5.12,0.0,59,11,143,1227,1269
165,2026-09-08,16415,12.31,12.31,0.0,3.69,2.46,6.16,0.0,52,13,250,1125,1149
165,2026-09-09,16969,12.73,12.73,0.0,3.82,2.55,6.37,0.0,27,31,184,1198,2053
165,2026-09-10,4037,3.03,3.03,0.0,0.91,0.61,1.51,0.0,8,45,240,1147,2138
165,2026-09-11,6663,5.0,5.0,0.0,1.5,1.0,2.5,0.0,30,11,96,1303,1155
165,2026-09-12,5671,4.25,4.25,0.0,1.27,0.85,2.12,0.0,2,25,97,1316,2782
165,2026-09-13,12416,9.31,9.31,0.0,2.79,1.86,4.66,0.0,36,39,104,1261,2911
165,2026-09-14,16151,12.11,12.11,0.0,3.63,2.42,6.05,0.0,26,37,165,1212,3192
165,2026-09-15,2243,1.68,1.68,0.0,0.5,0.34,0.84,0.0,36,29,159,1216,1620
165,2026-09-16,6047,4.54,4.54,0.0,1.36,0.91,2.27,0.0,39,34,68,1299,1368
165,2026-09-17,4419,3.31,3.31,0.0,0.99,0.66,1.66,0.0,60,12,96,1272,2674
165,2026-09-18,19012,14.26,14.26,0.0,4.28,2.85,7.13,0.0,16,6,236,1182,1335
165,2026-09-19,2003,1.5,1.5,0.0,0.45,0.3,0.75,0.0,30,8,215,1187,1292
165,2026-09-20,12061,9.05,9.05,0.0,2.72,1.81,4.53,0.0,1,8,233,1198,2350
165,2026-09-21,19587,14.69,14.69,0.0,4.41,2.94,7.34,0.0,55,16,197,1172,2745
165,2026-09-22,1111,0.83,0.83,0.0,0.25,0.17,0.41,0.0,46,15,86,1293,1526
165,2026-09-23,1141,0.86,0.86,0.0,0.26,0.17,0.43,0.0,6,19,147,1268,2749
165,2026-09-24,6680,5.01,5.01,0.0,1.5,1.0,2.5,0.0,28,16,183,1213,2184
165,2026-09-25,9994,7.5,7.5,0.0,2.25,1.5,3.75,0.0,25,23,213,1179,1118
165,2026-09-26,4947,3.71,3.71,0.0,1.11,0.74,1.85,0.0,33,36,137,1234,1866
165,2026-09-27,19198,14.4,14.4,0.0,4.32,2.88,7.2,0.0,37,23,72,1308,2606
165,2026-09-28,14665,11.0,11.0,0.0,3.3,2.2,5.5,0.0,49,19,245,1127,1952
165,2026-09-29,6487,4.87,4.87,0.0,1.46,0.97,2.44,0.0,32,8,232,1168,2181
165,2026-09-30,10108,7.58,7.58,0.0,2.27,1.52,3.79,0.0,35,2,149,1254,1172
165,2026-10-01,16229,12.17,12.17,0.0,3.65,2.43,6.08,0.0,10,18,60,1352,1510
165,2026-10-02,2380,1.79,1.79,0.0,0.54,0.36,0.9,0.0,11,41,186,1202,1102
165,2026-10-03,6059,4.54,4.54,0.0,1.36,0.91,2.27,0.0,18,45,71,1306,1109
165,2026-10-04,15632,11.72,11.72,0.0,3.52,2.34,5.86,0.0,10,17,116,1297,2627
166,2026-08-16,19007,14.26,14.26,0.0,4.28,2.85,7.13,0.0,4,42,202,1192,2730
166,2026-08-17,14045,10.53,10.53,0.0,3.16,2.11,5.26,0.0,19,9,213,1199,1600
166,2026-08-18,15764,11.82,11.82,0.0,3.55,2.36,5.91,0.0,9,27,159,1245,2848
166,2026-08-19,1901,1.43,1.43,0.0,0.43,0.29,0.71,0.0,33,3,171,1233,-100
166,2026-08-20,1272,0.95,0.95,0.0,0.28,0.19,0.47,0.0,39,39,164,1198,2172
166,2026-08-21,10009,7.51,7.51,0.0,2.25,1.5,3.75,0.0,31,22,163,1224,2927
166,2026-08-22,5392,4.04,4.04,0.0,1.21,0.81,2.02,0.0,12,41,115,1272,2668
166,2026-08-23,2643,1.98,1.98,0.0,0.59,0.4,0.99,0.0,21,26,92,1301,1051
166,2026-08-24,14004,10.5,10.5,0.0,3.15,2.1,5.25,0.0,46,23,72,1299,1432
166,2026-08-25,18717,14.04,14.04,0.0,4.21,2.81,7.02,0.0,19,20,134,1267,2388
166,2026-08-26,16915,12.69,12.69,0.0,3.81,2.54,6.34,0.0,43,16,178,1203,2304
166,2026-08-27,14081,10.56,10.56,0.0,3.17,2.11,5.28,0.0,24,31,150,1235,2925
166,2026-08-28,3728,2.8,2.8,0.0,0.84,0.56,1.4,0.0,43,42,174,1181,2291
166,2026-08-29,13780,10.34,10.34,0.0,3.1,2.07,5.17,0.0,27,35,169,1209,3108
166,2026-08-30,8458,6.34,6.34,0.0,1.9,1.27,3.17,0.0,45,34,209,1152,3008
166,2026-08-31,13661,10.25,10.25,0.0,3.07,2.05,5.12,0.0,58,8,149,1225,3105
166,2026-09-01,15496,11.62,11.62,0.0,3.49,2.32,5.81,0.0,15,4,179,1242,2094
166,2026-09-02,4558,3.42,3.42,0.0,1.03,0.68,1.71,0.0,28,29,94,1289,2097
166,2026-09-03,16230,12.17,12.17,0.0,3.65,2.43,6.08,0.0,29,43,179,1189,1393
166,2026-09-04,15326,11.49,11.49,0.0,3.45,2.3,5.75,0.0,20,23,113,1284,1376
166,2026-09-05,9094,6.82,6.82,0.0,2.05,1.36,3.41,0.0,28,33,136,1243,2355
166,2026-09-06,1997,1.5,1.5,0.0,0.45,0.3,0.75,0.0,30,28,202,1180,2431
166,2026-09-07,18215,13.66,13.66,0.0,4.1,2.73,6.83,0.0,27,7,79,1327,1388
166,2026-09-08,9191,6.89,6.89,0.0,2.07,1.38,3.44,0.0,55,35,166,1184,1857
166,2026-09-09,12512,9.38,9.38,0.0,2.81,1.88,4.69,0.0,40,23,98,1279,1842
166,2026-09-10,12645,9.48,9.48,0.0,2.84,1.9,4.74,0.0,29,33,226,1152,1317
166,2026-09-11,8145,6.11,6.11,0.0,1.83,1.22,3.06,0.0,40,19,162,1219,1709
166,2026-09-12,10208,7.66,7.66,0.0,2.3,1.53,3.83,0.0,10,15,121,1294,2021
166,2026-09-13,18287,13.72,13.72,0.0,4.12,2.74,6.86,0.0,55,27,67,1291,2206
166,2026-09-14,11462,8.6,8.6,0.0,2.58,1.72,4.3,0.0,28,23,138,1251,2784
166,2026-09-15,17549,13.16,13.16,0.0,3.95,2.63,6.58,0.0,44,33,242,1121,1559
166,2026-09-16,9052,6.79,6.79,0.0,2.04,1.36,3.4,0.0,12,5,70,1353,1290
166,2026-09-17,11264,8.45,8.45,0.0,2.53,1.69,4.22,0.0,20,8,140,1272,1780
166,2026-09-18,19523,14.64,14.64,0.0,4.39,2.93,7.32,0.0,0,25,214,1201,1845
166,2026-09-19,1898,1.42,1.42,0.0,0.43,0.28,0.71,0.0,38,43,125,1234,1700
166,2026-09-19,1898,1.42,1.42,0.0,0.43,0.28,0.71,0.0,38,43,125,1234,1700
166,2026-09-20,7202,5.4,5.4,0.0,1.62,1.08,2.7,0.0,38,35,95,1272,1607
166,2026-09-21,6831,5.12,5.12,0.0,1.54,1.02,2.56,0.0,59,1,194,1186,3147
166,2026-09-22,17141,12.86,12.86,0.0,3.86,2.57,6.43,0.0,17,33,141,1249,2074
166,2026-09-23,6870,5.15,5.15,0.0,1.55,1.03,2.58,0.0,20,20,235,1165,2086
166,2026-09-24,17646,13.23,13.23,0.0,3.97,2.65,6.62,0.0,58,17,130,1235,1930
166,2026-09-25,10704,8.03,8.03,0.0,2.41,1.61,4.01,0.0,56,4,114,1266,1132
166,2026-09-26,12203,9.15,9.15,0.0,2.75,1.83,4.58,0.0,40,11,232,1157,3167
166,2026-09-27,9075,6.81,6.81,0.0,2.04,1.36,3.4,0.0,10,7,89,1334,1071
166,2026-09-28,10090,7.57,7.57,0.0,2.27,1.51,3.79,0.0,40,6,91,1303,2460
166,2026-09-29,15046,11.28,11.28,0.0,3.38,2.26,5.64,0.0,20,7,182,1231,1649
166,2026-09-30,13282,9.96,9.96,0.0,2.99,1.99,4.98,0.0,44,1,222,1173,3051
166,2026-10-01,2912,2.18,2.18,0.0,0.65,0.44,1.09,0.0,8,30,101,1301,2249
166,2026-10-02,11634,8.73,8.73,0.0,2.62,1.75,4.37,0.0,55,21,120,1244,2467
166,2026-10-03,9072,6.8,6.8,0.0,2.04,1.36,3.4,0.0,20,23,83,1314,1051
166,2026-10-04,17192,12.89,12.89,0.0,3.87,2.58,6.45,0.0,15,13,146,1266,3018
167,2026-08-16,16131,12.1,12.1,0.0,3.63,2.42,6.05,0.0,47,11,239,1143,1030
167,2026-08-17,8063,6.05,6.05,0.0,1.81,1.21,3.02,0.0,14,43,157,1226,1021
167,2026-08-18,18531,13.9,13.9,0.0,4.17,2.78,6.95,0.0,11,32,118,1279,1676
167,2026-08-19,11659,8.74,8.74,0.0,2.62,1.75,4.37,0.0,38,16,222,1164,3059
167,2026-08-20,12061,9.05,9.05,0.0,2.72,1.81,4.53,0.0,38,14,220,1168,3087
167,2026-08-21,19040,14.28,14.28,0.0,4.28,2.86,7.14,0.0,20,2,192,1226,1723
167,2026-08-22,6378,4.78,4.78,0.0,1.43,0.96,2.39,0.0,24,28,165,1223,1181
167,2026-08-23,2199,1.65,1.65,0.0,0.49,0.33,0.82,0.0,39,4,175,1222,3068
167,2026-08-24,9836,7.38,7.38,0.0,2.21,1.48,3.69,0.0,59,38,183,1160,2095
167,2026-08-25,11634,8.73,8.73,0.0,2.62,1.75,4.37,0.0,18,36,97,1289,1238
167,2026-08-26,11081,8.31,8.31,0.0,2.49,1.66,4.16,0.0,60,14,169,1197,2218
167,2026-08-27,13627,10.22,10.22,0.0,3.07,2.04,5.11,0.0,34,12,178,1216,1170
167,2026-08-28,8415,6.31,6.31,0.0,1.89,1.26,3.15,0.0,22,15,187,1216,1330
167,2026-08-29,15618,11.71,11.71,0.0,3.51,2.34,5.86,0.0,13,27,214,1186,1573
167,2026-08-30,17233,12.92,12.92,0.0,3.88,2.58,6.46,0.0,31,43,117,1249,1423
167,2026-08-31,10588,7.94,7.94,0.0,2.38,1.59,3.97,0.0,18,11,161,1250,2878
167,2026-09-01,2260,1.7,1.7,0.0,0.51,0.34,0.85,0.0,31,23,140,1246,1745
167,2026-09-02,8823,6.62,6.62,0.0,1.99,1.32,3.31,0.0,20,14,115,1291,2096
167,2026-09-03,6827,5.12,5.12,0.0,1.54,1.02,2.56,0.0,51,9,117,1263,2539
167,2026-09-04,5903,4.43,4.43,0.0,1.33,0.89,2.21,0.0,14,28,186,1212,1906
167,2026-09-05,10403,7.8,7.8,0.0,2.34,1.56,3.9,0.0,52,28,75,1285,1530
167,2026-09-06,11134,8.35,8.35,0.0,2.5,1.67,4.17,0.0,49,11,195,1185,2700
167,2026-09-07,8099,6.07,6.07,0.0,1.82,1.21,3.04,0.0,20,38,240,1142,1570
167,2026-09-08,1836,1.38,1.38,0.0,0.41,0.28,0.69,0.0,57,18,235,1130,1321
167,2026-09-09,9967,7.48,7.48,0.0,2.24,1.5,3.74,0.0,10,5,111,1314,1980
167,2026-09-10,17434,13.08,13.08,0.0,3.92,2.62,6.54,0.0,7,29,198,1206,3058
167,2026-09-11,12630,9.47,9.47,0.0,2.84,1.89,4.74,0.0,33,35,231,1141,3105
167,2026-09-12,15234,11.43,11.43,0.0,3.43,2.29,5.71,0.0,53,45,193,1149,2147
167,2026-09-13,13969,10.48,10.48,0.0,3.14,2.1,5.24,0.0,55,18,145,1222,2937
167,2026-09-14,19603,14.7,14.7,0.0,4.41,2.94,7.35,0.0,26,38,120,1256,1516
167,2026-09-15,13551,10.16,10.16,0.0,3.05,2.03,5.08,0.0,12,25,116,1287,2579
167,2026-09-16,13667,10.25,10.25,0.0,3.07,2.05,5.12,0.0,23,33,185,1199,1272
167,2026-09-17,7312,5.48,5.48,0.0,1.64,1.1,2.74,0.0,7,18,232,1183,1071
167,2026-09-18,5578,4.18,4.18,0.0,1.25,0.84,2.09,0.0,39,26,103,1272,1407
167,2026-09-19,19200,14.4,14.4,0.0,4.32,2.88,7.2,0.0,40,0,148,1252,1862
167,2026-09-20,17623,13.22,13.22,0.0,3.97,2.64,6.61,0.0,11,43,175,1211,2472
167,2026-09-21,15704,11.78,11.78,0.0,3.53,2.36,5.89,0.0,49,32,195,1164,1149
167,2026-09-22,13654,10.24,10.24,0.0,3.07,2.05,5.12,0.0,2,1,150,1287,1562
167,2026-09-23,18380,13.79,13.79,0.0,4.14,2.76,6.89,0.0,32,1,228,1179,1339
167,2026-09-24,6207,4.66,4.66,0.0,1.4,0.93,2.33,0.0,26,1,244,1169,2271
167,2026-09-25,13417,10.06,10.06,0.0,3.02,2.01,5.03,0.0,0,17,193,1230,1707
167,2026-09-26,9036,6.78,6.78,0.0,2.03,1.36,3.39,0.0,51,4,186,1199,1446
167,2026-09-27,9601,7.2,7.2,0.0,2.16,1.44,3.6,0.0,50,21,180,1189,1823
167,2026-09-28,1919,1.44,1.44,0.0,0.43,0.29,0.72,0.0,37,39,136,1228,2903
167,2026-09-29,13341,10.01,10.01,0.0,3.0,2.0,5.0,0.0,10,4,83,1343,2955
167,2026-09-30,11569,8.68,8.68,0.0,2.6,1.74,4.34,0.0,16,12,138,1274,2209
167,2026-10-01,19904,14.93,14.93,0.0,4.48,2.99,7.46,0.0,52,22,61,1305,2092
167,2026-10-01,19904,14.93,14.93,0.0,4.48,2.99,7.46,0.0,52,22,61,1305,2092
167,2026-10-02,7744,5.81,5.81,0.0,1.74,1.16,2.9,0.0,38,39,63,1300,2212
167,2026-10-03,13192,9.89,9.89,0.0,2.97,1.98,4.95,0.0,7,36,137,1260,2741
167,2026-10-04,17228,12.92,12.92,0.0,3.88,2.58,6.46,0.0,1,42,212,1185,1188
168,2026-08-16,14116,10.59,10.59,0.0,3.18,2.12,5.29,0.0,39,30,158,1213,3006
168,2026-08-17,6750,5.06,5.06,0.0,1.52,1.01,2.53,0.0,54,13,210,1163,2960
168,2026-08-18,1976,1.48,1.48,0.0,0.44,0.3,0.74,0.0,58,45,154,1183,2039
168,2026-08-19,6803,5.1,5.1,0.0,1.53,1.02,2.55,0.0,37,7,67,1329,1298
168,2026-08-20,10316,7.74,7.74,0.0,2.32,1.55,3.87,0.0,56,13,175,1196,1511
168,2026-08-21,8065,6.05,6.05,0.0,1.81,1.21,3.02,0.0,18,29,211,1182,1833
168,2026-08-22,8649,6.49,6.49,0.0,1.95,1.3,3.25,0.0,40,3,177,1220,1801
168,2026-08-23,1661,1.25,1.25,0.0,0.38,0.25,0.62,0.0,30,7,129,1274,1119
168,2026-08-24,16254,12.19,12.19,0.0,3.66,2.44,6.09,0.0,30,42,220,1148,2645
168,2026-08-25,15699,11.77,11.77,0.0,3.53,2.35,5.88,0.0,43,42,92,1263,3158
168,2026-08-26,4072,3.05,3.05,0.0,0.91,0.61,1.52,0.0,12,31,133,1264,-100
168,2026-08-27,6042,4.53,4.53,0.0,1.36,0.91,2.27,0.0,29,23,200,1188,1412
168,2026-08-28,6926,5.19,5.19,0.0,1.56,1.04,2.6,0.0,5,7,202,1226,2159
168,2026-08-29,16185,12.14,12.14,0.0,3.64,2.43,6.07,0.0,17,39,73,1311,2086
168,2026-08-30,13158,9.87,9.87,0.0,2.96,1.97,4.93,0.0,10,12,105,1313,1303
168,2026-08-31,2774,2.08,2.08,0.0,0.62,0.42,1.04,0.0,43,30,228,1139,2233
168,2026-09-01,9675,7.26,7.26,0.0,2.18,1.45,3.63,0.0,28,12,239,1161,2906
168,2026-09-02,8520,6.39,6.39,0.0,1.92,1.28,3.19,0.0,20,43,204,1173,2372
168,2026-09-03,10539,7.9,7.9,0.0,2.37,1.58,3.95,0.0,48,1,156,1235,3069
168,2026-09-04,9614,7.21,7.21,0.0,2.16,1.44,3.6,0.0,24,12,202,1202,1349
168,2026-09-05,1058,0.79,0.79,0.0,0.24,0.16,0.4,0.0,4,20,121,1295,3186
168,2026-09-06,9234,6.93,6.93,0.0,2.08,1.39,3.46,0.0,43,6,132,1259,1099
168,2026-09-07,2261,1.7,1.7,0.0,0.51,0.34,0.85,0.0,2,28,157,1253,1443
168,2026-09-08,9523,7.14,7.14,0.0,2.14,1.43,3.57,0.0,38,13,226,1163,2382
168,2026-09-09,8846,6.63,6.63,0.0,1.99,1.33,3.31,0.0,50,38,172,1180,2355
168,2026-09-10,12526,9.39,9.39,0.0,2.82,1.88,4.7,0.0,27,25,237,1151,2367
168,2026-09-11,9500,7.12,7.12,0.0,2.14,1.42,3.56,0.0,18,13,211,1198,1845
168,2026-09-12,1787,1.34,1.34,0.0,0.4,0.27,0.67,0.0,48,35,209,1148,2026
168,2026-09-13,18285,13.71,13.71,0.0,4.11,2.74,6.86,0.0,47,43,212,1138,1296
168,2026-09-14,18918,14.19,14.19,0.0,4.26,2.84,7.09,0.0,29,44,138,1229,1051
168,2026-09-15,8572,6.43,6.43,0.0,1.93,1.29,3.21,0.0,14,20,243,1163,2497
168,2026-09-16,5945,4.46,4.46,0.0,1.34,0.89,2.23,0.0,32,24,214,1170,1252
168,2026-09-17,1538,1.15,1.15,0.0,0.34,0.23,0.57,0.0,11,13,218,1198,2179
168,2026-09-18,14631,10.97,10.97,0.0,3.29,2.19,5.49,0.0,52,14,108,1266,1697
168,2026-09-19,6309,4.73,4.73,0.0,1.42,0.95,2.37,0.0,28,19,96,1297,1302
168,2026-09-20,6015,4.51,4.51,0.0,1.35,0.9,2.25,0.0,41,19,130,1250,2622
168,2026-09-21,6821,5.12,5.12,0.0,1.54,1.02,2.56,0.0,52,11,245,1132,2579
168,2026-09-21,6821,5.12,5.12,0.0,1.54,1.02,2.56,0.0,52,11,245,1132,2579
168,2026-09-22,10268,7.7,7.7,0.0,2.31,1.54,3.85,0.0,17,40,175,1208,1788
168,2026-09-23,19535,14.65,14.65,0.0,4.39,2.93,7.33,0.0,20,28,66,1326,1798
168,2026-09-24,1747,1.31,1.31,0.0,0.39,0.26,0.66,0.0,8,5,78,1349,1186
168,2026-09-25,7466,5.6,5.6,0.0,1.68,1.12,2.8,0.0,30,8,167,1235,2351
168,2026-09-26,10426,7.82,7.82,0.0,2.35,1.56,3.91,0.0,41,32,108,1259,2520
168,2026-09-27,11593,8.69,8.69,0.0,2.61,1.74,4.34,0.0,8,7,149,1276,1409
168,2026-09-28,8579,6.43,6.43,0.0,1.93,1.29,3.21,0.0,30,22,175,1213,1935
168,2026-09-29,10110,7.58,7.58,0.0,2.27,1.52,3.79,0.0,42,16,114,1268,2239
168,2026-09-30,9512,7.13,7.13,0.0,2.14,1.43,3.56,0.0,34,5,199,1202,2590
168,2026-10-01,8646,6.48,6.48,0.0,1.94,1.3,3.24,0.0,27,10,138,1265,2714
168,2026-10-02,9170,6.88,6.88,0.0,2.06,1.38,3.44,0.0,41,7,131,1261,1796
168,2026-10-03,4979,3.73,3.73,0.0,1.12,0.75,1.86,0.0,38,25,184,1193,2941
168,2026-10-04,16775,12.58,12.58,0.0,3.77,2.52,6.29,0.0,43,14,184,1199,1542
169,2026-08-16,8173,6.13,6.13,0.0,1.84,1.23,3.06,0.0,1,31,73,1335,1570
169,2026-08-17,1300,0.97,0.97,0.0,0.29,0.19,0.48,0.0,5,21,166,1248,3120
169,2026-08-18,8726,6.54,6.54,0.0,1.96,1.31,3.27,0.0,50,13,73,1304,1950
169,2026-08-19,13235,9.93,9.93,0.0,2.98,1.99,4.96,0.0,13,30,70,1327,2049
169,2026-08-20,3774,2.83,2.83,0.0,0.85,0.57,1.42,0.0,47,16,164,1213,2767
169,2026-08-21,5158,3.87,3.87,0.0,1.16,0.77,1.94,0.0,39,9,148,1244,2384
169,2026-08-22,6074,4.56,4.56,0.0,1.37,0.91,2.28,0.0,12,27,176,1225,1709
169,2026-08-23,8635,6.48,6.48,0.0,1.94,1.3,3.24,0.0,3,40,132,1265,1248
169,2026-08-24,13677,10.26,10.26,0.0,3.08,2.05,5.13,0.0,28,40,65,1307,1511
169,2026-08-25,15728,11.8,11.8,0.0,3.54,2.36,5.9,0.0,40,26,128,1246,2880
169,2026-08-26,14852,11.14,11.14,0.0,3.34,2.23,5.57,0.0,2,21,134,1283,1502
169,2026-08-27,8644,6.48,6.48,0.0,1.94,1.3,3.24,0.0,12,1,227,1200,2469
169,2026-08-28,3420,2.56,2.56,0.0,0.77,0.51,1.28,0.0,49,42,244,1105,3100
169,2026-08-29,3380,2.54,2.54,0.0,0.76,0.51,1.27,0.0,45,45,76,1274,2182
169,2026-08-30,14239,10.68,10.68,0.0,3.2,2.14,5.34,0.0,54,6,210,1170,2444
169,2026-08-31,18123,13.59,13.59,0.0,4.08,2.72,6.79,0.0,45,37,220,1138,1048
169,2026-09-01,7577,5.68,5.68,0.0,1.7,1.14,2.84,0.0,30,18,228,1164,2515
169,2026-09-02,4745,3.56,3.56,0.0,1.07,0.71,1.78,0.0,12,45,218,1165,1728
169,2026-09-03,1085,0.81,0.81,0.0,0.24,0.16,0.41,0.0,17,9,81,1333,1317
169,2026-09-04,11287,8.47,8.47,0.0,2.54,1.69,4.24,0.0,55,15,71,1299,1325
169,2026-09-05,19908,14.93,14.93,0.0,4.48,2.99,7.46,0.0,54,12,160,1214,1878
169,2026-09-06,17756,13.32,13.32,0.0,4.0,2.66,6.66,0.0,57,32,250,1101,1017
169,2026-09-07,3046,2.28,2.28,0.0,0.68,0.46,1.14,0.0,56,37,100,1247,2927
169,2026-09-08,9673,7.25,7.25,0.0,2.17,1.45,3.62,0.0,5,22,215,1198,1860
169,2026-09-09,11174,8.38,8.38,0.0,2.51,1.68,4.19,0.0,48,4,166,1222,1345
169,2026-09-10,9097,6.82,6.82,0.0,2.05,1.36,3.41,0.0,37,8,97,1298,2884
169,2026-09-11,4095,3.07,3.07,0.0,0.92,0.61,1.53,0.0,39,26,74,1301,2491
169,2026-09-12,11238,8.43,8.43,0.0,2.53,1.69,4.21,0.0,8,15,122,1295,2593
169,2026-09-13,5773,4.33,4.33,0.0,1.3,0.87,2.17,0.0,4,1,115,1320,2918
169,2026-09-14,7079,5.31,5.31,0.0,1.59,1.06,2.65,0.0,27,1,134,1278,1140
169,2026-09-15,4062,3.05,3.05,0.0,0.91,0.61,1.52,0.0,31,16,66,1327,2443
169,2026-09-16,7892,5.92,5.92,0.0,1.78,1.18,2.96,0.0,34,26,250,1130,2773
169,2026-09-17,13646,10.23,10.23,0.0,3.07,2.05,5.12,0.0,21,19,160,1240,1601
169,2026-09-18,9107,6.83,6.83,0.0,2.05,1.37,3.42,0.0,39,38,128,1235,2569
169,2026-09-19,19610,14.71,14.71,0.0,4.41,2.94,7.36,0.0,45,6,80,1309,1074
169,2026-09-20,18511,13.88,13.88,0.0,4.16,2.78,6.94,0.0,43,8,210,1179,2304
169,2026-09-21,3115,2.34,2.34,0.0,0.7,0.47,1.17,0.0,1,20,137,1282,2095
169,2026-09-22,9274,6.96,6.96,0.0,2.09,1.39,3.48,0.0,24,25,193,1198,1278
169,2026-09-23,8791,6.59,6.59,0.0,1.98,1.32,3.29,0.0,21,39,214,1166,1148
169,2026-09-24,14228,10.67,10.67,0.0,3.2,2.13,5.33,0.0,48,33,115,1244,1999
169,2026-09-25,1227,0.92,0.92,0.0,0.28,0.18,0.46,0.0,42,37,207,1154,2305
169,2026-09-26,8015,6.01,6.01,0.0,1.8,1.2,3.0,0.0,48,31,226,1135,1502
169,2026-09-27,11192,8.39,8.39,0.0,2.52,1.68,4.2,0.0,2,18,206,1214,2707
169,2026-09-28,19917,14.94,14.94,0.0,4.48,2.99,7.47,0.0,31,1,113,1295,1223
169,2026-09-29,7091,5.32,5.32,0.0,1.6,1.06,2.66,0.0,34,35,160,1211,1542
169,2026-09-30,8984,6.74,6.74,0.0,2.02,1.35,3.37,0.0,8,21,123,1288,2193
169,2026-10-01,15379,11.53,11.53,0.0,3.46,2.31,5.76,0.0,45,24,136,1235,1189
169,2026-10-02,18152,13.61,13.61,0.0,4.08,2.72,6.8,0.0,10,26,139,1265,2033
169,2026-10-03,10428,7.82,7.82,0.0,2.35,1.56,3.91,0.0,44,21,104,1271,3043
169,2026-10-04,7353,5.51,5.51,0.0,1.65,1.1,2.75,0.0,16,1,201,1222,1236
170,2026-08-16,14221,10.67,10.67,0.0,3.2,2.13,5.33,0.0,10,16,212,1202,2445
170,2026-08-17,12402,9.3,9.3,0.0,2.79,1.86,4.65,0.0,13,31,139,1257,2703
170,2026-08-18,6940,5.21,5.21,0.0,1.56,1.04,2.6,0.0,36,38,119,1247,3192
170,2026-08-19,19464,14.6,14.6,0.0,4.38,2.92,7.3,0.0,52,44,124,1220,2124
170,2026-08-20,19043,14.28,14.28,0.0,4.28,2.86,7.14,0.0,42,0,82,1316,2428
170,2026-08-21,18521,13.89,13.89,0.0,4.17,2.78,6.95,0.0,39,26,84,1291,2472
170,2026-08-22,3560,2.67,2.67,0.0,0.8,0.53,1.33,0.0,36,27,87,1290,1410
170,2026-08-23,19917,14.94,14.94,0.0,4.48,2.99,7.47,0.0,46,33,247,1114,2275
170,2026-08-24,19260,14.45,14.45,0.0,4.33,2.89,7.22,0.0,45,35,94,1266,1142
170,2026-08-25,5802,4.35,4.35,0.0,1.3,0.87,2.17,0.0,45,38,145,1212,3180
170,2026-08-26,8938,6.7,6.7,0.0,2.01,1.34,3.35,0.0,23,38,179,1200,1249
170,2026-08-27,10198,7.65,7.65,0.0,2.29,1.53,3.83,0.0,27,23,182,1208,1934
170,2026-08-28,6624,4.97,4.97,0.0,1.49,0.99,2.48,0.0,55,15,117,1253,1958
170,2026-08-28,6624,4.97,4.97,0.0,1.49,0.99,2.48,0.0,55,15,117,1253,1958
170,2026-08-29,15566,11.67,11.67,0.0,3.5,2.33,5.83,0.0,56,27,205,1152,1079
170,2026-08-30,2340,1.76,1.76,0.0,0.53,0.35,0.88,0.0,8,8,120,1304,1739
170,2026-08-31,6613,4.96,4.96,0.0,1.49,0.99,2.48,0.0,18,22,197,1203,1540
170,2026-09-01,16081,12.06,12.06,0.0,3.62,2.41,6.03,0.0,4,0,205,1231,1623
170,2026-09-02,11468,8.6,8.6,0.0,2.58,1.72,4.3,0.0,0,3,228,1209,2525
170,2026-09-03,9477,7.11,7.11,0.0,2.13,1.42,3.56,0.0,11,36,220,1173,2085
170,2026-09-03,9477,7.11,7.11,0.0,2.13,1.42,3.56,0.0,11,36,220,1173,2085
170,2026-09-04,18350,13.76,13.76,0.0,4.13,2.75,6.88,0.0,13,20,66,1341,2899
170,2026-09-05,1338,1.0,1.0,0.0,0.3,0.2,0.5,0.0,48,28,70,1294,1530
170,2026-09-06,13963,10.47,10.47,0.0,3.14,2.09,5.24,0.0,54,38,241,1107,3040
170,2026-09-07,8797,6.6,6.6,0.0,1.98,1.32,3.3,0.0,55,1,208,1176,1288
170,2026-09-08,12416,9.31,9.31,0.0,2.79,1.86,4.66,0.0,42,36,99,1263,1437
170,2026-09-09,14823,11.12,11.12,0.0,3.34,2.22,5.56,0.0,55,16,177,1192,1010
170,2026-09-10,5811,4.36,4.36,0.0,1.31,0.87,2.18,0.0,43,42,196,1159,2386
170,2026-09-10,5811,4.36,4.36,0.0,1.31,0.87,2.18,0.0,43,42,196,1159,2386
170,2026-09-11,7296,5.47,5.47,0.0,1.64,1.09,2.73,0.0,59,22,117,1242,2848
170,2026-09-12,16155,12.12,12.12,0.0,3.64,2.42,6.06,0.0,2,20,247,1171,2771
170,2026-09-13,19862,14.9,14.9,0.0,4.47,2.98,7.45,0.0,28,33,218,1161,2051
170,2026-09-14,15056,11.29,11.29,0.0,3.39,2.26,5.64,0.0,51,22,89,1278,2380
170,2026-09-15,2303,1.73,1.73,0.0,0.52,0.35,0.86,0.0,35,43,241,1121,1688
170,2026-09-16,4072,3.05,3.05,0.0,0.91,0.61,1.52,0.0,60,5,144,1231,2340
170,2026-09-17,10764,8.07,8.07,0.0,2.42,1.61,4.04,0.0,40,4,139,1257,2631
170,2026-09-18,16243,12.18,12.18,0.0,3.65,2.44,6.09,0.0,17,19,164,1240,1586
170,2026-09-19,14274,10.71,10.71,0.0,3.21,2.14,5.36,0.0,32,23,246,1139,1835
170,2026-09-20,4628,3.47,3.47,0.0,1.04,0.69,1.74,0.0,55,35,164,1186,1302
170,2026-09-21,15021,11.27,11.27,0.0,3.38,2.25,5.63,0.0,16,37,223,1164,2860
170,2026-09-22,12213,9.16,9.16,0.0,2.75,1.83,4.58,0.0,60,45,126,1209,1799
170,2026-09-23,14342,10.76,10.76,0.0,3.23,2.15,5.38,0.0,4,1,132,1303,1508
170,2026-09-24,17914,13.44,13.44,0.0,4.03,2.69,6.72,0.0,50,23,237,1130,-100
170,2026-09-25,16064,12.05,12.05,0.0,3.62,2.41,6.03,0.0,35,22,123,1260,2599
170,2026-09-26,13088,9.82,9.82,0.0,2.95,1.96,4.91,0.0,56,7,99,1278,2651
170,2026-09-27,8952,6.71,6.71,0.0,2.01,1.34,3.35,0.0,30,24,78,1308,2335
170,2026-09-28,15194,11.4,11.4,0.0,3.42,2.28,5.7,0.0,58,22,138,1222,1194
170,2026-09-29,1202,0.9,0.9,0.0,0.27,0.18,0.45,0.0,51,10,247,1132,1526
170,2026-09-30,1765,1.32,1.32,0.0,0.4,0.26,0.66,0.0,25,7,112,1296,2634
170,2026-10-01,18632,13.97,13.97,0.0,4.19,2.79,6.99,0.0,13,17,60,1350,1779
170,2026-10-02,12822,9.62,9.62,0.0,2.89,1.92,4.81,0.0,46,17,184,1193,2752
170,2026-10-03,1013,0.76,0.76,0.0,0.23,0.15,0.38,0.0,41,26,102,1271,1396
170,2026-10-04,1881,1.41,1.41,0.0,0.42,0.28,0.7,0.0,44,0,158,1238,3112
171,2026-08-16,18680,14.01,14.01,0.0,4.2,2.8,7.0,0.0,14,43,63,1320,2651
171,2026-08-17,7659,5.74,5.74,0.0,1.72,1.15,2.87,0.0,37,37,70,1296,1181
171,2026-08-18,4487,3.37,3.37,0.0,1.01,0.67,1.69,0.0,13,37,215,1175,1808
171,2026-08-19,4854,3.64,3.64,0.0,1.09,0.73,1.82,0.0,53,0,242,1145,1650
171,2026-08-20,8984,6.74,6.74,0.0,2.02,1.35,3.37,0.0,0,29,150,1261,2537
171,2026-08-21,19806,14.85,14.85,0.0,4.46,2.97,7.42,0.0,16,2,84,1338,3038
171,2026-08-22,17597,13.2,13.2,0.0,3.96,2.64,6.6,0.0,59,15,230,1136,3104
171,2026-08-23,19405,14.55,14.55,0.0,4.37,2.91,7.28,0.0,21,2,81,1336,2067
171,2026-08-24,15857,11.89,11.89,0.0,3.57,2.38,5.95,0.0,52,13,153,1222,1310
171,2026-08-25,15968,11.98,11.98,0.0,3.59,2.4,5.99,0.0,12,15,219,1194,3081
171,2026-08-26,5952,4.46,4.46,0.0,1.34,0.89,2.23,0.0,57,40,166,1177,1292
171,2026-08-27,12587,9.44,9.44,0.0,2.83,1.89,4.72,0.0,10,10,187,1233,2739
171,2026-08-28,1831,1.37,1.37,0.0,0.41,0.27,0.69,0.0,38,25,70,1307,2859
171,2026-08-29,16625,12.47,12.47,0.0,3.74,2.49,6.24,0.0,49,14,183,1194,3091
171,2026-08-30,16903,12.68,12.68,0.0,3.8,2.54,6.34,0.0,51,20,188,1181,3178
171,2026-08-31,18608,13.96,13.96,0.0,4.19,2.79,6.98,0.0,0,21,234,1185,1242
171,2026-09-01,13183,9.89,9.89,0.0,2.97,1.98,4.95,0.0,3,16,135,1286,1283
171,2026-09-02,18279,13.71,13.71,0.0,4.11,2.74,6.86,0.0,19,27,121,1273,2000
171,2026-09-03,11879,8.91,8.91,0.0,2.67,1.78,4.46,0.0,21,24,226,1169,2498
171,2026-09-04,13458,10.09,10.09,0.0,3.03,2.02,5.04,0.0,55,13,214,1158,1990
171,2026-09-05,1106,0.83,0.83,0.0,0.25,0.17,0.41,0.0,60,15,169,1196,3062
171,2026-09-06,18403,13.8,13.8,0.0,4.14,2.76,6.9,0.0,49,39,172,1180,3118
171,2026-09-07,15787,11.84,11.84,0.0,3.55,2.37,5.92,0.0,37,16,203,1184,2352
171,2026-09-08,7395,5.55,5.55,0.0,1.66,1.11,2.77,0.0,22,3,101,1314,1451
171,2026-09-09,18710,14.03,14.03,0.0,4.21,2.81,7.01,0.0,19,0,177,1244,2442
171,2026-09-10,11312,8.48,8.48,0.0,2.54,1.7,4.24,0.0,16,36,164,1224,2404
171,2026-09-10,11312,8.48,8.48,0.0,2.54,1.7,4.24,0.0,16,36,164,1224,2404
171,2026-09-11,1208,0.91,0.91,0.0,0.27,0.18,0.46,0.0,42,16,126,1256,1002
171,2026-09-12,8413,6.31,6.31,0.0,1.89,1.26,3.15,0.0,56,7,204,1173,3056
171,2026-09-13,11017,8.26,8.26,0.0,2.48,1.65,4.13,0.0,22,22,250,1146,2162
171,2026-09-14,14799,11.1,11.1,0.0,3.33,2.22,5.55,0.0,13,0,113,1314,2181
171,2026-09-15,4985,3.74,3.74,0.0,1.12,0.75,1.87,0.0,17,32,165,1226,2065
171,2026-09-16,2964,2.22,2.22,0.0,0.67,0.44,1.11,0.0,29,25,230,1156,2563
171,2026-09-17,10022,7.52,7.52,0.0,2.26,1.5,3.76,0.0,3,4,194,1239,1236
171,2026-09-18,2751,2.06,2.06,0.0,0.62,0.41,1.03,0.0,4,28,183,1225,1829
171,2026-09-19,12801,9.6,9.6,0.0,2.88,1.92,4.8,0.0,0,22,245,1173,-100
171,2026-09-20,10586,7.94,7.94,0.0,2.38,1.59,3.97,0.0,22,11,101,1306,1876
171,2026-09-21,9266,6.95,6.95,0.0,2.08,1.39,3.48,0.0,28,27,155,1230,1558
171,2026-09-22,15753,11.81,11.81,0.0,3.54,2.36,5.91,0.0,46,9,189,1196,3177
171,2026-09-23,5211,3.91,3.91,0.0,1.17,0.78,1.96,0.0,28,41,245,1126,1799
171,2026-09-24,5929,4.45,4.45,0.0,1.33,0.89,2.23,0.0,12,42,114,1272,2952
171,2026-09-25,4176,3.13,3.13,0.0,0.94,0.63,1.56,0.0,52,21,233,1134,2130
171,2026-09-26,13002,9.75,9.75,0.0,2.92,1.95,4.88,0.0,6,44,141,1249,2755
171,2026-09-27,7287,5.47,5.47,0.0,1.64,1.09,2.73,0.0,54,15,138,1233,1643
171,2026-09-28,11498,8.62,8.62,0.0,2.59,1.72,4.31,0.0,1,33,244,1162,2170
171,2026-09-29,10960,8.22,8.22,0.0,2.47,1.64,4.11,0.0,46,23,147,1224,1726
171,2026-09-30,9456,7.09,7.09,0.0,2.13,1.42,3.54,0.0,59,19,158,1204,2912
171,2026-10-01,13657,10.24,10.24,0.0,3.07,2.05,5.12,0.0,16,11,84,1329,2565
171,2026-10-02,13103,9.83,9.83,0.0,2.95,1.97,4.92,0.0,12,3,161,1264,2569
171,2026-10-03,11322,8.49,8.49,0.0,2.55,1.7,4.25,0.0,9,14,182,1235,2828
171,2026-10-04,10424,7.82,7.82,0.0,2.35,1.56,3.91,0.0,55,29,82,1274,2802
172,2026-08-16,4557,3.42,3.42,0.0,1.03,0.68,1.71,0.0,35,20,218,1167,1215
172,2026-08-17,6972,5.23,5.23,0.0,1.57,1.05,2.62,0.0,60,35,162,1183,2689
172,2026-08-18,4668,3.5,3.5,0.0,1.05,0.7,1.75,0.0,46,37,230,1127,2741
172,2026-08-19,7752,5.81,5.81,0.0,1.74,1.16,2.9,0.0,26,13,91,1310,1878
172,2026-08-20,6178,4.63,4.63,0.0,1.39,0.93,2.31,0.0,50,42,227,1121,2212
172,2026-08-21,3722,2.79,2.79,0.0,0.84,0.56,1.4,0.0,27,33,155,1225,3100
172,2026-08-22,3964,2.97,2.97,0.0,0.89,0.59,1.49,0.0,54,7,132,1247,2126
172,2026-08-23,14916,11.19,11.19,0.0,3.36,2.24,5.59,0.0,45,27,116,1252,1091
172,2026-08-24,7280,5.46,5.46,0.0,1.64,1.09,2.73,0.0,25,36,159,1220,1103
172,2026-08-25,13159,9.87,9.87,0.0,2.96,1.97,4.93,0.0,41,19,112,1268,1408
172,2026-08-26,15707,11.78,11.78,0.0,3.53,2.36,5.89,0.0,23,7,162,1248,2432
172,2026-08-27,2163,1.62,1.62,0.0,0.49,0.32,0.81,0.0,24,36,137,1243,1925
172,2026-08-28,5230,3.92,3.92,0.0,1.18,0.78,1.96,0.0,48,15,233,1144,1938
172,2026-08-29,10210,7.66,7.66,0.0,2.3,1.53,3.83,0.0,27,10,145,1258,1037
172,2026-08-30,3583,2.69,2.69,0.0,0.81,0.54,1.34,0.0,45,6,74,1315,1815
172,2026-08-31,7175,5.38,5.38,0.0,1.61,1.08,2.69,0.0,10,19,247,1164,1163
172,2026-09-01,17977,13.48,13.48,0.0,4.04,2.7,6.74,0.0,58,12,88,1282,1617
172,2026-09-02,9560,7.17,7.17,0.0,2.15,1.43,3.58,0.0,40,22,102,1276,1535
172,2026-09-03,6564,4.92,4.92,0.0,1.48,0.98,2.46,0.0,49,0,80,1311,3147
172,2026-09-04,4454,3.34,3.34,0.0,1.0,0.67,1.67,0.0,6,17,134,1283,1912
172,2026-09-05,12777,9.58,9.58,0.0,2.87,1.92,4.79,0.0,42,19,120,1259,1416
172,2026-09-06,1391,1.04,1.04,0.0,0.31,0.21,0.52,0.0,13,45,133,1249,2392
172,2026-09-07,9428,7.07,7.07,0.0,2.12,1.41,3.54,0.0,12,12,215,1201,1658
172,2026-09-08,2009,1.51,1.51,0.0,0.45,0.3,0.76,0.0,50,44,226,1120,3097
172,2026-09-09,14856,11.14,11.14,0.0,3.34,2.23,5.57,0.0,21,40,225,1154,1449
172,2026-09-10,5112,3.83,3.83,0.0,1.15,0.77,1.92,0.0,7,41,179,1213,2018
172,2026-09-11,2998,2.25,2.25,0.0,0.67,0.45,1.12,0.0,12,3,186,1239,2457
172,2026-09-12,3286,2.46,2.46,0.0,0.74,0.49,1.23,0.0,10,41,139,1250,2429
172,2026-09-13,13377,10.03,10.03,0.0,3.01,2.01,5.01,0.0,44,5,237,1154,2363
172,2026-09-13,13377,10.03,10.03,0.0,3.01,2.01,5.01,0.0,44,5,237,1154,2363
172,2026-09-14,2017,1.51,1.51,0.0,0.45,0.3,0.76,0.0,11,20,73,1336,1947
172,2026-09-15,17301,12.98,12.98,0.0,3.89,2.6,6.49,0.0,4,19,245,1172,2962
172,2026-09-16,1606,1.2,1.2,0.0,0.36,0.24,0.6,0.0,0,8,90,1342,1703
172,2026-09-17,16239,12.18,12.18,0.0,3.65,2.44,6.09,0.0,31,20,129,1260,1429
172,2026-09-18,2008,1.51,1.51,0.0,0.45,0.3,0.76,0.0,51,34,90,1265,1298
172,2026-09-19,16670,12.5,12.5,0.0,3.75,2.5,6.25,0.0,9,38,194,1199,2438
172,2026-09-20,2530,1.9,1.9,0.0,0.57,0.38,0.95,0.0,57,25,147,1211,1592
172,2026-09-21,16458,12.34,12.34,0.0,3.7,2.47,6.17,0.0,43,13,173,1211,1411
172,2026-09-22,14517,10.89,10.89,0.0,3.27,2.18,5.45,0.0,44,35,197,1164,1133
172,2026-09-23,1120,0.84,0.84,0.0,0.25,0.17,0.42,0.0,42,14,129,1255,2184
172,2026-09-24,14769,11.08,11.08,0.0,3.32,2.22,5.54,0.0,42,42,84,1272,2814
172,2026-09-25,5412,4.06,4.06,0.0,1.22,0.81,2.03,0.0,4,4,62,1370,3072
172,2026-09-26,15763,11.82,11.82,0.0,3.55,2.36,5.91,0.0,60,22,184,1174,2694
172,2026-09-27,16895,12.67,12.67,0.0,3.8,2.53,6.33,0.0,38,41,235,1126,2708
172,2026-09-27,16895,12.67,12.67,0.0,3.8,2.53,6.33,0.0,38,41,235,1126,2708
172,2026-09-28,13988,10.49,10.49,0.0,3.15,2.1,5.25,0.0,16,38,181,1205,2018
172,2026-09-29,5235,3.93,3.93,0.0,1.18,0.79,1.97,0.0,8,36,207,1189,1687
172,2026-09-30,16684,12.51,12.51,0.0,3.75,2.5,6.25,0.0,59,33,177,1171,2882
172,2026-10-01,17724,13.29,13.29,0.0,3.99,2.66,6.64,0.0,51,28,147,1214,1742
172,2026-10-01,17724,13.29,13.29,0.0,3.99,2.66,6.64,0.0,51,28,147,1214,1742
172,2026-10-02,17548,13.16,13.16,0.0,3.95,2.63,6.58,0.0,38,40,235,1127,2540
172,2026-10-03,11900,8.93,8.93,0.0,2.68,1.79,4.46,0.0,19,35,127,1259,1545
172,2026-10-04,16035,12.03,12.03,0.0,3.61,2.41,6.01,0.0,34,4,76,1326,2209
173,2026-08-16,13718,10.29,10.29,0.0,3.09,2.06,5.14,0.0,42,19,76,1303,3054
173,2026-08-17,2266,1.7,1.7,0.0,0.51,0.34,0.85,0.0,57,20,218,1145,1861
173,2026-08-18,19953,14.96,14.96,0.0,4.49,2.99,7.48,0.0,54,32,119,1235,2035
173,2026-08-19,19694,14.77,14.77,0.0,4.43,2.95,7.38,0.0,8,27,246,1159,2865
173,2026-08-20,11630,8.72,8.72,0.0,2.62,1.74,4.36,0.0,24,40,194,1182,2534
173,2026-08-21,10003,7.5,7.5,0.0,2.25,1.5,3.75,0.0,43,17,131,1249,2709
173,2026-08-22,16700,12.53,12.53,0.0,3.76,2.51,6.26,0.0,57,42,66,1275,2375
173,2026-08-23,17537,13.15,13.15,0.0,3.94,2.63,6.58,0.0,51,38,188,1163,1584
173,2026-08-24,15070,11.3,11.3,0.0,3.39,2.26,5.65,0.0,20,10,67,1343,1601
173,2026-08-25,11915,8.94,8.94,0.0,2.68,1.79,4.47,0.0,30,16,125,1269,3087
173,2026-08-26,15294,11.47,11.47,0.0,3.44,2.29,5.74,0.0,44,30,107,1259,1327
173,2026-08-27,1031,0.77,0.77,0.0,0.23,0.15,0.39,0.0,17,29,196,1198,1385
173,2026-08-28,16331,12.25,12.25,0.0,3.67,2.45,6.12,0.0,56,2,95,1287,2736
173,2026-08-29,7939,5.95,5.95,0.0,1.78,1.19,2.98,0.0,57,3,208,1172,2139
173,2026-08-30,3894,2.92,2.92,0.0,0.88,0.58,1.46,0.0,25,24,69,1322,1925
173,2026-08-31,2708,2.03,2.03,0.0,0.61,0.41,1.01,0.0,25,11,189,1215,2147
173,2026-09-01,7603,5.7,5.7,0.0,1.71,1.14,2.85,0.0,13,31,101,1295,1220
173,2026-09-02,17124,12.84,12.84,0.0,3.85,2.57,6.42,0.0,52,23,179,1186,2432
173,2026-09-03,11849,8.89,8.89,0.0,2.67,1.78,4.45,0.0,3,25,250,1162,3032
173,2026-09-04,1322,0.99,0.99,0.0,0.3,0.2,0.49,0.0,2,25,148,1265,2728
173,2026-09-05,3531,2.65,2.65,0.0,0.79,0.53,1.32,0.0,21,23,69,1327,1058
173,2026-09-06,8545,6.41,6.41,0.0,1.92,1.28,3.21,0.0,51,42,160,1187,2912
173,2026-09-07,11520,8.64,8.64,0.0,2.59,1.73,4.32,0.0,21,17,171,1231,2026
173,2026-09-08,16732,12.55,12.55,0.0,3.77,2.51,6.28,0.0,45,37,249,1109,1868
173,2026-09-09,17887,13.42,13.42,0.0,4.03,2.68,6.71,0.0,9,24,118,1289,2960
173,2026-09-10,14708,11.03,11.03,0.0,3.31,2.21,5.51,0.0,54,39,75,1272,1713
173,2026-09-11,1900,1.43,1.43,0.0,0.43,0.29,0.71,0.0,44,3,231,1162,2004
173,2026-09-12,1483,1.11,1.11,0.0,0.33,0.22,0.56,0.0,15,28,109,1288,1648
173,2026-09-13,5077,3.81,3.81,0.0,1.14,0.76,1.91,0.0,21,12,181,1226,2060
173,2026-09-14,12082,9.06,9.06,0.0,2.72,1.81,4.53,0.0,30,16,191,1203,3077
173,2026-09-15,18545,13.91,13.91,0.0,4.17,2.78,6.96,0.0,33,36,216,1155,1643
173,2026-09-16,17214,12.91,12.91,0.0,3.87,2.58,6.46,0.0,19,21,160,1240,1692
173,2026-09-17,4567,3.43,3.43,0.0,1.03,0.69,1.72,0.0,31,9,122,1278,2808
173,2026-09-18,1994,1.5,1.5,0.0,0.45,0.3,0.75,0.0,32,43,193,1172,2802
173,2026-09-19,10077,7.56,7.56,0.0,2.27,1.51,3.78,0.0,53,42,140,1205,1720
173,2026-09-20,11778,8.83,8.83,0.0,2.65,1.77,4.42,0.0,1,8,103,1328,2347
173,2026-09-21,3263,2.45,2.45,0.0,0.73,0.49,1.23,0.0,16,20,108,1296,1577
173,2026-09-22,18803,14.1,14.1,0.0,4.23,2.82,7.05,0.0,50,25,174,1191,1251
173,2026-09-23,19439,14.58,14.58,0.0,4.37,2.92,7.29,0.0,59,22,208,1151,1088
173,2026-09-24,14084,10.56,10.56,0.0,3.17,2.11,5.28,0.0,35,9,132,1264,1059
173,2026-09-25,12868,9.65,9.65,0.0,2.9,1.93,4.83,0.0,54,24,235,1127,2291
173,2026-09-26,17471,13.1,13.1,0.0,3.93,2.62,6.55,0.0,4,1,242,1193,3175
173,2026-09-27,11526,8.64,8.64,0.0,2.59,1.73,4.32,0.0,58,35,167,1180,2138
173,2026-09-28,11417,8.56,8.56,0.0,2.57,1.71,4.28,0.0,35,16,215,1174,2686
173,2026-09-29,6767,5.08,5.08,0.0,1.52,1.02,2.54,0.0,42,43,194,1161,2816
173,2026-09-30,14974,11.23,11.23,0.0,3.37,2.25,5.62,0.0,31,21,62,1326,2006
173,2026-10-01,15458,11.59,11.59,0.0,3.48,2.32,5.79,0.0,2,16,101,1321,3193
173,2026-10-02,2413,1.81,1.81,0.0,0.54,0.36,0.91,0.0,27,23,74,1316,2337
173,2026-10-03,13763,10.32,10.32,0.0,3.1,2.06,5.16,0.0,16,3,203,1218,1015
173,2026-10-04,5015,3.76,3.76,0.0,1.13,0.75,1.88,0.0,8,9,65,1358,1614
174,2026-08-16,10695,8.02,8.02,0.0,2.41,1.6,4.01,0.0,27,34,111,1268,2469
174,2026-08-17,4927,3.7,3.7,0.0,1.11,0.74,1.85,0.0,47,41,87,1265,1424
174,2026-08-18,13080,9.81,9.81,0.0,2.94,1.96,4.91,0.0,8,1,124,1307,2761
174,2026-08-19,13539,10.15,10.15,0.0,3.04,2.03,5.08,0.0,8,0,179,1253,2814
174,2026-08-20,13677,10.26,10.26,0.0,3.08,2.05,5.13,0.0,21,3,168,1248,2377
174,2026-08-21,12347,9.26,9.26,0.0,2.78,1.85,4.63,0.0,53,8,91,1288,1155
174,2026-08-22,6540,4.91,4.91,0.0,1.47,0.98,2.46,0.0,55,5,132,1248,2448
174,2026-08-23,16272,12.2,12.2,0.0,3.66,2.44,6.1,0.0,6,12,213,1209,2778
174,2026-08-24,1535,1.15,1.15,0.0,0.34,0.23,0.57,0.0,42,30,201,1167,3015
174,2026-08-25,4918,3.69,3.69,0.0,1.11,0.74,1.84,0.0,33,36,205,1166,2205
174,2026-08-26,15873,11.9,11.9,0.0,3.57,2.38,5.95,0.0,51,44,80,1265,1039
174,2026-08-27,4340,3.25,3.25,0.0,0.97,0.65,1.62,0.0,35,32,125,1248,1002
174,2026-08-28,16630,12.47,12.47,0.0,3.74,2.49,6.24,0.0,0,11,96,1333,1267
174,2026-08-29,12643,9.48,9.48,0.0,2.84,1.9,4.74,0.0,57,23,145,1215,1181
174,2026-08-30,2151,1.61,1.61,0.0,0.48,0.32,0.81,0.0,27,29,126,1258,3085
174,2026-08-31,18300,13.72,13.72,0.0,4.12,2.74,6.86,0.0,43,19,229,1149,2147
174,2026-09-01,13208,9.91,9.91,0.0,2.97,1.98,4.96,0.0,22,9,138,1271,3099
174,2026-09-02,14408,10.81,10.81,0.0,3.24,2.16,5.41,0.0,15,12,63,1350,1435
174,2026-09-03,9642,7.23,7.23,0.0,2.17,1.45,3.62,0.0,46,35,72,1287,1817
174,2026-09-04,1953,1.46,1.46,0.0,0.44,0.29,0.73,0.0,53,38,145,1204,3073
174,2026-09-05,2565,1.92,1.92,0.0,0.58,0.38,0.96,0.0,57,17,65,1301,1687
174,2026-09-06,3886,2.91,2.91,0.0,0.87,0.58,1.46,0.0,42,37,90,1271,2983
174,2026-09-07,12131,9.1,9.1,0.0,2.73,1.82,4.55,0.0,19,25,197,1199,3007
174,2026-09-08,2288,1.72,1.72,0.0,0.52,0.34,0.86,0.0,3,13,156,1268,1966
174,2026-09-09,17284,12.96,12.96,0.0,3.89,2.59,6.48,0.0,20,44,108,1268,1289
174,2026-09-10,15110,11.33,11.33,0.0,3.4,2.27,5.67,0.0,3,28,187,1222,1459
174,2026-09-11,3491,2.62,2.62,0.0,0.79,0.52,1.31,0.0,7,11,76,1346,1732
174,2026-09-12,11788,8.84,8.84,0.0,2.65,1.77,4.42,0.0,59,33,234,1114,1030
174,2026-09-13,15050,11.29,11.29,0.0,3.39,2.26,5.64,0.0,55,31,105,1249,1045
174,2026-09-14,19182,14.39,14.39,0.0,4.32,2.88,7.2,0.0,20,11,196,1213,2436
174,2026-09-15,9964,7.47,7.47,0.0,2.24,1.49,3.73,0.0,36,38,166,1200,1966
174,2026-09-16,11345,8.51,8.51,0.0,2.55,1.7,4.25,0.0,59,40,156,1185,1078
174,2026-09-17,10882,8.16,8.16,0.0,2.45,1.63,4.08,0.0,2,23,204,1211,3027
174,2026-09-18,10573,7.93,7.93,0.0,2.38,1.59,3.96,0.0,22,14,70,1334,1054
174,2026-09-19,6724,5.04,5.04,0.0,1.51,1.01,2.52,0.0,3,39,149,1249,1066
174,2026-09-20,13118,9.84,9.84,0.0,2.95,1.97,4.92,0.0,23,34,249,1134,2424
174,2026-09-21,17885,13.41,13.41,0.0,4.02,2.68,6.71,0.0,57,40,90,1253,2269
174,2026-09-22,16533,12.4,12.4,0.0,3.72,2.48,6.2,0.0,6,25,124,1285,2405
174,2026-09-23,14736,11.05,11.05,0.0,3.31,2.21,5.53,0.0,21,21,248,1150,1993
174,2026-09-23,14736,11.05,11.05,0.0,3.31,2.21,5.53,0.0,21,21,248,1150,1993
174,2026-09-24,18991,14.24,14.24,0.0,4.27,2.85,7.12,0.0,28,41,98,1273,2551
174,2026-09-25,12569,9.43,9.43,0.0,2.83,1.89,4.71,0.0,20,34,109,1277,2936
174,2026-09-26,2526,1.89,1.89,0.0,0.57,0.38,0.94,0.0,44,39,231,1126,1687
174,2026-09-27,8915,6.69,6.69,0.0,2.01,1.34,3.35,0.0,11,33,115,1281,2815
174,2026-09-28,17892,13.42,13.42,0.0,4.03,2.68,6.71,0.0,56,34,219,1131,1249
174,2026-09-29,6024,4.52,4.52,0.0,1.36,0.9,2.26,0.0,23,34,225,1158,1229
174,2026-09-30,8467,6.35,6.35,0.0,1.9,1.27,3.17,0.0,16,38,213,1173,3097
174,2026-10-01,19845,14.88,14.88,0.0,4.46,2.98,7.44,0.0,43,27,117,1253,2871
174,2026-10-02,13019,9.76,9.76,0.0,2.93,1.95,4.88,0.0,55,5,212,1168,1460
174,2026-10-03,5615,4.21,4.21,0.0,1.26,0.84,2.1,0.0,49,6,126,1259,2401
174,2026-10-04,5989,4.49,4.49,0.0,1.35,0.9,2.25,0.0,5,30,171,1234,1342
175,2026-08-16,8577,6.43,6.43,0.0,1.93,1.29,3.21,0.0,43,8,62,1327,1952
175,2026-08-17,7562,5.67,5.67,0.0,1.7,1.13,2.83,0.0,30,6,168,1236,1301
175,2026-08-18,1616,1.21,1.21,0.0,0.36,0.24,0.6,0.0,11,21,233,1175,1075
175,2026-08-19,7622,5.72,5.72,0.0,1.72,1.14,2.86,0.0,16,3,90,1331,1585
175,2026-08-20,5103,3.83,3.83,0.0,1.15,0.77,1.92,0.0,24,28,219,1169,1432
175,2026-08-21,8710,6.53,6.53,0.0,1.96,1.31,3.27,0.0,52,8,197,1183,2945
175,2026-08-22,18426,13.82,13.82,0.0,4.15,2.76,6.91,0.0,47,37,148,1208,2988
175,2026-08-23,6651,4.99,4.99,0.0,1.5,1.0,2.5,0.0,38,19,122,1261,2303
175,2026-08-24,19799,14.85,14.85,0.0,4.46,2.97,7.42,0.0,3,40,111,1286,1765
175,2026-08-25,2835,2.13,2.13,0.0,0.64,0.43,1.06,0.0,45,44,195,1156,1885
175,2026-08-26,13566,10.17,10.17,0.0,3.05,2.03,5.08,0.0,35,40,209,1156,2532
175,2026-08-27,12063,9.05,9.05,0.0,2.72,1.81,4.53,0.0,49,1,237,1153,-100
175,2026-08-28,10922,8.19,8.19,0.0,2.46,1.64,4.09,0.0,51,17,229,1143,1569
175,2026-08-29,10550,7.91,7.91,0.0,2.37,1.58,3.96,0.0,60,35,159,1186,2082
175,2026-08-30,7696,5.77,5.77,0.0,1.73,1.15,2.88,0.0,33,5,248,1154,2495
175,2026-08-31,3642,2.73,2.73,0.0,0.82,0.55,1.36,0.0,9,31,210,1190,1044
175,2026-09-01,19713,14.78,14.78,0.0,4.43,2.96,7.39,0.0,22,21,64,1333,1567
175,2026-09-02,13661,10.25,10.25,0.0,3.07,2.05,5.12,0.0,35,12,116,1277,1706
175,2026-09-03,15207,11.41,11.41,0.0,3.42,2.28,5.71,0.0,36,24,153,1227,1525
175,2026-09-04,17420,13.06,13.06,0.0,3.92,2.61,6.53,0.0,16,31,61,1332,2023
175,2026-09-05,14867,11.15,11.15,0.0,3.35,2.23,5.58,0.0,51,16,136,1237,1797
175,2026-09-06,10991,8.24,8.24,0.0,2.47,1.65,4.12,0.0,16,28,189,1207,3000
175,2026-09-07,5262,3.95,3.95,0.0,1.19,0.79,1.98,0.0,54,2,123,1261,2548
175,2026-09-08,7937,5.95,5.95,0.0,1.78,1.19,2.98,0.0,57,0,202,1181,2202
175,2026-09-09,5872,4.4,4.4,0.0,1.32,0.88,2.2,0.0,59,23,210,1148,1572
175,2026-09-10,8683,6.51,6.51,0.0,1.95,1.3,3.25,0.0,4,35,92,1309,1493
175,2026-09-11,10534,7.9,7.9,0.0,2.37,1.58,3.95,0.0,12,22,105,1301,2309
175,2026-09-12,18736,14.05,14.05,0.0,4.21,2.81,7.03,0.0,24,19,211,1186,1387
175,2026-09-13,2803,2.1,2.1,0.0,0.63,0.42,1.05,0.0,34,24,96,1286,1566
175,2026-09-14,15372,11.53,11.53,0.0,3.46,2.31,5.76,0.0,0,40,242,1158,1623
175,2026-09-15,3609,2.71,2.71,0.0,0.81,0.54,1.35,0.0,52,7,121,1260,1741
175,2026-09-16,2041,1.53,1.53,0.0,0.46,0.31,0.77,0.0,2,21,84,1333,2200
175,2026-09-17,2217,1.66,1.66,0.0,0.5,0.33,0.83,0.0,43,27,96,1274,2917
175,2026-09-18,14468,10.85,10.85,0.0,3.25,2.17,5.42,0.0,39,2,159,1240,2508
175,2026-09-19,3987,2.99,2.99,0.0,0.9,0.6,1.5,0.0,48,23,123,1246,2655
175,2026-09-20,19315,14.49,14.49,0.0,4.35,2.9,7.25,0.0,5,31,235,1169,1956
175,2026-09-21,8591,6.44,6.44,0.0,1.93,1.29,3.22,0.0,26,19,61,1334,2422
175,2026-09-22,8372,6.28,6.28,0.0,1.88,1.26,3.14,0.0,25,28,146,1241,1984
175,2026-09-23,2648,1.99,1.99,0.0,0.6,0.4,0.99,0.0,40,45,143,1212,1518
175,2026-09-24,1780,1.33,1.33,0.0,0.4,0.27,0.67,0.0,24,16,189,1211,1643
175,2026-09-25,6396,4.8,4.8,0.0,1.44,0.96,2.4,0.0,17,3,69,1351,1842
175,2026-09-26,6842,5.13,5.13,0.0,1.54,1.03,2.56,0.0,59,14,177,1190,2244
175,2026-09-27,3501,2.63,2.63,0.0,0.79,0.53,1.31,0.0,57,45,64,1274,2971
175,2026-09-28,7969,5.98,5.98,0.0,1.79,1.2,2.99,0.0,22,22,181,1215,2852
175,2026-09-29,15284,11.46,11.46,0.0,3.44,2.29,5.73,0.0,29,21,219,1171,2622
175,2026-09-30,16319,12.24,12.24,0.0,3.67,2.45,6.12,0.0,57,39,135,1209,1160
175,2026-10-01,2812,2.11,2.11,0.0,0.63,0.42,1.05,0.0,40,41,67,1292,3097
175,2026-10-02,18407,13.81,13.81,0.0,4.14,2.76,6.91,0.0,7,33,178,1222,1309
175,2026-10-03,15786,11.84,11.84,0.0,3.55,2.37,5.92,0.0,17,8,245,1170,1818
175,2026-10-04,17370,13.03,13.03,0.0,3.91,2.61,6.51,0.0,7,12,104,1317,2135
175,2026-10-04,17370,13.03,13.03,0.0,3.91,2.61,6.51,0.0,7,12,104,1317,2135
176,2026-08-16,2135,1.6,1.6,0.0,0.48,0.32,0.8,0.0,13,38,165,1224,-100
176,2026-08-16,2135,1.6,1.6,0.0,0.48,0.32,0.8,0.0,13,38,165,1224,-100
176,2026-08-17,2281,1.71,1.71,0.0,0.51,0.34,0.85,0.0,46,8,215,1171,2951
176,2026-08-18,11833,8.87,8.87,0.0,2.66,1.77,4.43,0.0,33,31,232,1144,1104
176,2026-08-19,19188,14.39,14.39,0.0,4.32,2.88,7.2,0.0,57,7,70,1306,2729
176,2026-08-20,4237,3.18,3.18,0.0,0.95,0.64,1.59,0.0,57,35,162,1186,2062
176,2026-08-21,15959,11.97,11.97,0.0,3.59,2.39,5.99,0.0,35,30,214,1161,2376
176,2026-08-22,2614,1.96,1.96,0.0,0.59,0.39,0.98,0.0,56,5,153,1226,2667
176,2026-08-23,17697,13.27,13.27,0.0,3.98,2.65,6.63,0.0,10,11,110,1309,1664
176,2026-08-24,14918,11.19,11.19,0.0,3.36,2.24,5.59,0.0,34,20,122,1264,1751
176,2026-08-25,13815,10.36,10.36,0.0,3.11,2.07,5.18,0.0,0,33,233,1174,1897
176,2026-08-26,5704,4.28,4.28,0.0,1.28,0.86,2.14,0.0,50,19,140,1231,3158
176,2026-08-27,11192,8.39,8.39,0.0,2.52,1.68,4.2,0.0,7,35,117,1281,1838
176,2026-08-28,18599,13.95,13.95,0.0,4.18,2.79,6.97,0.0,2,28,124,1286,1185
176,2026-08-29,19489,14.62,14.62,0.0,4.39,2.92,7.31,0.0,2,23,223,1192,2741
176,2026-08-30,5238,3.93,3.93,0.0,1.18,0.79,1.97,0.0,9,30,187,1214,2201
176,2026-08-31,6036,4.53,4.53,0.0,1.36,0.91,2.27,0.0,60,30,66,1284,2632
176,2026-09-01,18987,14.24,14.24,0.0,4.27,2.85,7.12,0.0,35,17,110,1278,2604
176,2026-09-02,5758,4.32,4.32,0.0,1.3,0.86,2.16,0.0,56,13,227,1144,1406
176,2026-09-03,14918,11.19,11.19,0.0,3.36,2.24,5.59,0.0,45,43,190,1162,3032
176,2026-09-04,9636,7.23,7.23,0.0,2.17,1.45,3.62,0.0,24,17,94,1305,1138
176,2026-09-05,12830,9.62,9.62,0.0,2.89,1.92,4.81,0.0,30,2,64,1344,1130
176,2026-09-06,13079,9.81,9.81,0.0,2.94,1.96,4.91,0.0,54,41,188,1157,2349
176,2026-09-07,14238,10.68,10.68,0.0,3.2,2.14,5.34,0.0,3,32,97,1308,1094
176,2026-09-08,19049,14.29,14.29,0.0,4.29,2.86,7.14,0.0,33,5,237,1165,2843
176,2026-09-09,18026,13.52,13.52,0.0,4.06,2.7,6.76,0.0,15,30,67,1328,2652
176,2026-09-10,4065,3.05,3.05,0.0,0.91,0.61,1.52,0.0,9,15,243,1173,2768
176,2026-09-11,17197,12.9,12.9,0.0,3.87,2.58,6.45,0.0,29,7,239,1165,2984
176,2026-09-12,1299,0.97,0.97,0.0,0.29,0.19,0.48,0.0,50,39,63,1288,1055
176,2026-09-13,4989,3.74,3.74,0.0,1.12,0.75,1.87,0.0,51,12,191,1186,2452
176,2026-09-14,3967,2.98,2.98,0.0,0.89,0.6,1.49,0.0,50,20,152,1218,1720
176,2026-09-15,3178,2.38,2.38,0.0,0.71,0.48,1.19,0.0,53,8,244,1135,2713
176,2026-09-16,13473,10.1,10.1,0.0,3.03,2.02,5.05,0.0,9,18,215,1198,2141
176,2026-09-17,10839,8.13,8.13,0.0,2.44,1.63,4.07,0.0,35,20,148,1237,1384
176,2026-09-18,14434,10.83,10.83,0.0,3.25,2.17,5.42,0.0,17,19,100,1304,2485
176,2026-09-19,14286,10.71,10.71,0.0,3.21,2.14,5.36,0.0,33,31,182,1194,1408
176,2026-09-20,14891,11.17,11.17,0.0,3.35,2.23,5.58,0.0,50,23,153,1214,2564
176,2026-09-21,4904,3.68,3.68,0.0,1.1,0.74,1.84,0.0,39,26,246,1129,1716
176,2026-09-22,12784,9.59,9.59,0.0,2.88,1.92,4.79,0.0,19,43,222,1156,1867
176,2026-09-23,15656,11.74,11.74,0.0,3.52,2.35,5.87,0.0,9,38,165,1228,1790
176,2026-09-24,9945,7.46,7.46,0.0,2.24,1.49,3.73,0.0,34,31,182,1193,1141
176,2026-09-25,18797,14.1,14.1,0.0,4.23,2.82,7.05,0.0,44,19,235,1142,2430
176,2026-09-26,5067,3.8,3.8,0.0,1.14,0.76,1.9,0.0,10,41,134,1255,1356
176,2026-09-27,8086,6.06,6.06,0.0,1.82,1.21,3.03,0.0,46,44,167,1183,1217
176,2026-09-28,7335,5.5,5.5,0.0,1.65,1.1,2.75,0.0,50,13,82,1295,2246
176,2026-09-29,1447,1.09,1.09,0.0,0.33,0.22,0.55,0.0,29,1,74,1336,-100
176,2026-09-30,15476,11.61,11.61,0.0,3.48,2.32,5.8,0.0,12,42,217,1169,3194
176,2026-10-01,9319,6.99,6.99,0.0,2.1,1.4,3.5,0.0,19,45,245,1131,1959
176,2026-10-02,14736,11.05,11.05,0.0,3.31,2.21,5.53,0.0,44,17,101,1278,2926
176,2026-10-03,13191,9.89,9.89,0.0,2.97,1.98,4.95,0.0,53,43,108,1236,2720
176,2026-10-04,2271,1.7,1.7,0.0,0.51,0.34,0.85,0.0,36,25,242,1137,1415
177,2026-08-16,2718,2.04,2.04,0.0,0.61,0.41,1.02,0.0,47,28,83,1282,1142
177,2026-08-17,18765,14.07,14.07,0.0,4.22,2.81,7.04,0.0,59,3,174,1204,1310
177,2026-08-18,2548,1.91,1.91,0.0,0.57,0.38,0.95,0.0,40,35,154,1211,1175
177,2026-08-19,10287,7.72,7.72,0.0,2.32,1.54,3.86,0.0,37,20,144,1239,2855
177,2026-08-20,3775,2.83,2.83,0.0,0.85,0.57,1.42,0.0,1,13,188,1238,2340
177,2026-08-21,14560,10.92,10.92,0.0,3.28,2.18,5.46,0.0,1,23,98,1318,1131
177,2026-08-22,2679,2.01,2.01,0.0,0.6,0.4,1.0,0.0,11,8,86,1335,1530
177,2026-08-23,16029,12.02,12.02,0.0,3.61,2.4,6.01,0.0,52,26,213,1149,2811
177,2026-08-24,17420,13.06,13.06,0.0,3.92,2.61,6.53,0.0,31,14,145,1250,2989
177,2026-08-25,3491,2.62,2.62,0.0,0.79,0.52,1.31,0.0,8,9,119,1304,1986
177,2026-08-26,6264,4.7,4.7,0.0,1.41,0.94,2.35,0.0,7,33,73,1327,1156
177,2026-08-27,2365,1.77,1.77,0.0,0.53,0.35,0.89,0.0,49,35,243,1113,1479
177,2026-08-28,2015,1.51,1.51,0.0,0.45,0.3,0.76,0.0,34,24,135,1247,3035
177,2026-08-28,2015,1.51,1.51,0.0,0.45,0.3,0.76,0.0,34,24,135,1247,3035
177,2026-08-29,19045,14.28,14.28,0.0,4.28,2.86,7.14,0.0,20,45,243,1132,1721
177,2026-08-30,13864,10.4,10.4,0.0,3.12,2.08,5.2,0.0,25,8,188,1219,1400
177,2026-08-31,17611,13.21,13.21,0.0,3.96,2.64,6.61,0.0,6,12,209,1213,1681
177,2026-09-01,2990,2.24,2.24,0.0,0.67,0.45,1.12,0.0,37,0,61,1342,1213
177,2026-09-02,7966,5.97,5.97,0.0,1.79,1.19,2.98,0.0,32,36,191,1181,2085
177,2026-09-03,15865,11.9,11.9,0.0,3.57,2.38,5.95,0.0,31,15,97,1297,2580
177,2026-09-04,18124,13.59,13.59,0.0,4.08,2.72,6.79,0.0,48,12,206,1174,1456
177,2026-09-05,18666,14.0,14.0,0.0,4.2,2.8,7.0,0.0,31,1,171,1237,1979
177,2026-09-06,11021,8.27,8.27,0.0,2.48,1.65,4.13,0.0,55,38,233,1114,3027
177,2026-09-07,15593,11.69,11.69,0.0,3.51,2.34,5.84,0.0,29,29,97,1285,1865
177,2026-09-08,19956,14.97,14.97,0.0,4.49,2.99,7.49,0.0,30,1,244,1165,1414
177,2026-09-09,2326,1.74,1.74,0.0,0.52,0.35,0.87,0.0,1,4,186,1249,2299
177,2026-09-10,16835,12.63,12.63,0.0,3.79,2.53,6.32,0.0,10,30,143,1257,1700
177,2026-09-11,16108,12.08,12.08,0.0,3.62,2.42,6.04,0.0,29,44,131,1236,2361
177,2026-09-12,6564,4.92,4.92,0.0,1.48,0.98,2.46,0.0,44,30,243,1123,2124
177,2026-09-13,17943,13.46,13.46,0.0,4.04,2.69,6.73,0.0,30,15,160,1235,2497
177,2026-09-14,18650,13.99,13.99,0.0,4.2,2.8,7.0,0.0,10,19,96,1315,1135
177,2026-09-15,4625,3.47,3.47,0.0,1.04,0.69,1.74,0.0,47,22,127,1244,3109
177,2026-09-16,8589,6.44,6.44,0.0,1.93,1.29,3.22,0.0,1,37,239,1163,2877
177,2026-09-17,3529,2.65,2.65,0.0,0.79,0.53,1.32,0.0,21,32,92,1295,1707
177,2026-09-18,12299,9.22,9.22,0.0,2.77,1.84,4.61,0.0,17,12,177,1234,1805
177,2026-09-19,19390,14.54,14.54,0.0,4.36,2.91,7.27,0.0,20,42,176,1202,1125
177,2026-09-20,2141,1.61,1.61,0.0,0.48,0.32,0.81,0.0,57,35,108,1240,1740
177,2026-09-21,4529,3.4,3.4,0.0,1.02,0.68,1.7,0.0,25,2,196,1217,2224
177,2026-09-22,13267,9.95,9.95,0.0,2.98,1.99,4.97,0.0,1,17,95,1327,2383
177,2026-09-23,14715,11.04,11.04,0.0,3.31,2.21,5.52,0.0,50,42,250,1098,1391
177,2026-09-24,9078,6.81,6.81,0.0,2.04,1.36,3.4,0.0,44,16,64,1316,1463
177,2026-09-25,11177,8.38,8.38,0.0,2.51,1.68,4.19,0.0,10,43,75,1312,2976
177,2026-09-26,11149,8.36,8.36,0.0,2.51,1.67,4.18,0.0,12,12,225,1191,1759
177,2026-09-27,5257,3.94,3.94,0.0,1.18,0.79,1.97,0.0,51,41,63,1285,2778
177,2026-09-28,7882,5.91,5.91,0.0,1.77,1.18,2.96,0.0,47,20,99,1274,2265
177,2026-09-29,8844,6.63,6.63,0.0,1.99,1.33,3.31,0.0,24,22,150,1244,1211
177,2026-09-30,10331,7.75,7.75,0.0,2.32,1.55,3.88,0.0,46,25,250,1119,1210
177,2026-10-01,12260,9.2,9.2,0.0,2.76,1.84,4.6,0.0,18,29,75,1318,1913
177,2026-10-02,19259,14.44,14.44,0.0,4.33,2.89,7.22,0.0,11,24,191,1214,1054
177,2026-10-03,12918,9.69,9.69,0.0,2.91,1.94,4.84,0.0,38,0,223,1179,1053
177,2026-10-04,3687,2.77,2.77,0.0,0.83,0.55,1.39,0.0,51,34,117,1238,1951
178,2026-08-16,5340,4.0,4.0,0.0,1.2,0.8,2.0,0.0,40,30,152,1218,2948
178,2026-08-17,12793,9.59,9.59,0.0,2.88,1.92,4.79,0.0,2,14,124,1300,3070
178,2026-08-18,12257,9.19,9.19,0.0,2.76,1.84,4.59,0.0,5,34,217,1184,2234
178,2026-08-19,8842,6.63,6.63,0.0,1.99,1.33,3.31,0.0,4,18,159,1259,1883
178,2026-08-20,7292,5.47,5.47,0.0,1.64,1.09,2.73,0.0,8,30,153,1249,2175
178,2026-08-21,1183,0.89,0.89,0.0,0.27,0.18,0.45,0.0,10,19,193,1218,2534
178,2026-08-22,3994,3.0,3.0,0.0,0.9,0.6,1.5,0.0,24,38,118,1260,2897
178,2026-08-23,9474,7.11,7.11,0.0,2.13,1.42,3.56,0.0,55,29,218,1138,3143
178,2026-08-24,12474,9.36,9.36,0.0,2.81,1.87,4.68,0.0,34,16,243,1147,1504
178,2026-08-25,4318,3.24,3.24,0.0,0.97,0.65,1.62,0.0,33,28,189,1190,3033
178,2026-08-26,4716,3.54,3.54,0.0,1.06,0.71,1.77,0.0,51,1,126,1262,1676
178,2026-08-27,1573,1.18,1.18,0.0,0.35,0.24,0.59,0.0,23,25,89,1303,2705
178,2026-08-28,1259,0.94,0.94,0.0,0.28,0.19,0.47,0.0,34,25,140,1241,2152
178,2026-08-29,18831,14.12,14.12,0.0,4.24,2.82,7.06,0.0,35,7,84,1314,2464
178,2026-08-30,4353,3.26,3.26,0.0,0.98,0.65,1.63,0.0,22,19,173,1226,2545
178,2026-08-31,3855,2.89,2.89,0.0,0.87,0.58,1.45,0.0,46,38,184,1172,2835
178,2026-09-01,10160,7.62,7.62,0.0,2.29,1.52,3.81,0.0,23,32,193,1192,1611
178,2026-09-02,4648,3.49,3.49,0.0,1.05,0.7,1.75,0.0,16,25,109,1290,2798
178,2026-09-03,18269,13.7,13.7,0.0,4.11,2.74,6.85,0.0,60,5,130,1245,2650
178,2026-09-04,19388,14.54,14.54,0.0,4.36,2.91,7.27,0.0,54,6,157,1223,1187
178,2026-09-05,19388,14.54,14.54,0.0,4.36,2.91,7.27,0.0,15,42,73,1310,2364
178,2026-09-06,11070,8.3,8.3,0.0,2.49,1.66,4.15,0.0,53,22,195,1170,2404
178,2026-09-07,2662,2.0,2.0,0.0,0.6,0.4,1.0,0.0,55,24,164,1197,1498
178,2026-09-08,9533,7.15,7.15,0.0,2.15,1.43,3.58,0.0,35,14,168,1223,2253
178,2026-09-09,15283,11.46,11.46,0.0,3.44,2.29,5.73,0.0,18,14,207,1201,1553
178,2026-09-10,14854,11.14,11.14,0.0,3.34,2.23,5.57,0.0,59,8,138,1235,1801
178,2026-09-11,17588,13.19,13.19,0.0,3.96,2.64,6.59,0.0,40,1,226,1173,1109
178,2026-09-12,18467,13.85,13.85,0.0,4.15,2.77,6.92,0.0,60,3,88,1289,1151
178,2026-09-13,6322,4.74,4.74,0.0,1.42,0.95,2.37,0.0,58,30,96,1256,1528
178,2026-09-14,5854,4.39,4.39,0.0,1.32,0.88,2.19,0.0,34,24,87,1295,2059
178,2026-09-15,6322,4.74,4.74,0.0,1.42,0.95,2.37,0.0,24,7,200,1209,2488
178,2026-09-16,5146,3.86,3.86,0.0,1.16,0.77,1.93,0.0,15,14,235,1176,1205
178,2026-09-17,5842,4.38,4.38,0.0,1.31,0.88,2.19,0.0,31,40,199,1170,2654
178,2026-09-18,15526,11.64,11.64,0.0,3.49,2.33,5.82,0.0,43,27,77,1293,1397
178,2026-09-19,9678,7.26,7.26,0.0,2.18,1.45,3.63,0.0,7,7,95,1331,2563
178,2026-09-20,18389,13.79,13.79,0.0,4.14,2.76,6.89,0.0,45,10,205,1180,1734
178,2026-09-21,9272,6.95,6.95,0.0,2.08,1.39,3.48,0.0,12,4,74,1350,2584
178,2026-09-22,9143,6.86,6.86,0.0,2.06,1.37,3.43,0.0,6,7,213,1214,2552
178,2026-09-23,16459,12.34,12.34,0.0,3.7,2.47,6.17,0.0,10,29,82,1319,2792
178,2026-09-24,18928,14.2,14.2,0.0,4.26,2.84,7.1,0.0,45,38,86,1271,2198
178,2026-09-25,18611,13.96,13.96,0.0,4.19,2.79,6.98,0.0,33,45,90,1272,1726
178,2026-09-26,2494,1.87,1.87,0.0,0.56,0.37,0.94,0.0,24,33,140,1243,2920
178,2026-09-27,18245,13.68,13.68,0.0,4.1,2.74,6.84,0.0,32,10,231,1167,2506
178,2026-09-28,16109,12.08,12.08,0.0,3.62,2.42,6.04,0.0,20,17,91,1312,1578
178,2026-09-29,14307,10.73,10.73,0.0,3.22,2.15,5.37,0.0,27,29,137,1247,1960
178,2026-09-30,19336,14.5,14.5,0.0,4.35,2.9,7.25,0.0,45,32,145,1218,1367
178,2026-10-01,14021,10.52,10.52,0.0,3.16,2.1,5.26,0.0,50,27,123,1240,2527
178,2026-10-02,18939,14.2,14.2,0.0,4.26,2.84,7.1,0.0,43,25,208,1164,1320
178,2026-10-03,3820,2.87,2.87,0.0,0.86,0.57,1.44,0.0,22,0,125,1293,3095
178,2026-10-04,4386,3.29,3.29,0.0,0.99,0.66,1.65,0.0,47,26,222,1145,1205
179,2026-08-16,16495,12.37,12.37,0.0,3.71,2.47,6.18,0.0,28,44,194,1174,1858
179,2026-08-17,6193,4.64,4.64,0.0,1.39,0.93,2.32,0.0,4,26,108,1302,3186
179,2026-08-18,16565,12.42,12.42,0.0,3.73,2.48,6.21,0.0,42,31,93,1274,1069
179,2026-08-19,15099,11.32,11.32,0.0,3.4,2.26,5.66,0.0,10,40,121,1269,2068
179,2026-08-20,13380,10.04,10.04,0.0,3.01,2.01,5.02,0.0,10,36,231,1163,2849
179,2026-08-21,7667,5.75,5.75,0.0,1.72,1.15,2.88,0.0,8,11,227,1194,1672
179,2026-08-22,11143,8.36,8.36,0.0,2.51,1.67,4.18,0.0,43,9,169,1219,2099
179,2026-08-23,12039,9.03,9.03,0.0,2.71,1.81,4.51,0.0,16,3,118,1303,1305
179,2026-08-24,5698,4.27,4.27,0.0,1.28,0.85,2.13,0.0,24,32,89,1295,1805
179,2026-08-25,13833,10.37,10.37,0.0,3.11,2.07,5.18,0.0,20,35,164,1221,2288
179,2026-08-26,16062,12.05,12.05,0.0,3.62,2.41,6.03,0.0,22,11,164,1243,3167
179,2026-08-27,14092,10.57,10.57,0.0,3.17,2.11,5.29,0.0,4,16,71,1349,2228
179,2026-08-28,3581,2.69,2.69,0.0,0.81,0.54,1.34,0.0,52,23,142,1223,2226
179,2026-08-29,15118,11.34,11.34,0.0,3.4,2.27,5.67,0.0,19,9,184,1228,1074
179,2026-08-30,11323,8.49,8.49,0.0,2.55,1.7,4.25,0.0,0,26,108,1306,2598
179,2026-08-31,18765,14.07,14.07,0.0,4.22,2.81,7.04,0.0,43,36,170,1191,1251
179,2026-09-01,9499,7.12,7.12,0.0,2.14,1.42,3.56,0.0,17,5,151,1267,3150
179,2026-09-02,18187,13.64,13.64,0.0,4.09,2.73,6.82,0.0,51,31,123,1235,3183
179,2026-09-03,9949,7.46,7.46,0.0,2.24,1.49,3.73,0.0,7,9,124,1300,2737
179,2026-09-04,1418,1.06,1.06,0.0,0.32,0.21,0.53,0.0,34,30,210,1166,1213
179,2026-09-05,17822,13.37,13.37,0.0,4.01,2.67,6.68,0.0,44,34,211,1151,1731
179,2026-09-05,17822,13.37,13.37,0.0,4.01,2.67,6.68,0.0,44,34,211,1151,1731
179,2026-09-06,10054,7.54,7.54,0.0,2.26,1.51,3.77,0.0,9,11,129,1291,1924
179,2026-09-07,1848,1.39,1.39,0.0,0.42,0.28,0.69,0.0,32,19,60,1329,2936
179,2026-09-08,9668,7.25,7.25,0.0,2.17,1.45,3.62,0.0,44,29,109,1258,1222
179,2026-09-09,18274,13.71,13.71,0.0,4.11,2.74,6.86,0.0,25,11,70,1334,2142
179,2026-09-10,5705,4.28,4.28,0.0,1.28,0.86,2.14,0.0,45,35,229,1131,1365
179,2026-09-11,15241,11.43,11.43,0.0,3.43,2.29,5.71,0.0,50,42,103,1245,1739
179,2026-09-12,16093,12.07,12.07,0.0,3.62,2.41,6.04,0.0,29,16,66,1329,3007
179,2026-09-13,12988,9.74,9.74,0.0,2.92,1.95,4.87,0.0,44,28,172,1196,2216
179,2026-09-14,10584,7.94,7.94,0.0,2.38,1.59,3.97,0.0,52,1,155,1232,2672
179,2026-09-15,16983,12.74,12.74,0.0,3.82,2.55,6.37,0.0,11,37,72,1320,1649
179,2026-09-16,17774,13.33,13.33,0.0,4.0,2.67,6.67,0.0,36,31,234,1139,3199
179,2026-09-17,11234,8.43,8.43,0.0,2.53,1.69,4.21,0.0,10,33,173,1224,3180
179,2026-09-18,5069,3.8,3.8,0.0,1.14,0.76,1.9,0.0,11,37,71,1321,2706
179,2026-09-19,4319,3.24,3.24,0.0,0.97,0.65,1.62,0.0,35,14,145,1246,1593
179,2026-09-20,3999,3.0,3.0,0.0,0.9,0.6,1.5,0.0,47,33,228,1132,2541
179,2026-09-21,8456,6.34,6.34,0.0,1.9,1.27,3.17,0.0,33,6,233,1168,2666
179,2026-09-22,4448,3.34,3.34,0.0,1.0,0.67,1.67,0.0,7,36,110,1287,2417
179,2026-09-23,18657,13.99,13.99,0.0,4.2,2.8,7.0,0.0,33,18,174,1215,2514
179,2026-09-24,8006,6.0,6.0,0.0,1.8,1.2,3.0,0.0,1,7,113,1319,1262
179,2026-09-25,8564,6.42,6.42,0.0,1.93,1.28,3.21,0.0,43,41,172,1184,2378
179,2026-09-26,6868,5.15,5.15,0.0,1.55,1.03,2.58,0.0,29,41,72,1298,2288
179,2026-09-26,6868,5.15,5.15,0.0,1.55,1.03,2.58,0.0,29,41,72,1298,2288
179,2026-09-27,9014,6.76,6.76,0.0,2.03,1.35,3.38,0.0,54,8,142,1236,2688
179,2026-09-28,1424,1.07,1.07,0.0,0.32,0.21,0.54,0.0,25,9,64,1342,1355
179,2026-09-29,10270,7.7,7.7,0.0,2.31,1.54,3.85,0.0,34,6,197,1203,2591
179,2026-09-30,11406,8.55,8.55,0.0,2.56,1.71,4.28,0.0,27,32,176,1205,-100
179,2026-10-01,10385,7.79,7.79,0.0,2.34,1.56,3.9,0.0,49,40,69,1282,1447
179,2026-10-02,17071,12.8,12.8,0.0,3.84,2.56,6.4,0.0,31,32,215,1162,1967
179,2026-10-03,2907,2.18,2.18,0.0,0.65,0.44,1.09,0.0,31,10,195,1204,2249
179,2026-10-04,14035,10.53,10.53,0.0,3.16,2.11,5.26,0.0,11,17,186,1226,3020
180,2026-08-16,1832,1.37,1.37,0.0,0.41,0.27,0.69,0.0,58,32,193,1157,3043
180,2026-08-17,7660,5.75,5.75,0.0,1.72,1.15,2.88,0.0,15,38,125,1262,1813
180,2026-08-18,7757,5.82,5.82,0.0,1.75,1.16,2.91,0.0,18,23,250,1149,2624
180,2026-08-19,5268,3.95,3.95,0.0,1.19,0.79,1.98,0.0,57,11,199,1173,1562
180,2026-08-20,15762,11.82,11.82,0.0,3.55,2.36,5.91,0.0,46,23,236,1135,1590
180,2026-08-21,16496,12.37,12.37,0.0,3.71,2.47,6.18,0.0,51,1,108,1280,1991
180,2026-08-22,5897,4.42,4.42,0.0,1.33,0.88,2.21,0.0,30,27,131,1252,2699
180,2026-08-23,3037,2.28,2.28,0.0,0.68,0.46,1.14,0.0,32,1,249,1158,1217
180,2026-08-24,11444,8.58,8.58,0.0,2.57,1.72,4.29,0.0,57,15,218,1150,3174
180,2026-08-25,17221,12.92,12.92,0.0,3.88,2.58,6.46,0.0,6,32,100,1302,1078
180,2026-08-26,2157,1.62,1.62,0.0,0.49,0.32,0.81,0.0,24,9,158,1249,1543
180,2026-08-26,2157,1.62,1.62,0.0,0.49,0.32,0.81,0.0,24,9,158,1249,1543
180,2026-08-27,7408,5.56,5.56,0.0,1.67,1.11,2.78,0.0,7,36,107,1290,2504
180,2026-08-28,14172,10.63,10.63,0.0,3.19,2.13,5.32,0.0,55,24,178,1183,2120
180,2026-08-29,19524,14.64,14.64,0.0,4.39,2.93,7.32,0.0,52,15,142,1231,1875
180,2026-08-30,8296,6.22,6.22,0.0,1.87,1.24,3.11,0.0,30,42,226,1142,1474
180,2026-08-31,17360,13.02,13.02,0.0,3.91,2.6,6.51,0.0,42,24,150,1224,1788
180,2026-09-01,14222,10.67,10.67,0.0,3.2,2.13,5.33,0.0,9,34,228,1169,2743
180,2026-09-02,4902,3.68,3.68,0.0,1.1,0.74,1.84,0.0,8,6,197,1229,1194
180,2026-09-03,10486,7.86,7.86,0.0,2.36,1.57,3.93,0.0,55,20,183,1182,1001
180,2026-09-04,12694,9.52,9.52,0.0,2.86,1.9,4.76,0.0,11,24,226,1179,1631
180,2026-09-04,12694,9.52,9.52,0.0,2.86,1.9,4.76,0.0,11,24,226,1179,1631
180,2026-09-05,18111,13.58,13.58,0.0,4.07,2.72,6.79,0.0,11,17,142,1270,2982
180,2026-09-06,16199,12.15,12.15,0.0,3.65,2.43,6.08,0.0,60,35,66,1279,1751
180,2026-09-07,17054,12.79,12.79,0.0,3.84,2.56,6.39,0.0,25,18,124,1273,2665
180,2026-09-08,12129,9.1,9.1,0.0,2.73,1.82,4.55,0.0,42,0,236,1162,2632
180,2026-09-09,8033,6.02,6.02,0.0,1.81,1.2,3.01,0.0,30,36,247,1127,1329
180,2026-09-10,2680,2.01,2.01,0.0,0.6,0.4,1.0,0.0,17,35,131,1257,2763
180,2026-09-11,3194,2.4,2.4,0.0,0.72,0.48,1.2,0.0,16,44,229,1151,3140
180,2026-09-12,9316,6.99,6.99,0.0,2.1,1.4,3.5,0.0,19,45,225,1151,2974
180,2026-09-13,17806,13.35,13.35,0.0,4.0,2.67,6.67,0.0,41,38,138,1223,2061
180,2026-09-14,10851,8.14,8.14,0.0,2.44,1.63,4.07,0.0,41,40,215,1144,1562
180,2026-09-15,5270,3.95,3.95,0.0,1.19,0.79,1.98,0.0,52,18,98,1272,2373
180,2026-09-16,1227,0.92,0.92,0.0,0.28,0.18,0.46,0.0,55,23,132,1230,2221
180,2026-09-17,3157,2.37,2.37,0.0,0.71,0.47,1.19,0.0,1,8,177,1254,1518
180,2026-09-18,15809,11.86,11.86,0.0,3.56,2.37,5.93,0.0,48,25,189,1178,2518
180,2026-09-19,2185,1.64,1.64,0.0,0.49,0.33,0.82,0.0,4,31,200,1205,1612
180,2026-09-20,1080,0.81,0.81,0.0,0.24,0.16,0.41,0.0,29,27,94,1290,2603
180,2026-09-21,6775,5.08,5.08,0.0,1.52,1.02,2.54,0.0,5,3,238,1194,-100
180,2026-09-22,1805,1.35,1.35,0.0,0.41,0.27,0.68,0.0,13,11,176,1240,1077
180,2026-09-23,16665,12.5,12.5,0.0,3.75,2.5,6.25,0.0,46,2,132,1260,2321
180,2026-09-24,16632,12.47,12.47,0.0,3.74,2.49,6.24,0.0,45,33,180,1182,1607
180,2026-09-25,5141,3.86,3.86,0.0,1.16,0.77,1.93,0.0,52,42,133,1213,2508
180,2026-09-26,17566,13.17,13.17,0.0,3.95,2.63,6.58,0.0,53,25,113,1249,2459
180,2026-09-27,14619,10.96,10.96,0.0,3.29,2.19,5.48,0.0,57,3,104,1276,1603
180,2026-09-28,17851,13.39,13.39,0.0,4.02,2.68,6.7,0.0,37,5,90,1308,1623
180,2026-09-29,10191,7.64,7.64,0.0,2.29,1.53,3.82,0.0,60,39,231,1110,1950
180,2026-09-30,11239,8.43,8.43,0.0,2.53,1.69,4.21,0.0,20,31,93,1296,1754
180,2026-09-30,11239,8.43,8.43,0.0,2.53,1.69,4.21,0.0,20,31,93,1296,1754
180,2026-10-01,14244,10.68,10.68,0.0,3.2,2.14,5.34,0.0,11,4,63,1362,3089
180,2026-10-02,13898,10.42,10.42,0.0,3.13,2.08,5.21,0.0,57,12,106,1265,2738
180,2026-10-03,17643,13.23,13.23,0.0,3.97,2.65,6.62,0.0,44,16,154,1226,1785
180,2026-10-04,18403,13.8,13.8,0.0,4.14,2.76,6.9,0.0,46,30,222,1142,2045
181,2026-08-16,9228,6.92,6.92,0.0,2.08,1.38,3.46,0.0,20,5,217,1198,2645
181,2026-08-17,1213,0.91,0.91,0.0,0.27,0.18,0.46,0.0,19,27,152,1242,1258
181,2026-08-18,8068,6.05,6.05,0.0,1.81,1.21,3.02,0.0,23,30,155,1232,1565
181,2026-08-19,17524,13.14,13.14,0.0,3.94,2.63,6.57,0.0,52,24,238,1126,1255
181,2026-08-20,7641,5.73,5.73,0.0,1.72,1.15,2.87,0.0,0,23,94,1323,1447
181,2026-08-21,8446,6.33,6.33,0.0,1.9,1.27,3.17,0.0,32,13,73,1322,1036
181,2026-08-22,1231,0.92,0.92,0.0,0.28,0.18,0.46,0.0,19,27,240,1154,2891
181,2026-08-23,11739,8.8,8.8,0.0,2.64,1.76,4.4,0.0,6,14,146,1274,1435
181,2026-08-24,11433,8.57,8.57,0.0,2.57,1.71,4.29,0.0,6,44,235,1155,2260
181,2026-08-25,18832,14.12,14.12,0.0,4.24,2.82,7.06,0.0,55,40,200,1145,3135
181,2026-08-26,17528,13.15,13.15,0.0,3.94,2.63,6.58,0.0,7,11,226,1196,2833
181,2026-08-27,4121,3.09,3.09,0.0,0.93,0.62,1.54,0.0,29,31,82,1298,2726
181,2026-08-28,16982,12.74,12.74,0.0,3.82,2.55,6.37,0.0,0,3,199,1238,1765
181,2026-08-29,7089,5.32,5.32,0.0,1.6,1.06,2.66,0.0,5,10,101,1324,1718
181,2026-08-30,4379,3.28,3.28,0.0,0.98,0.66,1.64,0.0,51,4,225,1160,2028
181,2026-08-31,9900,7.42,7.42,0.0,2.23,1.48,3.71,0.0,16,10,211,1203,2382
181,2026-09-01,9762,7.32,7.32,0.0,2.2,1.46,3.66,0.0,15,27,238,1160,2414
181,2026-09-02,2442,1.83,1.83,0.0,0.55,0.37,0.92,0.0,9,23,67,1341,2622
181,2026-09-03,16430,12.32,12.32,0.0,3.7,2.46,6.16,0.0,15,24,90,1311,2417
181,2026-09-04,8847,6.64,6.64,0.0,1.99,1.33,3.32,0.0,0,23,212,1205,2003
181,2026-09-05,8628,6.47,6.47,0.0,1.94,1.29,3.23,0.0,35,27,224,1154,2088
181,2026-09-06,6228,4.67,4.67,0.0,1.4,0.93,2.33,0.0,49,18,229,1144,2936
181,2026-09-07,17512,13.13,13.13,0.0,3.94,2.63,6.57,0.0,16,18,211,1195,2570
181,2026-09-08,6657,4.99,4.99,0.0,1.5,1.0,2.5,0.0,58,16,228,1138,1385
181,2026-09-09,17944,13.46,13.46,0.0,4.04,2.69,6.73,0.0,3,41,63,1333,3178
181,2026-09-10,16285,12.21,12.21,0.0,3.66,2.44,6.11,0.0,60,37,208,1135,2529
181,2026-09-11,11658,8.74,8.74,0.0,2.62,1.75,4.37,0.0,36,3,246,1155,1076
181,2026-09-12,7281,5.46,5.46,0.0,1.64,1.09,2.73,0.0,39,9,118,1274,1147
181,2026-09-13,15522,11.64,11.64,0.0,3.49,2.33,5.82,0.0,17,5,80,1338,3123
181,2026-09-14,7324,5.49,5.49,0.0,1.65,1.1,2.75,0.0,40,44,224,1132,2254
181,2026-09-15,12184,9.14,9.14,0.0,2.74,1.83,4.57,0.0,7,10,227,1196,2092
181,2026-09-16,4031,3.02,3.02,0.0,0.91,0.6,1.51,0.0,38,11,236,1155,1215
181,2026-09-17,11358,8.52,8.52,0.0,2.56,1.7,4.26,0.0,38,26,156,1220,1540
181,2026-09-18,9882,7.41,7.41,0.0,2.22,1.48,3.71,0.0,33,39,211,1157,2857
181,2026-09-19,13625,10.22,10.22,0.0,3.07,2.04,5.11,0.0,10,38,111,1281,1127
181,2026-09-20,7249,5.44,5.44,0.0,1.63,1.09,2.72,0.0,1,11,215,1213,1485
181,2026-09-21,19799,14.85,14.85,0.0,4.46,2.97,7.42,0.0,38,3,163,1236,1165
181,2026-09-22,19379,14.53,14.53,0.0,4.36,2.91,7.26,0.0,26,10,126,1278,2225
181,2026-09-23,3422,2.57,2.57,0.0,0.77,0.51,1.28,0.0,52,6,160,1222,1148
181,2026-09-24,6575,4.93,4.93,0.0,1.48,0.99,2.46,0.0,6,11,204,1219,1695
181,2026-09-25,3901,2.93,2.93,0.0,0.88,0.59,1.47,0.0,16,34,239,1151,1761
181,2026-09-26,7622,5.72,5.72,0.0,1.72,1.14,2.86,0.0,35,32,126,1247,2427
181,2026-09-27,10110,7.58,7.58,0.0,2.27,1.52,3.79,0.0,39,25,174,1202,1395
181,2026-09-28,14972,11.23,11.23,0.0,3.37,2.25,5.62,0.0,58,18,107,1257,3079
181,2026-09-29,19647,14.74,14.74,0.0,4.42,2.95,7.37,0.0,8,13,111,1308,2358
181,2026-09-30,6749,5.06,5.06,0.0,1.52,1.01,2.53,0.0,45,21,115,1259,2963
181,2026-10-01,11591,8.69,8.69,0.0,2.61,1.74,4.34,0.0,41,27,230,1142,2797
181,2026-10-02,8980,6.74,6.74,0.0,2.02,1.35,3.37,0.0,42,17,94,1287,2709
181,2026-10-03,17903,13.43,13.43,0.0,4.03,2.69,6.71,0.0,45,40,179,1176,2167
181,2026-10-04,18000,13.5,13.5,0.0,4.05,2.7,6.75,0.0,58,31,130,1221,1092
182,2026-08-16,5436,4.08,4.08,0.0,1.22,0.82,2.04,0.0,26,25,65,1324,1949
182,2026-08-17,7496,5.62,5.62,0.0,1.69,1.12,2.81,0.0,20,3,237,1180,2231
182,2026-08-18,10270,7.7,7.7,0.0,2.31,1.54,3.85,0.0,28,36,121,1255,1213
182,2026-08-19,16041,12.03,12.03,0.0,3.61,2.41,6.01,0.0,23,23,103,1291,3034
182,2026-08-20,12582,9.44,9.44,0.0,2.83,1.89,4.72,0.0,4,10,176,1250,2348
182,2026-08-21,14727,11.05,11.05,0.0,3.31,2.21,5.53,0.0,47,32,188,1173,2648
182,2026-08-22,15055,11.29,11.29,0.0,3.39,2.26,5.64,0.0,43,28,185,1184,2009
182,2026-08-23,1948,1.46,1.46,0.0,0.44,0.29,0.73,0.0,19,21,97,1303,2216
182,2026-08-24,17398,13.05,13.05,0.0,3.92,2.61,6.53,0.0,1,20,124,1295,2240
182,2026-08-25,6813,5.11,5.11,0.0,1.53,1.02,2.56,0.0,57,27,231,1125,1859
182,2026-08-26,6000,4.5,4.5,0.0,1.35,0.9,2.25,0.0,59,43,174,1164,1618
182,2026-08-27,6107,4.58,4.58,0.0,1.37,0.92,2.29,0.0,47,8,245,1140,1359
182,2026-08-28,7717,5.79,5.79,0.0,1.74,1.16,2.9,0.0,18,16,171,1235,3105
182,2026-08-29,18729,14.05,14.05,0.0,4.21,2.81,7.03,0.0,10,30,83,1317,1521
182,2026-08-30,1292,0.97,0.97,0.0,0.29,0.19,0.48,0.0,13,19,211,1197,1017
182,2026-08-31,6185,4.64,4.64,0.0,1.39,0.93,2.32,0.0,2,25,140,1273,1880
182,2026-09-01,3091,2.32,2.32,0.0,0.7,0.46,1.16,0.0,56,18,85,1281,3069
182,2026-09-02,4560,3.42,3.42,0.0,1.03,0.68,1.71,0.0,17,17,75,1331,1343
182,2026-09-03,8911,6.68,6.68,0.0,2.0,1.34,3.34,0.0,4,1,236,1199,2207
182,2026-09-04,6618,4.96,4.96,0.0,1.49,0.99,2.48,0.0,16,34,168,1222,1897
182,2026-09-05,7156,5.37,5.37,0.0,1.61,1.07,2.69,0.0,47,8,174,1211,2971
182,2026-09-06,6211,4.66,4.66,0.0,1.4,0.93,2.33,0.0,60,40,227,1113,1195
182,2026-09-07,5506,4.13,4.13,0.0,1.24,0.83,2.06,0.0,58,37,231,1114,2207
182,2026-09-08,1572,1.18,1.18,0.0,0.35,0.24,0.59,0.0,1,33,172,1234,3096
182,2026-09-09,4837,3.63,3.63,0.0,1.09,0.73,1.81,0.0,40,16,163,1221,2062
182,2026-09-10,11582,8.69,8.69,0.0,2.61,1.74,4.34,0.0,1,16,149,1274,2830
182,2026-09-11,10468,7.85,7.85,0.0,2.35,1.57,3.92,0.0,14,25,183,1218,1761
182,2026-09-12,11445,8.58,8.58,0.0,2.57,1.72,4.29,0.0,46,34,206,1154,2199
182,2026-09-13,1324,0.99,0.99,0.0,0.3,0.2,0.49,0.0,44,19,218,1159,1660
182,2026-09-14,17815,13.36,13.36,0.0,4.01,2.67,6.68,0.0,27,33,90,1290,1278
182,2026-09-15,4836,3.63,3.63,0.0,1.09,0.73,1.81,0.0,45,20,80,1295,2252
182,2026-09-16,17151,12.86,12.86,0.0,3.86,2.57,6.43,0.0,54,6,92,1288,2074
182,2026-09-17,7751,5.81,5.81,0.0,1.74,1.16,2.9,0.0,0,10,180,1250,2092
182,2026-09-18,15226,11.42,11.42,0.0,3.43,2.28,5.71,0.0,4,9,154,1273,2009
182,2026-09-19,3431,2.57,2.57,0.0,0.77,0.51,1.28,0.0,11,7,205,1217,1583
182,2026-09-20,14392,10.79,10.79,0.0,3.24,2.16,5.39,0.0,18,9,129,1284,2629
182,2026-09-21,3012,2.26,2.26,0.0,0.68,0.45,1.13,0.0,32,38,154,1216,2891
182,2026-09-22,12715,9.54,9.54,0.0,2.86,1.91,4.77,0.0,48,37,235,1120,3100
182,2026-09-23,1749,1.31,1.31,0.0,0.39,0.26,0.66,0.0,12,8,103,1317,1458
182,2026-09-24,12262,9.2,9.2,0.0,2.76,1.84,4.6,0.0,22,29,118,1271,2451
182,2026-09-25,15628,11.72,11.72,0.0,3.52,2.34,5.86,0.0,19,39,210,1172,1403
182,2026-09-26,4789,3.59,3.59,0.0,1.08,0.72,1.79,0.0,9,26,145,1260,1524
182,2026-09-27,15665,11.75,11.75,0.0,3.52,2.35,5.88,0.0,5,28,237,1170,1013
182,2026-09-28,5449,4.09,4.09,0.0,1.23,0.82,2.04,0.0,22,32,199,1187,2250
182,2026-09-29,6795,5.1,5.1,0.0,1.53,1.02,2.55,0.0,40,23,247,1130,2573
182,2026-09-30,10835,8.13,8.13,0.0,2.44,1.63,4.07,0.0,39,38,164,1199,1187
182,2026-10-01,15094,11.32,11.32,0.0,3.4,2.26,5.66,0.0,9,19,116,1296,1041
182,2026-10-02,7349,5.51,5.51,0.0,1.65,1.1,2.75,0.0,28,21,185,1206,2750
182,2026-10-03,10087,7.57,7.57,0.0,2.27,1.51,3.79,0.0,10,43,181,1206,3118
182,2026-10-04,9237,6.93,6.93,0.0,2.08,1.39,3.46,0.0,20,5,88,1327,3147
183,2026-08-16,4746,3.56,3.56,0.0,1.07,0.71,1.78,0.0,42,6,235,1157,1226
183,2026-08-17,16569,12.43,12.43,0.0,3.73,2.49,6.21,0.0,38,28,242,1132,1562
183,2026-08-18,15911,11.93,11.93,0.0,3.58,2.39,5.96,0.0,52,28,114,1246,1132
183,2026-08-19,15592,11.69,11.69,0.0,3.51,2.34,5.84,0.0,10,0,152,1278,2775
183,2026-08-20,15435,11.58,11.58,0.0,3.47,2.32,5.79,0.0,15,2,211,1212,1300
183,2026-08-21,4004,3.0,3.0,0.0,0.9,0.6,1.5,0.0,5,33,73,1329,2449
183,2026-08-22,13409,10.06,10.06,0.0,3.02,2.01,5.03,0.0,18,42,112,1268,1364
183,2026-08-23,6387,4.79,4.79,0.0,1.44,0.96,2.4,0.0,59,42,103,1236,1346
183,2026-08-24,15460,11.6,11.6,0.0,3.48,2.32,5.8,0.0,14,31,176,1219,1872
183,2026-08-25,16934,12.7,12.7,0.0,3.81,2.54,6.35,0.0,4,42,97,1297,2269
183,2026-08-26,1155,0.87,0.87,0.0,0.26,0.17,0.43,0.0,23,17,191,1209,1466
183,2026-08-27,1051,0.79,0.79,0.0,0.24,0.16,0.4,0.0,48,22,144,1226,1837
183,2026-08-28,9884,7.41,7.41,0.0,2.22,1.48,3.71,0.0,1,42,226,1171,2926
183,2026-08-29,19313,14.48,14.48,0.0,4.34,2.9,7.24,0.0,32,30,137,1241,1532
183,2026-08-30,3878,2.91,2.91,0.0,0.87,0.58,1.46,0.0,38,43,173,1186,2129
183,2026-08-31,19142,14.36,14.36,0.0,4.31,2.87,7.18,0.0,27,32,80,1301,1894
183,2026-09-01,5846,4.38,4.38,0.0,1.31,0.88,2.19,0.0,15,15,70,1340,1702
183,2026-09-02,15600,11.7,11.7,0.0,3.51,2.34,5.85,0.0,5,8,236,1191,3116
183,2026-09-03,2905,2.18,2.18,0.0,0.65,0.44,1.09,0.0,35,8,177,1220,2877
183,2026-09-04,15641,11.73,11.73,0.0,3.52,2.35,5.87,0.0,2,24,64,1350,1829
183,2026-09-05,16334,12.25,12.25,0.0,3.67,2.45,6.12,0.0,26,37,189,1188,1798
183,2026-09-06,16169,12.13,12.13,0.0,3.64,2.43,6.07,0.0,26,31,230,1153,1152
183,2026-09-07,5132,3.85,3.85,0.0,1.16,0.77,1.93,0.0,10,24,101,1305,1846
183,2026-09-08,17796,13.35,13.35,0.0,4.0,2.67,6.67,0.0,36,36,172,1196,1776
183,2026-09-09,12919,9.69,9.69,0.0,2.91,1.94,4.84,0.0,37,30,95,1278,2735
183,2026-09-10,17344,13.01,13.01,0.0,3.9,2.6,6.5,0.0,8,36,81,1315,1062
183,2026-09-11,19045,14.28,14.28,0.0,4.28,2.86,7.14,0.0,12,5,211,1212,2799
183,2026-09-12,15263,11.45,11.45,0.0,3.43,2.29,5.72,0.0,0,28,113,1299,1278
183,2026-09-13,11103,8.33,8.33,0.0,2.5,1.67,4.17,0.0,58,40,67,1275,1465
183,2026-09-14,15087,11.32,11.32,0.0,3.4,2.26,5.66,0.0,29,12,234,1165,1916
183,2026-09-15,3855,2.89,2.89,0.0,0.87,0.58,1.45,0.0,4,11,215,1210,2656
183,2026-09-16,5670,4.25,4.25,0.0,1.27,0.85,2.12,0.0,38,0,230,1172,1258
183,2026-09-17,7810,5.86,5.86,0.0,1.76,1.17,2.93,0.0,38,42,147,1213,2491
183,2026-09-18,2867,2.15,2.15,0.0,0.64,0.43,1.07,0.0,51,2,134,1253,1085
183,2026-09-19,5244,3.93,3.93,0.0,1.18,0.79,1.97,0.0,18,33,90,1299,1269
183,2026-09-20,9950,7.46,7.46,0.0,2.24,1.49,3.73,0.0,5,7,147,1281,2793
183,2026-09-21,17507,13.13,13.13,0.0,3.94,2.63,6.57,0.0,26,23,116,1275,2441
183,2026-09-22,17037,12.78,12.78,0.0,3.83,2.56,6.39,0.0,35,13,153,1239,2956
183,2026-09-23,7318,5.49,5.49,0.0,1.65,1.1,2.75,0.0,1,27,153,1259,1367
183,2026-09-24,9683,7.26,7.26,0.0,2.18,1.45,3.63,0.0,22,15,68,1335,1049
183,2026-09-25,17691,13.27,13.27,0.0,3.98,2.65,6.63,0.0,58,7,189,1186,2787
183,2026-09-26,4049,3.04,3.04,0.0,0.91,0.61,1.52,0.0,1,33,219,1187,2859
183,2026-09-27,10010,7.51,7.51,0.0,2.25,1.5,3.75,0.0,27,24,230,1159,3187
183,2026-09-28,7462,5.6,5.6,0.0,1.68,1.12,2.8,0.0,35,33,204,1168,2914
183,2026-09-28,7462,5.6,5.6,0.0,1.68,1.12,2.8,0.0,35,33,204,1168,2914
183,2026-09-29,16204,12.15,12.15,0.0,3.65,2.43,6.08,0.0,31,5,71,1333,1702
183,2026-09-30,4730,3.55,3.55,0.0,1.06,0.71,1.77,0.0,48,19,233,1140,2116
183,2026-10-01,13790,10.34,10.34,0.0,3.1,2.07,5.17,0.0,40,35,158,1207,2208
183,2026-10-02,6068,4.55,4.55,0.0,1.36,0.91,2.27,0.0,10,18,189,1223,1815
183,2026-10-03,13326,9.99,9.99,0.0,3.0,2.0,5.0,0.0,43,12,71,1314,2244
183,2026-10-04,5900,4.42,4.42,0.0,1.33,0.88,2.21,0.0,6,19,230,1185,1723
184,2026-08-16,3655,2.74,2.74,0.0,0.82,0.55,1.37,0.0,17,13,243,1167,2217
184,2026-08-17,4293,3.22,3.22,0.0,0.97,0.64,1.61,0.0,20,38,117,1265,1317
184,2026-08-18,17283,12.96,12.96,0.0,3.89,2.59,6.48,0.0,26,34,134,1246,2124
184,2026-08-19,3645,2.73,2.73,0.0,0.82,0.55,1.36,0.0,32,15,207,1186,2202
184,2026-08-20,19990,14.99,14.99,0.0,4.5,3.0,7.5,0.0,57,36,72,1275,2562
184,2026-08-21,16826,12.62,12.62,0.0,3.79,2.52,6.31,0.0,51,8,75,1306,2047
184,2026-08-22,16567,12.43,12.43,0.0,3.73,2.49,6.21,0.0,54,23,250,1113,2527
184,2026-08-23,15960,11.97,11.97,0.0,3.59,2.39,5.99,0.0,15,26,75,1324,3110
184,2026-08-24,4166,3.12,3.12,0.0,0.94,0.62,1.56,0.0,8,12,244,1176,1792
184,2026-08-25,14118,10.59,10.59,0.0,3.18,2.12,5.29,0.0,60,36,218,1126,2399
184,2026-08-26,6424,4.82,4.82,0.0,1.45,0.96,2.41,0.0,47,39,115,1239,2815
184,2026-08-27,5986,4.49,4.49,0.0,1.35,0.9,2.25,0.0,34,33,84,1289,2599
184,2026-08-27,5986,4.49,4.49,0.0,1.35,0.9,2.25,0.0,34,33,84,1289,2599
184,2026-08-28,19198,14.4,14.4,0.0,4.32,2.88,7.2,0.0,53,22,210,1155,2878
184,2026-08-29,2247,1.69,1.69,0.0,0.51,0.34,0.84,0.0,14,27,226,1173,1079
184,2026-08-30,10810,8.11,8.11,0.0,2.43,1.62,4.05,0.0,20,25,82,1313,2250
184,2026-08-31,17550,13.16,13.16,0.0,3.95,2.63,6.58,0.0,46,40,114,1240,1440
184,2026-09-01,10624,7.97,7.97,0.0,2.39,1.59,3.98,0.0,16,21,98,1305,2308
184,2026-09-02,10273,7.7,7.7,0.0,2.31,1.54,3.85,0.0,37,37,80,1286,2998
184,2026-09-03,18358,13.77,13.77,0.0,4.13,2.75,6.88,0.0,35,10,179,1216,1893
184,2026-09-04,11216,8.41,8.41,0.0,2.52,1.68,4.21,0.0,7,45,195,1193,1170
184,2026-09-05,18269,13.7,13.7,0.0,4.11,2.74,6.85,0.0,22,27,171,1220,1232
184,2026-09-06,13334,10.0,10.0,0.0,3.0,2.0,5.0,0.0,46,38,154,1202,2097
184,2026-09-07,9973,7.48,7.48,0.0,2.24,1.5,3.74,0.0,3,25,71,1341,1549
184,2026-09-08,7114,5.34,5.34,0.0,1.6,1.07,2.67,0.0,16,0,208,1216,1923
184,2026-09-09,10962,8.22,8.22,0.0,2.47,1.64,4.11,0.0,27,23,169,1221,2342
184,2026-09-10,9801,7.35,7.35,0.0,2.2,1.47,3.67,0.0,41,23,183,1193,1160
184,2026-09-11,9698,7.27,7.27,0.0,2.18,1.45,3.63,0.0,59,5,113,1263,1060
184,2026-09-12,11711,8.78,8.78,0.0,2.63,1.76,4.39,0.0,15,10,249,1166,3138
184,2026-09-13,16705,12.53,12.53,0.0,3.76,2.51,6.26,0.0,23,37,214,1166,1788
184,2026-09-14,13941,10.46,10.46,0.0,3.14,2.09,5.23,0.0,16,38,180,1206,1924
184,2026-09-15,3286,2.46,2.46,0.0,0.74,0.49,1.23,0.0,27,25,224,1164,3133
184,2026-09-16,7130,5.35,5.35,0.0,1.6,1.07,2.67,0.0,27,41,71,1301,2661
184,2026-09-17,6363,4.77,4.77,0.0,1.43,0.95,2.38,0.0,46,30,81,1283,2388
184,2026-09-18,5355,4.02,4.02,0.0,1.21,0.8,2.01,0.0,13,42,181,1204,2703
184,2026-09-19,7216,5.41,5.41,0.0,1.62,1.08,2.71,0.0,38,6,147,1249,3005
184,2026-09-20,15180,11.38,11.38,0.0,3.41,2.28,5.69,0.0,39,23,173,1205,1327
184,2026-09-21,6873,5.15,5.15,0.0,1.55,1.03,2.58,0.0,48,7,102,1283,1371
184,2026-09-22,12949,9.71,9.71,0.0,2.91,1.94,4.86,0.0,45,45,121,1229,1366
184,2026-09-23,10891,8.17,8.17,0.0,2.45,1.63,4.08,0.0,7,12,99,1322,1404
184,2026-09-24,18128,13.6,13.6,0.0,4.08,2.72,6.8,0.0,52,32,95,1261,1671
184,2026-09-25,1020,0.77,0.77,0.0,0.23,0.15,0.39,0.0,53,36,92,1259,2454
184,2026-09-26,17885,13.41,13.41,0.0,4.02,2.68,6.71,0.0,7,45,157,1231,2851
184,2026-09-27,6968,5.23,5.23,0.0,1.57,1.05,2.62,0.0,37,12,198,1193,1509
184,2026-09-28,13979,10.48,10.48,0.0,3.14,2.1,5.24,0.0,39,35,246,1120,2382
184,2026-09-29,9319,6.99,6.99,0.0,2.1,1.4,3.5,0.0,54,45,229,1112,2172
184,2026-09-30,2582,1.94,1.94,0.0,0.58,0.39,0.97,0.0,27,40,213,1160,2281
184,2026-10-01,19450,14.59,14.59,0.0,4.38,2.92,7.29,0.0,45,26,73,1296,3056
184,2026-10-02,13319,9.99,9.99,0.0,3.0,2.0,5.0,0.0,5,16,138,1281,1885
184,2026-10-03,14494,10.87,10.87,0.0,3.26,2.17,5.43,0.0,49,33,237,1121,1764
184,2026-10-04,15846,11.88,11.88,0.0,3.56,2.38,5.94,0.0,46,36,94,1264,1063
185,2026-08-16,18845,14.13,14.13,0.0,4.24,2.83,7.07,0.0,0,10,131,1299,1801
185,2026-08-17,10015,7.51,7.51,0.0,2.25,1.5,3.75,0.0,11,32,197,1200,1824
185,2026-08-18,8919,6.69,6.69,0.0,2.01,1.34,3.35,0.0,4,7,250,1179,1609
185,2026-08-19,13787,10.34,10.34,0.0,3.1,2.07,5.17,0.0,50,11,186,1193,1978
185,2026-08-20,15824,11.87,11.87,0.0,3.56,2.37,5.93,0.0,33,18,209,1180,2649
185,2026-08-21,19427,14.57,14.57,0.0,4.37,2.91,7.29,0.0,54,17,239,1130,1735
185,2026-08-22,13852,10.39,10.39,0.0,3.12,2.08,5.2,0.0,29,11,224,1176,3128
185,2026-08-23,13386,10.04,10.04,0.0,3.01,2.01,5.02,0.0,6,23,175,1236,1745
185,2026-08-24,13573,10.18,10.18,0.0,3.05,2.04,5.09,0.0,20,19,94,1307,2422
185,2026-08-25,5036,3.78,3.78,0.0,1.13,0.76,1.89,0.0,28,13,249,1150,1007
185,2026-08-26,8400,6.3,6.3,0.0,1.89,1.26,3.15,0.0,8,8,77,1347,2816
185,2026-08-27,8622,6.47,6.47,0.0,1.94,1.29,3.23,0.0,42,18,86,1294,2669
185,2026-08-28,3205,2.4,2.4,0.0,0.72,0.48,1.2,0.0,25,22,141,1252,2931
185,2026-08-29,1555,1.17,1.17,0.0,0.35,0.23,0.58,0.0,5,13,103,1319,1385
185,2026-08-30,7648,5.74,5.74,0.0,1.72,1.15,2.87,0.0,33,29,243,1135,2921
185,2026-08-31,10663,8.0,8.0,0.0,2.4,1.6,4.0,0.0,8,9,177,1246,1257
185,2026-09-01,1741,1.31,1.31,0.0,0.39,0.26,0.66,0.0,58,9,99,1274,1975
185,2026-09-02,17397,13.05,13.05,0.0,3.92,2.61,6.53,0.0,11,28,144,1257,2258
185,2026-09-03,15575,11.68,11.68,0.0,3.5,2.34,5.84,0.0,28,39,165,1208,2358
185,2026-09-04,19428,14.57,14.57,0.0,4.37,2.91,7.29,0.0,4,31,184,1221,2820
185,2026-09-05,12539,9.4,9.4,0.0,2.82,1.88,4.7,0.0,44,16,168,1212,2277
185,2026-09-06,5695,4.27,4.27,0.0,1.28,0.85,2.13,0.0,40,1,168,1231,2910
185,2026-09-07,3181,2.39,2.39,0.0,0.72,0.48,1.2,0.0,59,16,246,1119,1417
185,2026-09-08,14253,10.69,10.69,0.0,3.21,2.14,5.34,0.0,31,39,65,1305,1442
185,2026-09-09,9598,7.2,7.2,0.0,2.16,1.44,3.6,0.0,48,33,98,1261,2535
185,2026-09-10,11564,8.67,8.67,0.0,2.6,1.73,4.33,0.0,51,30,209,1150,1432
185,2026-09-11,7201,5.4,5.4,0.0,1.62,1.08,2.7,0.0,15,8,184,1233,1707
185,2026-09-12,10483,7.86,7.86,0.0,2.36,1.57,3.93,0.0,31,28,215,1166,1429
185,2026-09-13,3395,2.55,2.55,0.0,0.76,0.51,1.27,0.0,50,31,249,1110,2740
185,2026-09-14,14572,10.93,10.93,0.0,3.28,2.19,5.46,0.0,16,41,195,1188,2611
185,2026-09-15,13166,9.87,9.87,0.0,2.96,1.97,4.93,0.0,15,32,220,1173,2363
185,2026-09-16,8294,6.22,6.22,0.0,1.87,1.24,3.11,0.0,7,34,225,1174,2717
185,2026-09-17,13705,10.28,10.28,0.0,3.08,2.06,5.14,0.0,44,24,240,1132,1383
185,2026-09-18,4398,3.3,3.3,0.0,0.99,0.66,1.65,0.0,0,39,180,1221,1165
185,2026-09-19,15106,11.33,11.33,0.0,3.4,2.27,5.67,0.0,7,30,247,1156,1011
185,2026-09-20,3740,2.81,2.81,0.0,0.84,0.56,1.41,0.0,43,13,113,1271,1226
185,2026-09-21,5740,4.3,4.3,0.0,1.29,0.86,2.15,0.0,6,30,91,1313,1338
185,2026-09-22,8700,6.53,6.53,0.0,1.96,1.31,3.27,0.0,22,16,199,1203,1107
185,2026-09-23,4887,3.67,3.67,0.0,1.1,0.73,1.83,0.0,4,7,72,1357,1148
185,2026-09-24,8929,6.7,6.7,0.0,2.01,1.34,3.35,0.0,39,22,189,1190,-100
185,2026-09-25,17424,13.07,13.07,0.0,3.92,2.61,6.54,0.0,37,0,157,1246,1946
185,2026-09-26,18577,13.93,13.93,0.0,4.18,2.79,6.96,0.0,6,2,201,1231,3177
185,2026-09-27,8969,6.73,6.73,0.0,2.02,1.35,3.37,0.0,54,22,193,1171,3029
185,2026-09-28,8295,6.22,6.22,0.0,1.87,1.24,3.11,0.0,19,40,128,1253,2910
185,2026-09-29,1122,0.84,0.84,0.0,0.25,0.17,0.42,0.0,15,4,76,1345,1886
185,2026-09-30,6823,5.12,5.12,0.0,1.54,1.02,2.56,0.0,32,32,143,1233,1680
185,2026-09-30,6823,5.12,5.12,0.0,1.54,1.02,2.56,0.0,32,32,143,1233,1680
185,2026-10-01,10685,8.01,8.01,0.0,2.4,1.6,4.0,0.0,13,30,159,1238,2193
185,2026-10-02,3226,2.42,2.42,0.0,0.73,0.48,1.21,0.0,46,33,87,1274,2183
185,2026-10-03,9828,7.37,7.37,0.0,2.21,1.47,3.69,0.0,30,13,235,1162,2633
185,2026-10-03,9828,7.37,7.37,0.0,2.21,1.47,3.69,0.0,30,13,235,1162,2633
185,2026-10-04,11006,8.25,8.25,0.0,2.48,1.65,4.12,0.0,38,36,144,1222,1549
186,2026-08-16,11351,8.51,8.51,0.0,2.55,1.7,4.25,0.0,59,39,104,1238,1302
186,2026-08-17,13897,10.42,10.42,0.0,3.13,2.08,5.21,0.0,37,25,92,1286,1769
186,2026-08-18,14436,10.83,10.83,0.0,3.25,2.17,5.42,0.0,60,44,163,1173,2490
186,2026-08-19,16724,12.54,12.54,0.0,3.76,2.51,6.27,0.0,11,36,125,1268,1472
186,2026-08-20,12692,9.52,9.52,0.0,2.86,1.9,4.76,0.0,60,39,202,1139,2400
186,2026-08-21,2367,1.78,1.78,0.0,0.53,0.36,0.89,0.0,28,35,62,1315,2338
186,2026-08-22,16062,12.05,12.05,0.0,3.62,2.41,6.03,0.0,16,35,232,1157,2523
186,2026-08-23,12627,9.47,9.47,0.0,2.84,1.89,4.74,0.0,19,35,149,1237,1789
186,2026-08-24,7401,5.55,5.55,0.0,1.66,1.11,2.77,0.0,23,32,87,1298,2453
186,2026-08-25,8601,6.45,6.45,0.0,1.94,1.29,3.23,0.0,6,12,167,1255,1359
186,2026-08-26,16535,12.4,12.4,0.0,3.72,2.48,6.2,0.0,35,16,190,1199,1611
186,2026-08-27,6939,5.2,5.2,0.0,1.56,1.04,2.6,0.0,44,7,236,1153,2191
186,2026-08-28,2949,2.21,2.21,0.0,0.66,0.44,1.1,0.0,7,15,140,1278,2763
186,2026-08-29,10617,7.96,7.96,0.0,2.39,1.59,3.98,0.0,30,7,185,1218,2495
186,2026-08-30,2824,2.12,2.12,0.0,0.64,0.42,1.06,0.0,32,14,66,1328,1439
186,2026-08-31,10706,8.03,8.03,0.0,2.41,1.61,4.01,0.0,55,40,158,1187,1209
186,2026-09-01,14058,10.54,10.54,0.0,3.16,2.11,5.27,0.0,50,36,112,1242,3178
186,2026-09-02,7405,5.55,5.55,0.0,1.66,1.11,2.77,0.0,3,20,116,1301,1080
186,2026-09-03,11125,8.34,8.34,0.0,2.5,1.67,4.17,0.0,36,10,61,1333,1183
186,2026-09-04,18579,13.93,13.93,0.0,4.18,2.79,6.96,0.0,7,27,235,1171,1739
186,2026-09-05,8725,6.54,6.54,0.0,1.96,1.31,3.27,0.0,50,32,107,1251,2266
186,2026-09-06,16149,12.11,12.11,0.0,3.63,2.42,6.05,0.0,40,17,140,1243,1020
186,2026-09-07,7234,5.43,5.43,0.0,1.63,1.09,2.71,0.0,52,38,167,1183,1584
186,2026-09-08,12174,9.13,9.13,0.0,2.74,1.83,4.57,0.0,52,1,163,1224,1085
186,2026-09-09,13008,9.76,9.76,0.0,2.93,1.95,4.88,0.0,13,23,146,1258,1990
186,2026-09-10,11801,8.85,8.85,0.0,2.65,1.77,4.42,0.0,46,24,231,1139,1700
186,2026-09-11,9008,6.76,6.76,0.0,2.03,1.35,3.38,0.0,38,0,134,1268,1580
186,2026-09-12,7632,5.72,5.72,0.0,1.72,1.14,2.86,0.0,53,10,242,1135,2437
186,2026-09-13,5654,4.24,4.24,0.0,1.27,0.85,2.12,0.0,11,4,97,1328,1499
186,2026-09-14,2254,1.69,1.69,0.0,0.51,0.34,0.84,0.0,17,32,226,1165,2464
186,2026-09-15,7618,5.71,5.71,0.0,1.71,1.14,2.85,0.0,35,28,93,1284,2901
186,2026-09-16,12631,9.47,9.47,0.0,2.84,1.89,4.74,0.0,59,21,182,1178,2430
186,2026-09-17,17737,13.3,13.3,0.0,3.99,2.66,6.65,0.0,8,18,153,1261,1999
186,2026-09-18,1072,0.8,0.8,0.0,0.24,0.16,0.4,0.0,8,2,249,1181,2916
186,2026-09-19,3176,2.38,2.38,0.0,0.71,0.48,1.19,0.0,23,4,127,1286,1258
186,2026-09-20,9694,7.27,7.27,0.0,2.18,1.45,3.63,0.0,18,20,210,1192,1097
186,2026-09-21,6319,4.74,4.74,0.0,1.42,0.95,2.37,0.0,43,28,130,1239,1371
186,2026-09-21,6319,4.74,4.74,0.0,1.42,0.95,2.37,0.0,43,28,130,1239,1371
186,2026-09-22,5725,4.29,4.29,0.0,1.29,0.86,2.15,0.0,1,37,162,1240,1042
186,2026-09-23,9086,6.81,6.81,0.0,2.04,1.36,3.4,0.0,31,22,125,1262,2250
186,2026-09-24,5529,4.15,4.15,0.0,1.25,0.83,2.08,0.0,60,27,117,1236,2093
186,2026-09-25,17818,13.36,13.36,0.0,4.01,2.67,6.68,0.0,26,9,226,1179,1908
186,2026-09-26,14474,10.86,10.86,0.0,3.26,2.17,5.43,0.0,21,11,189,1219,3088
186,2026-09-27,3915,2.94,2.94,0.0,0.88,0.59,1.47,0.0,31,8,90,1311,1873
186,2026-09-28,4933,3.7,3.7,0.0,1.11,0.74,1.85,0.0,40,27,207,1166,2349
186,2026-09-29,15752,11.81,11.81,0.0,3.54,2.36,5.91,0.0,28,36,163,1213,2226
186,2026-09-30,14037,10.53,10.53,0.0,3.16,2.11,5.26,0.0,25,36,108,1271,3086
186,2026-10-01,10107,7.58,7.58,0.0,2.27,1.52,3.79,0.0,32,19,233,1156,1827
186,2026-10-02,9530,7.15,7.15,0.0,2.15,1.43,3.58,0.0,1,18,73,1348,1745
186,2026-10-03,10258,7.69,7.69,0.0,2.31,1.54,3.85,0.0,43,22,121,1254,2386
186,2026-10-04,4658,3.49,3.49,0.0,1.05,0.7,1.75,0.0,32,29,239,1140,2043
187,2026-08-16,10726,8.04,8.04,0.0,2.41,1.61,4.02,0.0,17,20,157,1246,1425
187,2026-08-17,4406,3.3,3.3,0.0,0.99,0.66,1.65,0.0,32,12,217,1179,2563
187,2026-08-18,18815,14.11,14.11,0.0,4.23,2.82,7.05,0.0,38,30,122,1250,2770
187,2026-08-19,9522,7.14,7.14,0.0,2.14,1.43,3.57,0.0,46,34,133,1227,1471
187,2026-08-20,4247,3.19,3.19,0.0,0.96,0.64,1.59,0.0,10,11,243,1176,1533
187,2026-08-21,4536,3.4,3.4,0.0,1.02,0.68,1.7,0.0,34,32,172,1202,1645
187,2026-08-22,12498,9.37,9.37,0.0,2.81,1.87,4.68,0.0,38,36,139,1227,1765
187,2026-08-23,8540,6.41,6.41,0.0,1.92,1.28,3.21,0.0,30,27,108,1275,1223
187,2026-08-24,15536,11.65,11.65,0.0,3.5,2.33,5.83,0.0,6,16,92,1326,1820
187,2026-08-25,4448,3.34,3.34,0.0,1.0,0.67,1.67,0.0,53,18,234,1135,1853
187,2026-08-26,8814,6.61,6.61,0.0,1.98,1.32,3.31,0.0,47,3,67,1323,2824
187,2026-08-27,11362,8.52,8.52,0.0,2.56,1.7,4.26,0.0,23,6,198,1213,1108
187,2026-08-28,8651,6.49,6.49,0.0,1.95,1.3,3.25,0.0,0,31,89,1320,2108
187,2026-08-29,7211,5.41,5.41,0.0,1.62,1.08,2.71,0.0,43,9,143,1245,1464
187,2026-08-30,2269,1.7,1.7,0.0,0.51,0.34,0.85,0.0,3,16,192,1229,2484
187,2026-08-31,16403,12.3,12.3,0.0,3.69,2.46,6.15,0.0,12,42,241,1145,1776
187,2026-08-31,16403,12.3,12.3,0.0,3.69,2.46,6.15,0.0,12,42,241,1145,1776
187,2026-09-01,2192,1.64,1.64,0.0,0.49,0.33,0.82,0.0,47,3,116,1274,2037
187,2026-09-02,11959,8.97,8.97,0.0,2.69,1.79,4.49,0.0,8,40,145,1247,1782
187,2026-09-03,2413,1.81,1.81,0.0,0.54,0.36,0.91,0.0,27,20,70,1323,2118
187,2026-09-04,2996,2.25,2.25,0.0,0.67,0.45,1.12,0.0,46,27,205,1162,1574
187,2026-09-05,16640,12.48,12.48,0.0,3.74,2.5,6.24,0.0,57,16,232,1135,1675
187,2026-09-06,10158,7.62,7.62,0.0,2.29,1.52,3.81,0.0,5,24,167,1244,2901
187,2026-09-07,12734,9.55,9.55,0.0,2.87,1.91,4.78,0.0,14,18,96,1312,1761
187,2026-09-08,19788,14.84,14.84,0.0,4.45,2.97,7.42,0.0,5,27,162,1246,2113
187,2026-09-09,19562,14.67,14.67,0.0,4.4,2.93,7.33,0.0,28,41,138,1233,1388
187,2026-09-10,16793,12.59,12.59,0.0,3.78,2.52,6.29,0.0,23,18,209,1190,2493
187,2026-09-11,8119,6.09,6.09,0.0,1.83,1.22,3.04,0.0,38,5,173,1224,2579
187,2026-09-12,14256,10.69,10.69,0.0,3.21,2.14,5.34,0.0,45,33,225,1137,3055
187,2026-09-13,15889,11.92,11.92,0.0,3.58,2.38,5.96,0.0,35,18,92,1295,1990
187,2026-09-14,9667,7.25,7.25,0.0,2.17,1.45,3.62,0.0,16,9,102,1313,1833
187,2026-09-15,1256,0.94,0.94,0.0,0.28,0.19,0.47,0.0,45,35,105,1255,2262
187,2026-09-16,1602,1.2,1.2,0.0,0.36,0.24,0.6,0.0,19,44,117,1260,2495
187,2026-09-17,19890,14.92,14.92,0.0,4.48,2.98,7.46,0.0,22,4,103,1311,1460
187,2026-09-18,8047,6.04,6.04,0.0,1.81,1.21,3.02,0.0,21,42,206,1171,1242
187,2026-09-19,8947,6.71,6.71,0.0,2.01,1.34,3.35,0.0,41,19,210,1170,2748
187,2026-09-20,9861,7.4,7.4,0.0,2.22,1.48,3.7,0.0,2,11,201,1226,2351
187,2026-09-21,9279,6.96,6.96,0.0,2.09,1.39,3.48,0.0,56,38,210,1136,3150
187,2026-09-22,1580,1.19,1.19,0.0,0.36,0.24,0.59,0.0,31,4,66,1339,2322
187,2026-09-23,9910,7.43,7.43,0.0,2.23,1.49,3.71,0.0,4,26,237,1173,2152
187,2026-09-24,7343,5.51,5.51,0.0,1.65,1.1,2.75,0.0,48,40,147,1205,1851
187,2026-09-25,2425,1.82,1.82,0.0,0.55,0.36,0.91,0.0,25,34,149,1232,2344
187,2026-09-26,1458,1.09,1.09,0.0,0.33,0.22,0.55,0.0,19,35,167,1219,2632
187,2026-09-27,2583,1.94,1.94,0.0,0.58,0.39,0.97,0.0,18,43,226,1153,2455
187,2026-09-28,14303,10.73,10.73,0.0,3.22,2.15,5.37,0.0,43,5,135,1257,1395
187,2026-09-29,15628,11.72,11.72,0.0,3.52,2.34,5.86,0.0,43,23,105,1269,1342
187,2026-09-30,2844,2.13,2.13,0.0,0.64,0.43,1.06,0.0,45,24,102,1269,1107
187,2026-10-01,12824,9.62,9.62,0.0,2.89,1.92,4.81,0.0,56,13,136,1235,2596
187,2026-10-02,16223,12.17,12.17,0.0,3.65,2.43,6.08,0.0,50,15,83,1292,2956
187,2026-10-03,10957,8.22,8.22,0.0,2.47,1.64,4.11,0.0,56,2,208,1174,2855
187,2026-10-04,16029,12.02,12.02,0.0,3.61,2.4,6.01,0.0,46,37,108,1249,1901
187,2026-10-04,16029,12.02,12.02,0.0,3.61,2.4,6.01,0.0,46,37,108,1249,1901
188,2026-08-16,1528,1.15,1.15,0.0,0.34,0.23,0.57,0.0,45,29,95,1271,1054
188,2026-08-17,2700,2.02,2.02,0.0,0.61,0.4,1.01,0.0,40,10,123,1267,2134
188,2026-08-18,1075,0.81,0.81,0.0,0.24,0.16,0.41,0.0,21,6,216,1197,1626
188,2026-08-19,13456,10.09,10.09,0.0,3.03,2.02,5.04,0.0,28,38,205,1169,2007
188,2026-08-20,12818,9.61,9.61,0.0,2.88,1.92,4.8,0.0,18,16,153,1253,1947
188,2026-08-21,1309,0.98,0.98,0.0,0.29,0.2,0.49,0.0,58,23,194,1165,2607
188,2026-08-22,11443,8.58,8.58,0.0,2.57,1.72,4.29,0.0,36,26,245,1133,2090
188,2026-08-23,9916,7.44,7.44,0.0,2.23,1.49,3.72,0.0,20,13,140,1267,2476
188,2026-08-24,19851,14.89,14.89,0.0,4.47,2.98,7.45,0.0,47,12,223,1158,3139
188,2026-08-25,5444,4.08,4.08,0.0,1.22,0.82,2.04,0.0,14,24,92,1310,2606
188,2026-08-26,17229,12.92,12.92,0.0,3.88,2.58,6.46,0.0,25,33,131,1251,1718
188,2026-08-27,4440,3.33,3.33,0.0,1.0,0.67,1.67,0.0,8,32,226,1174,2328
188,2026-08-28,5397,4.05,4.05,0.0,1.21,0.81,2.02,0.0,32,41,198,1169,1287
188,2026-08-29,5081,3.81,3.81,0.0,1.14,0.76,1.91,0.0,27,27,114,1272,2440
188,2026-08-30,19830,14.87,14.87,0.0,4.46,2.97,7.43,0.0,60,0,60,1320,2646
188,2026-08-31,3396,2.55,2.55,0.0,0.76,0.51,1.27,0.0,25,45,108,1262,3085
188,2026-09-01,10439,7.83,7.83,0.0,2.35,1.57,3.92,0.0,5,2,200,1233,1019
188,2026-09-02,15488,11.62,11.62,0.0,3.49,2.32,5.81,0.0,48,12,156,1224,1876
188,2026-09-03,11503,8.63,8.63,0.0,2.59,1.73,4.32,0.0,54,42,116,1228,2041
188,2026-09-04,4297,3.22,3.22,0.0,0.97,0.64,1.61,0.0,19,9,236,1176,1894
188,2026-09-05,10933,8.2,8.2,0.0,2.46,1.64,4.1,0.0,53,12,246,1129,3131
188,2026-09-06,18351,13.76,13.76,0.0,4.13,2.75,6.88,0.0,6,17,140,1277,1609
188,2026-09-07,19530,14.65,14.65,0.0,4.39,2.93,7.33,0.0,8,9,75,1348,2312
188,2026-09-08,16417,12.31,12.31,0.0,3.69,2.46,6.16,0.0,21,3,62,1354,2587
188,2026-09-09,18855,14.14,14.14,0.0,4.24,2.83,7.07,0.0,59,24,156,1201,2469
188,2026-09-10,3417,2.56,2.56,0.0,0.77,0.51,1.28,0.0,44,23,83,1290,2292
188,2026-09-11,8413,6.31,6.31,0.0,1.89,1.26,3.15,0.0,43,5,117,1275,2186
188,2026-09-12,13084,9.81,9.81,0.0,2.94,1.96,4.91,0.0,2,39,218,1181,1178
188,2026-09-13,15853,11.89,11.89,0.0,3.57,2.38,5.95,0.0,14,34,160,1232,1101
188,2026-09-14,14077,10.56,10.56,0.0,3.17,2.11,5.28,0.0,34,15,228,1163,3186
188,2026-09-15,15242,11.43,11.43,0.0,3.43,2.29,5.71,0.0,44,21,69,1306,3008
188,2026-09-16,4362,3.27,3.27,0.0,0.98,0.65,1.64,0.0,39,15,228,1158,2666
188,2026-09-17,8020,6.02,6.02,0.0,1.81,1.2,3.01,0.0,46,13,138,1243,1438
188,2026-09-18,9533,7.15,7.15,0.0,2.15,1.43,3.58,0.0,46,16,219,1159,2151
188,2026-09-19,12055,9.04,9.04,0.0,2.71,1.81,4.52,0.0,29,6,186,1219,2818
188,2026-09-20,15331,11.5,11.5,0.0,3.45,2.3,5.75,0.0,30,26,224,1160,2168
188,2026-09-21,11090,8.32,8.32,0.0,2.5,1.66,4.16,0.0,51,1,99,1289,1114
188,2026-09-22,10782,8.09,8.09,0.0,2.43,1.62,4.04,0.0,55,42,65,1278,2507
188,2026-09-23,16936,12.7,12.7,0.0,3.81,2.54,6.35,0.0,45,38,238,1119,2090
188,2026-09-24,2126,1.59,1.59,0.0,0.48,0.32,0.8,0.0,9,42,245,1144,1513
188,2026-09-25,12038,9.03,9.03,0.0,2.71,1.81,4.51,0.0,43,6,168,1223,1539
188,2026-09-26,8559,6.42,6.42,0.0,1.93,1.28,3.21,0.0,22,2,113,1303,3026
188,2026-09-27,12832,9.62,9.62,0.0,2.89,1.92,4.81,0.0,37,0,232,1171,2088
188,2026-09-28,12922,9.69,9.69,0.0,2.91,1.94,4.84,0.0,32,32,184,1192,1135
188,2026-09-29,4928,3.7,3.7,0.0,1.11,0.74,1.85,0.0,0,28,86,1326,1960
188,2026-09-30,18519,13.89,13.89,0.0,4.17,2.78,6.95,0.0,49,33,125,1233,2818
188,2026-10-01,15167,11.38,11.38,0.0,3.41,2.28,5.69,0.0,25,1,70,1344,3010
188,2026-10-02,4634,3.48,3.48,0.0,1.04,0.7,1.74,0.0,34,44,93,1269,2661
188,2026-10-03,15391,11.54,11.54,0.0,3.46,2.31,5.77,0.0,34,3,68,1335,1744
188,2026-10-04,16500,12.38,12.38,0.0,3.71,2.48,6.19,0.0,18,21,119,1282,1113
189,2026-08-16,7902,5.93,5.93,0.0,1.78,1.19,2.96,0.0,29,6,128,1277,1364
189,2026-08-17,13755,10.32,10.32,0.0,3.1,2.06,5.16,0.0,31,37,137,1235,2778
189,2026-08-18,17358,13.02,13.02,0.0,3.91,2.6,6.51,0.0,41,2,93,1304,2756
189,2026-08-19,5210,3.91,3.91,0.0,1.17,0.78,1.96,0.0,36,17,171,1216,1735
189,2026-08-20,12199,9.15,9.15,0.0,2.75,1.83,4.58,0.0,22,12,220,1186,1193
189,2026-08-21,2372,1.78,1.78,0.0,0.53,0.36,0.89,0.0,34,44,136,1226,2595
189,2026-08-22,16745,12.56,12.56,0.0,3.77,2.51,6.28,0.0,38,22,61,1319,1616
189,2026-08-23,12963,9.72,9.72,0.0,2.92,1.94,4.86,0.0,31,25,227,1157,2097
189,2026-08-23,12963,9.72,9.72,0.0,2.92,1.94,4.86,0.0,31,25,227,1157,2097
189,2026-08-24,6338,4.75,4.75,0.0,1.43,0.95,2.38,0.0,15,11,197,1217,3041
189,2026-08-25,3870,2.9,2.9,0.0,0.87,0.58,1.45,0.0,58,17,167,1198,2295
189,2026-08-26,4201,3.15,3.15,0.0,0.94,0.63,1.57,0.0,48,41,64,1287,2205
189,2026-08-27,6738,5.05,5.05,0.0,1.51,1.01,2.52,0.0,57,24,65,1294,1207
189,2026-08-28,19698,14.77,14.77,0.0,4.43,2.95,7.38,0.0,34,14,79,1313,1669
189,2026-08-29,13861,10.4,10.4,0.0,3.12,2.08,5.2,0.0,40,41,91,1268,2688
189,2026-08-30,19311,14.48,14.48,0.0,4.34,2.9,7.24,0.0,56,0,92,1292,1451
189,2026-08-31,2520,1.89,1.89,0.0,0.57,0.38,0.94,0.0,12,36,87,1305,2622
189,2026-09-01,10629,7.97,7.97,0.0,2.39,1.59,3.98,0.0,38,32,66,1304,3129
189,2026-09-02,7320,5.49,5.49,0.0,1.65,1.1,2.75,0.0,25,39,116,1260,1421
189,2026-09-03,7317,5.49,5.49,0.0,1.65,1.1,2.75,0.0,7,27,77,1329,1063
189,2026-09-04,19196,14.4,14.4,0.0,4.32,2.88,7.2,0.0,10,43,212,1175,1291
189,2026-09-05,5585,4.19,4.19,0.0,1.26,0.84,2.1,0.0,23,32,106,1279,2296
189,2026-09-06,9101,6.83,6.83,0.0,2.05,1.37,3.42,0.0,0,1,217,1222,2527
189,2026-09-07,9923,7.44,7.44,0.0,2.23,1.49,3.72,0.0,32,31,96,1281,3154
189,2026-09-08,8063,6.05,6.05,0.0,1.81,1.21,3.02,0.0,4,1,81,1354,-100
189,2026-09-09,16408,12.31,12.31,0.0,3.69,2.46,6.16,0.0,8,31,132,1269,2610
189,2026-09-10,10076,7.56,7.56,0.0,2.27,1.51,3.78,0.0,31,30,63,1316,2154
189,2026-09-10,10076,7.56,7.56,0.0,2.27,1.51,3.78,0.0,31,30,63,1316,2154
189,2026-09-11,8455,6.34,6.34,0.0,1.9,1.27,3.17,0.0,12,1,144,1283,2672
189,2026-09-12,14178,10.63,10.63,0.0,3.19,2.13,5.32,0.0,14,43,113,1270,2326
189,2026-09-13,16249,12.19,12.19,0.0,3.66,2.44,6.09,0.0,20,33,217,1170,2102
189,2026-09-14,10456,7.84,7.84,0.0,2.35,1.57,3.92,0.0,31,10,68,1331,2359
189,2026-09-15,7733,5.8,5.8,0.0,1.74,1.16,2.9,0.0,5,9,159,1267,2952
189,2026-09-15,7733,5.8,5.8,0.0,1.74,1.16,2.9,0.0,5,9,159,1267,2952
189,2026-09-16,18726,14.04,14.04,0.0,4.21,2.81,7.02,0.0,14,15,235,1176,3119
189,2026-09-16,18726,14.04,14.04,0.0,4.21,2.81,7.02,0.0,14,15,235,1176,3119
189,2026-09-17,7789,5.84,5.84,0.0,1.75,1.17,2.92,0.0,56,26,132,1226,2229
189,2026-09-18,5938,4.45,4.45,0.0,1.33,0.89,2.23,0.0,21,28,236,1155,2683
189,2026-09-19,13597,10.2,10.2,0.0,3.06,2.04,5.1,0.0,27,43,120,1250,1591
189,2026-09-20,4200,3.15,3.15,0.0,0.94,0.63,1.57,0.0,52,24,209,1155,1195
189,2026-09-21,9367,7.03,7.03,0.0,2.11,1.41,3.52,0.0,42,20,156,1222,1513
189,2026-09-22,15274,11.46,11.46,0.0,3.44,2.29,5.73,0.0,25,37,103,1275,1211
189,2026-09-23,2264,1.7,1.7,0.0,0.51,0.34,0.85,0.0,41,18,162,1219,3123
189,2026-09-24,9959,7.47,7.47,0.0,2.24,1.49,3.73,0.0,21,8,150,1261,1897
189,2026-09-25,3389,2.54,2.54,0.0,0.76,0.51,1.27,0.0,5,17,152,1266,2820
189,2026-09-26,16163,12.12,12.12,0.0,3.64,2.42,6.06,0.0,26,16,246,1152,2278
189,2026-09-27,3489,2.62,2.62,0.0,0.79,0.52,1.31,0.0,54,5,139,1242,2294
189,2026-09-28,1184,0.89,0.89,0.0,0.27,0.18,0.45,0.0,31,0,209,1200,2657
189,2026-09-29,2220,1.67,1.67,0.0,0.5,0.33,0.83,0.0,54,6,99,1281,2712
189,2026-09-30,8635,6.48,6.48,0.0,1.94,1.3,3.24,0.0,23,29,187,1201,3033
189,2026-10-01,13062,9.8,9.8,0.0,2.94,1.96,4.9,0.0,59,12,240,1129,1266
189,2026-10-02,11490,8.62,8.62,0.0,2.59,1.72,4.31,0.0,60,2,185,1193,2406
189,2026-10-03,8171,6.13,6.13,0.0,1.84,1.23,3.06,0.0,59,7,200,1174,2546
189,2026-10-04,14371,10.78,10.78,0.0,3.23,2.16,5.39,0.0,17,31,104,1288,1994
190,2026-08-16,16384,12.29,12.29,0.0,3.69,2.46,6.14,0.0,35,4,245,1156,2298
190,2026-08-17,12959,9.72,9.72,0.0,2.92,1.94,4.86,0.0,27,22,102,1289,3037
190,2026-08-18,14616,10.96,10.96,0.0,3.29,2.19,5.48,0.0,25,27,100,1288,2097
190,2026-08-19,8025,6.02,6.02,0.0,1.81,1.2,3.01,0.0,1,30,118,1291,2337
190,2026-08-20,7074,5.31,5.31,0.0,1.59,1.06,2.65,0.0,11,7,222,1200,2136
190,2026-08-21,1084,0.81,0.81,0.0,0.24,0.16,0.41,0.0,35,4,204,1197,2675
190,2026-08-22,15527,11.65,11.65,0.0,3.5,2.33,5.83,0.0,35,33,168,1204,1925
190,2026-08-23,7901,5.93,5.93,0.0,1.78,1.19,2.96,0.0,31,42,138,1229,1354
190,2026-08-24,4783,3.59,3.59,0.0,1.08,0.72,1.79,0.0,8,1,164,1267,2931
190,2026-08-25,12422,9.32,9.32,0.0,2.8,1.86,4.66,0.0,37,18,99,1286,3196
190,2026-08-26,7966,5.97,5.97,0.0,1.79,1.19,2.98,0.0,49,11,153,1227,1041
190,2026-08-27,15666,11.75,11.75,0.0,3.52,2.35,5.88,0.0,49,40,103,1248,1530
190,2026-08-28,18916,14.19,14.19,0.0,4.26,2.84,7.09,0.0,22,2,115,1301,2647
190,2026-08-29,6163,4.62,4.62,0.0,1.39,0.92,2.31,0.0,9,34,210,1187,2580
190,2026-08-30,1916,1.44,1.44,0.0,0.43,0.29,0.72,0.0,45,6,238,1151,2281
190,2026-08-31,2928,2.2,2.2,0.0,0.66,0.44,1.1,0.0,25,13,202,1200,2350
190,2026-09-01,17697,13.27,13.27,0.0,3.98,2.65,6.63,0.0,26,1,102,1311,2359
190,2026-09-02,3314,2.49,2.49,0.0,0.75,0.5,1.25,0.0,58,29,99,1254,1410
190,2026-09-03,8915,6.69,6.69,0.0,2.01,1.34,3.35,0.0,4,2,148,1286,2128
190,2026-09-04,6025,4.52,4.52,0.0,1.36,0.9,2.26,0.0,0,12,99,1329,2143
190,2026-09-05,2939,2.2,2.2,0.0,0.66,0.44,1.1,0.0,31,39,145,1225,2155
190,2026-09-06,12427,9.32,9.32,0.0,2.8,1.86,4.66,0.0,43,20,203,1174,2079
190,2026-09-07,5023,3.77,3.77,0.0,1.13,0.75,1.89,0.0,51,18,89,1282,2132
190,2026-09-08,9591,7.19,7.19,0.0,2.16,1.44,3.6,0.0,53,36,211,1140,2252
190,2026-09-09,19366,14.52,14.52,0.0,4.36,2.9,7.26,0.0,51,37,222,1130,3180
190,2026-09-10,12776,9.58,9.58,0.0,2.87,1.92,4.79,0.0,31,14,220,1175,2530
190,2026-09-11,16150,12.11,12.11,0.0,3.63,2.42,6.05,0.0,52,13,216,1159,1882
190,2026-09-12,14002,10.5,10.5,0.0,3.15,2.1,5.25,0.0,7,27,232,1174,3169
190,2026-09-13,17430,13.07,13.07,0.0,3.92,2.61,6.54,0.0,50,27,203,1160,1120
190,2026-09-14,7132,5.35,5.35,0.0,1.6,1.07,2.67,0.0,36,24,102,1278,1579
190,2026-09-15,19232,14.42,14.42,0.0,4.33,2.88,7.21,0.0,51,15,198,1176,1462
190,2026-09-16,12161,9.12,9.12,0.0,2.74,1.82,4.56,0.0,38,38,77,1287,1356
190,2026-09-17,14911,11.18,11.18,0.0,3.35,2.24,5.59,0.0,40,28,239,1133,3156
190,2026-09-18,1318,0.99,0.99,0.0,0.3,0.2,0.49,0.0,43,20,128,1249,1551
190,2026-09-19,3328,2.5,2.5,0.0,0.75,0.5,1.25,0.0,9,37,141,1253,1631
190,2026-09-20,19526,14.64,14.64,0.0,4.39,2.93,7.32,0.0,1,1,220,1218,2498
190,2026-09-21,5611,4.21,4.21,0.0,1.26,0.84,2.1,0.0,33,25,179,1203,3014
190,2026-09-22,5468,4.1,4.1,0.0,1.23,0.82,2.05,0.0,39,22,157,1222,1774
190,2026-09-23,19996,15.0,15.0,0.0,4.5,3.0,7.5,0.0,23,2,127,1288,1356
190,2026-09-24,12562,9.42,9.42,0.0,2.83,1.88,4.71,0.0,1,32,238,1169,1393
190,2026-09-25,7214,5.41,5.41,0.0,1.62,1.08,2.71,0.0,43,35,202,1160,2715
190,2026-09-26,2764,2.07,2.07,0.0,0.62,0.41,1.03,0.0,56,17,210,1157,2826
190,2026-09-27,9518,7.14,7.14,0.0,2.14,1.43,3.57,0.0,8,2,62,1368,1006
190,2026-09-28,13234,9.93,9.93,0.0,2.98,1.99,4.96,0.0,49,3,126,1262,3152
190,2026-09-29,9650,7.24,7.24,0.0,2.17,1.45,3.62,0.0,22,23,91,1304,2282
190,2026-09-30,3680,2.76,2.76,0.0,0.83,0.55,1.38,0.0,33,25,207,1175,2741
190,2026-10-01,4829,3.62,3.62,0.0,1.09,0.72,1.81,0.0,37,27,187,1189,1109
190,2026-10-02,12469,9.35,9.35,0.0,2.8,1.87,4.67,0.0,33,38,121,1248,1422
190,2026-10-03,16847,12.64,12.64,0.0,3.79,2.53,6.32,0.0,9,16,143,1272,2334
190,2026-10-04,10750,8.06,8.06,0.0,2.42,1.61,4.03,0.0,30,38,152,1220,2369
190,2026-10-04,10750,8.06,8.06,0.0,2.42,1.61,4.03,0.0,30,38,152,1220,2369
191,2026-08-16,3076,2.31,2.31,0.0,0.69,0.46,1.16,0.0,48,40,64,1288,-100
191,2026-08-17,17595,13.2,13.2,0.0,3.96,2.64,6.6,0.0,43,7,169,1221,3175
191,2026-08-18,9069,6.8,6.8,0.0,2.04,1.36,3.4,0.0,54,1,223,1162,2331
191,2026-08-19,4766,3.57,3.57,0.0,1.07,0.71,1.78,0.0,24,31,186,1199,2925
191,2026-08-20,18586,13.94,13.94,0.0,4.18,2.79,6.97,0.0,43,24,190,1183,1668
191,2026-08-21,18767,14.08,14.08,0.0,4.22,2.82,7.04,0.0,5,27,126,1282,2132
191,2026-08-22,8312,6.23,6.23,0.0,1.87,1.25,3.12,0.0,56,6,133,1245,2720
191,2026-08-23,14762,11.07,11.07,0.0,3.32,2.21,5.54,0.0,36,7,145,1252,2890
191,2026-08-24,15259,11.44,11.44,0.0,3.43,2.29,5.72,0.0,53,26,68,1293,2887
191,2026-08-25,3483,2.61,2.61,0.0,0.78,0.52,1.3,0.0,9,7,151,1273,2837
191,2026-08-26,6113,4.58,4.58,0.0,1.37,0.92,2.29,0.0,36,22,213,1169,2871
191,2026-08-27,5897,4.42,4.42,0.0,1.33,0.88,2.21,0.0,27,40,179,1194,2628
191,2026-08-28,4614,3.46,3.46,0.0,1.04,0.69,1.73,0.0,32,27,203,1178,1934
191,2026-08-29,19720,14.79,14.79,0.0,4.44,2.96,7.39,0.0,34,11,73,1322,2370
191,2026-08-30,10405,7.8,7.8,0.0,2.34,1.56,3.9,0.0,54,16,68,1302,1587
191,2026-08-31,12937,9.7,9.7,0.0,2.91,1.94,4.85,0.0,58,24,216,1142,2727
191,2026-09-01,11284,8.46,8.46,0.0,2.54,1.69,4.23,0.0,26,15,151,1248,1976
191,2026-09-02,14737,11.05,11.05,0.0,3.31,2.21,5.53,0.0,12,9,246,1173,2662
191,2026-09-03,14966,11.22,11.22,0.0,3.37,2.24,5.61,0.0,25,43,196,1176,2451
191,2026-09-04,5102,3.83,3.83,0.0,1.15,0.77,1.92,0.0,34,4,128,1274,3029
191,2026-09-05,18392,13.79,13.79,0.0,4.14,2.76,6.89,0.0,51,10,107,1272,2640
191,2026-09-06,14542,10.91,10.91,0.0,3.27,2.18,5.46,0.0,41,8,61,1330,1803
191,2026-09-07,15174,11.38,11.38,0.0,3.41,2.28,5.69,0.0,25,6,67,1342,1286
191,2026-09-08,2704,2.03,2.03,0.0,0.61,0.41,1.01,0.0,15,13,93,1319,-100
191,2026-09-08,2704,2.03,2.03,0.0,0.61,0.41,1.01,0.0,15,13,93,1319,-100
191,2026-09-09,15674,11.76,11.76,0.0,3.53,2.35,5.88,0.0,30,31,227,1152,2475
191,2026-09-10,7890,5.92,5.92,0.0,1.78,1.18,2.96,0.0,36,20,169,1215,2499
191,2026-09-11,4151,3.11,3.11,0.0,0.93,0.62,1.55,0.0,50,6,211,1173,1649
191,2026-09-12,13513,10.13,10.13,0.0,3.04,2.03,5.07,0.0,47,0,69,1324,1587
191,2026-09-13,7029,5.27,5.27,0.0,1.58,1.05,2.63,0.0,29,17,235,1159,3058
191,2026-09-14,15533,11.65,11.65,0.0,3.5,2.33,5.83,0.0,5,42,125,1268,1611
191,2026-09-15,9480,7.11,7.11,0.0,2.13,1.42,3.56,0.0,7,9,207,1217,1118
191,2026-09-16,11724,8.79,8.79,0.0,2.64,1.76,4.39,0.0,46,31,193,1170,2534
191,2026-09-17,10714,8.04,8.04,0.0,2.41,1.61,4.02,0.0,34,43,133,1230,2205
191,2026-09-18,13744,10.31,10.31,0.0,3.09,2.06,5.16,0.0,38,22,240,1140,2294
191,2026-09-19,3674,2.76,2.76,0.0,0.83,0.55,1.38,0.0,42,42,72,1284,3177
191,2026-09-20,13121,9.84,9.84,0.0,2.95,1.97,4.92,0.0,34,22,161,1223,2647
191,2026-09-21,16375,12.28,12.28,0.0,3.68,2.46,6.14,0.0,1,27,237,1175,1705
191,2026-09-22,6726,5.04,5.04,0.0,1.51,1.01,2.52,0.0,40,30,64,1306,2486
191,2026-09-23,10072,7.55,7.55,0.0,2.26,1.51,3.77,0.0,31,13,122,1274,2447
191,2026-09-24,11269,8.45,8.45,0.0,2.53,1.69,4.22,0.0,8,44,64,1324,1996
191,2026-09-25,4317,3.24,3.24,0.0,0.97,0.65,1.62,0.0,47,30,77,1286,1251
191,2026-09-26,19769,14.83,14.83,0.0,4.45,2.97,7.42,0.0,54,18,106,1262,1832
191,2026-09-27,19050,14.29,14.29,0.0,4.29,2.86,7.14,0.0,24,19,155,1242,2823
191,2026-09-28,2509,1.88,1.88,0.0,0.56,0.38,0.94,0.0,40,20,155,1225,2054
191,2026-09-29,7090,5.32,5.32,0.0,1.6,1.06,2.66,0.0,5,42,143,1250,1590
191,2026-09-30,5666,4.25,4.25,0.0,1.27,0.85,2.12,0.0,19,23,179,1219,1824
191,2026-10-01,2580,1.94,1.94,0.0,0.58,0.39,0.97,0.0,2,15,226,1197,1397
191,2026-10-02,5642,4.23,4.23,0.0,1.27,0.85,2.12,0.0,1,40,188,1211,2850
191,2026-10-03,9643,7.23,7.23,0.0,2.17,1.45,3.62,0.0,25,5,135,1275,2600
191,2026-10-04,14188,10.64,10.64,0.0,3.19,2.13,5.32,0.0,26,29,146,1239,2106
191,2026-10-04,14188,10.64,10.64,0.0,3.19,2.13,5.32,0.0,26,29,146,1239,2106
192,2026-08-16,7129,5.35,5.35,0.0,1.6,1.07,2.67,0.0,25,7,162,1246,2191
192,2026-08-17,6203,4.65,4.65,0.0,1.4,0.93,2.33,0.0,36,24,71,1309,2380
192,2026-08-18,5155,3.87,3.87,0.0,1.16,0.77,1.94,0.0,58,4,111,1267,1009
192,2026-08-19,13194,9.9,9.9,0.0,2.97,1.98,4.95,0.0,33,42,155,1210,1381
192,2026-08-20,15513,11.63,11.63,0.0,3.49,2.33,5.82,0.0,43,31,136,1230,1479
192,2026-08-21,7226,5.42,5.42,0.0,1.63,1.08,2.71,0.0,53,17,230,1140,1861
192,2026-08-22,6992,5.24,5.24,0.0,1.57,1.05,2.62,0.0,16,37,204,1183,1566
192,2026-08-23,11828,8.87,8.87,0.0,2.66,1.77,4.43,0.0,12,29,212,1187,1845
192,2026-08-24,6219,4.66,4.66,0.0,1.4,0.93,2.33,0.0,52,28,117,1243,2422
192,2026-08-25,9946,7.46,7.46,0.0,2.24,1.49,3.73,0.0,37,40,75,1288,2096
192,2026-08-26,9364,7.02,7.02,0.0,2.11,1.4,3.51,0.0,17,44,71,1308,3088
192,2026-08-27,7421,5.57,5.57,0.0,1.67,1.11,2.79,0.0,26,8,215,1191,2710
192,2026-08-28,4123,3.09,3.09,0.0,0.93,0.62,1.54,0.0,29,6,83,1322,1171
192,2026-08-29,1084,0.81,0.81,0.0,0.24,0.16,0.41,0.0,7,14,222,1197,1729
192,2026-08-30,8151,6.11,6.11,0.0,1.83,1.22,3.06,0.0,59,7,199,1175,3092
192,2026-08-31,8817,6.61,6.61,0.0,1.98,1.32,3.31,0.0,18,4,145,1273,1043
192,2026-09-01,15306,11.48,11.48,0.0,3.44,2.3,5.74,0.0,51,33,198,1158,1119
192,2026-09-02,2528,1.9,1.9,0.0,0.57,0.38,0.95,0.0,51,8,70,1311,1723
192,2026-09-03,14578,10.93,10.93,0.0,3.28,2.19,5.46,0.0,18,32,132,1258,2968
192,2026-09-04,5855,4.39,4.39,0.0,1.32,0.88,2.19,0.0,38,32,83,1287,1460
192,2026-09-05,10871,8.15,8.15,0.0,2.44,1.63,4.08,0.0,10,39,111,1280,2484
192,2026-09-06,8284,6.21,6.21,0.0,1.86,1.24,3.1,0.0,43,8,71,1318,1953
192,2026-09-07,12155,9.12,9.12,0.0,2.74,1.82,4.56,0.0,17,21,153,1249,-100
192,2026-09-08,4546,3.41,3.41,0.0,1.02,0.68,1.71,0.0,19,5,197,1219,1586
192,2026-09-09,1146,0.86,0.86,0.0,0.26,0.17,0.43,0.0,32,31,249,1128,2000
192,2026-09-10,5824,4.37,4.37,0.0,1.31,0.87,2.19,0.0,53,28,160,1199,3192
192,2026-09-11,2575,1.93,1.93,0.0,0.58,0.39,0.96,0.0,56,6,145,1233,2034
192,2026-09-12,9439,7.08,7.08,0.0,2.12,1.42,3.54,0.0,41,9,218,1172,1318
192,2026-09-13,18277,13.71,13.71,0.0,4.11,2.74,6.86,0.0,37,12,188,1203,2911
192,2026-09-14,19553,14.66,14.66,0.0,4.4,2.93,7.33,0.0,55,12,174,1199,1841
192,2026-09-15,11351,8.51,8.51,0.0,2.55,1.7,4.25,0.0,56,10,91,1283,2629
192,2026-09-16,12421,9.32,9.32,0.0,2.8,1.86,4.66,0.0,3,40,146,1251,2904
192,2026-09-17,13160,9.87,9.87,0.0,2.96,1.97,4.93,0.0,28,21,99,1292,2703
192,2026-09-18,9805,7.35,7.35,0.0,2.2,1.47,3.67,0.0,5,4,60,1371,2574
192,2026-09-19,5284,3.96,3.96,0.0,1.19,0.79,1.98,0.0,54,3,88,1295,1732
192,2026-09-20,3939,2.95,2.95,0.0,0.89,0.59,1.48,0.0,16,21,210,1193,2307
192,2026-09-21,1210,0.91,0.91,0.0,0.27,0.18,0.46,0.0,33,0,151,1256,-100
192,2026-09-22,9074,6.81,6.81,0.0,2.04,1.36,3.4,0.0,10,23,80,1327,1122
192,2026-09-23,15699,11.77,11.77,0.0,3.53,2.35,5.88,0.0,31,26,90,1293,1323
192,2026-09-24,12481,9.36,9.36,0.0,2.81,1.87,4.68,0.0,23,28,210,1179,1319
192,2026-09-25,11785,8.84,8.84,0.0,2.65,1.77,4.42,0.0,48,38,142,1212,1855
192,2026-09-26,13111,9.83,9.83,0.0,2.95,1.97,4.92,0.0,41,16,141,1242,3147
192,2026-09-27,7462,5.6,5.6,0.0,1.68,1.12,2.8,0.0,9,17,141,1273,2941
192,2026-09-28,2841,2.13,2.13,0.0,0.64,0.43,1.06,0.0,57,19,172,1192,1088
192,2026-09-29,5082,3.81,3.81,0.0,1.14,0.76,1.91,0.0,4,41,226,1169,2772
192,2026-09-30,16387,12.29,12.29,0.0,3.69,2.46,6.14,0.0,23,14,146,1257,2910
192,2026-10-01,2998,2.25,2.25,0.0,0.67,0.45,1.12,0.0,21,33,104,1282,2768
192,2026-10-02,7964,5.97,5.97,0.0,1.79,1.19,2.98,0.0,26,0,135,1279,2875
192,2026-10-03,15100,11.33,11.33,0.0,3.4,2.27,5.67,0.0,15,36,86,1303,1675
192,2026-10-04,6587,4.94,4.94,0.0,1.48,0.99,2.47,0.0,49,1,179,1211,2030
193,2026-08-16,6408,4.81,4.81,0.0,1.44,0.96,2.4,0.0,51,34,163,1192,2707
193,2026-08-17,6329,4.75,4.75,0.0,1.43,0.95,2.38,0.0,56,5,91,1288,1426
193,2026-08-18,12731,9.55,9.55,0.0,2.87,1.91,4.78,0.0,56,42,151,1191,-100
193,2026-08-19,10927,8.2,8.2,0.0,2.46,1.64,4.1,0.0,1,44,160,1235,2468
193,2026-08-20,16161,12.12,12.12,0.0,3.64,2.42,6.06,0.0,50,6,70,1314,2084
193,2026-08-21,14918,11.19,11.19,0.0,3.36,2.24,5.59,0.0,10,42,195,1193,2600
193,2026-08-22,11642,8.73,8.73,0.0,2.62,1.75,4.37,0.0,3,9,203,1225,1676
193,2026-08-23,1599,1.2,1.2,0.0,0.36,0.24,0.6,0.0,60,16,239,1125,1142
193,2026-08-24,18696,14.02,14.02,0.0,4.21,2.8,7.01,0.0,20,8,173,1239,1805
193,2026-08-25,3280,2.46,2.46,0.0,0.74,0.49,1.23,0.0,15,21,60,1344,1827
193,2026-08-26,15404,11.55,11.55,0.0,3.47,2.31,5.78,0.0,30,27,206,1177,1837
193,2026-08-27,6734,5.05,5.05,0.0,1.51,1.01,2.52,0.0,41,22,66,1311,1205
193,2026-08-28,3652,2.74,2.74,0.0,0.82,0.55,1.37,0.0,11,2,240,1187,2709
193,2026-08-29,16171,12.13,12.13,0.0,3.64,2.43,6.07,0.0,53,30,238,1119,2181
193,2026-08-30,18880,14.16,14.16,0.0,4.25,2.83,7.08,0.0,44,41,105,1250,1324
193,2026-08-31,1257,0.94,0.94,0.0,0.28,0.19,0.47,0.0,21,27,79,1313,2045
193,2026-09-01,9121,6.84,6.84,0.0,2.05,1.37,3.42,0.0,58,8,206,1168,2251
193,2026-09-02,14401,10.8,10.8,0.0,3.24,2.16,5.4,0.0,55,43,238,1104,1827
193,2026-09-03,9371,7.03,7.03,0.0,2.11,1.41,3.52,0.0,2,5,190,1243,2240
193,2026-09-04,18105,13.58,13.58,0.0,4.07,2.72,6.79,0.0,49,24,72,1295,1408
193,2026-09-05,3137,2.35,2.35,0.0,0.7,0.47,1.18,0.0,25,33,143,1239,1801
193,2026-09-06,17286,12.96,12.96,0.0,3.89,2.59,6.48,0.0,57,17,60,1306,1309
193,2026-09-07,12389,9.29,9.29,0.0,2.79,1.86,4.64,0.0,39,44,175,1182,1612
193,2026-09-08,12032,9.02,9.02,0.0,2.71,1.8,4.51,0.0,56,44,115,1225,1319
193,2026-09-09,6901,5.18,5.18,0.0,1.55,1.04,2.59,0.0,40,20,220,1160,2164
193,2026-09-10,4521,3.39,3.39,0.0,1.02,0.68,1.7,0.0,11,45,171,1213,2445
193,2026-09-11,17947,13.46,13.46,0.0,4.04,2.69,6.73,0.0,23,5,63,1349,2284
193,2026-09-12,5462,4.1,4.1,0.0,1.23,0.82,2.05,0.0,30,38,71,1301,2419
193,2026-09-13,19231,14.42,14.42,0.0,4.33,2.88,7.21,0.0,37,10,131,1262,1532
193,2026-09-14,6126,4.59,4.59,0.0,1.38,0.92,2.29,0.0,57,13,168,1202,1927
193,2026-09-15,9014,6.76,6.76,0.0,2.03,1.35,3.38,0.0,8,32,187,1213,2862
193,2026-09-16,1787,1.34,1.34,0.0,0.4,0.27,0.67,0.0,7,34,220,1179,1220
193,2026-09-17,18812,14.11,14.11,0.0,4.23,2.82,7.05,0.0,25,15,227,1173,2700
193,2026-09-18,3516,2.64,2.64,0.0,0.79,0.53,1.32,0.0,32,12,238,1158,3197
193,2026-09-19,11763,8.82,8.82,0.0,2.65,1.76,4.41,0.0,38,44,113,1245,1228
193,2026-09-20,2045,1.53,1.53,0.0,0.46,0.31,0.77,0.0,34,18,214,1174,1782
193,2026-09-21,9064,6.8,6.8,0.0,2.04,1.36,3.4,0.0,17,35,200,1188,3112
193,2026-09-22,3930,2.95,2.95,0.0,0.89,0.59,1.48,0.0,59,23,218,1140,2497
193,2026-09-23,11968,8.98,8.98,0.0,2.69,1.8,4.49,0.0,6,39,137,1258,2746
193,2026-09-24,14294,10.72,10.72,0.0,3.22,2.14,5.36,0.0,46,6,110,1278,2896
193,2026-09-25,16912,12.68,12.68,0.0,3.8,2.54,6.34,0.0,51,26,138,1225,2394
193,2026-09-26,16505,12.38,12.38,0.0,3.71,2.48,6.19,0.0,57,24,209,1150,2393
193,2026-09-27,6272,4.7,4.7,0.0,1.41,0.94,2.35,0.0,22,40,215,1163,3171
193,2026-09-28,7181,5.39,5.39,0.0,1.62,1.08,2.69,0.0,34,18,109,1279,2125
193,2026-09-29,9615,7.21,7.21,0.0,2.16,1.44,3.6,0.0,55,28,62,1295,1648
193,2026-09-30,3854,2.89,2.89,0.0,0.87,0.58,1.45,0.0,18,41,96,1285,1859
193,2026-10-01,1613,1.21,1.21,0.0,0.36,0.24,0.6,0.0,47,6,220,1167,1945
193,2026-10-02,16530,12.4,12.4,0.0,3.72,2.48,6.2,0.0,2,21,149,1268,2032
193,2026-10-03,12750,9.56,9.56,0.0,2.87,1.91,4.78,0.0,10,44,138,1248,2192
193,2026-10-04,8653,6.49,6.49,0.0,1.95,1.3,3.25,0.0,31,22,223,1164,3192
194,2026-08-16,2595,1.95,1.95,0.0,0.58,0.39,0.97,0.0,30,2,173,1235,1379
194,2026-08-17,1629,1.22,1.22,0.0,0.37,0.24,0.61,0.0,36,13,68,1323,2898
194,2026-08-18,11450,8.59,8.59,0.0,2.58,1.72,4.29,0.0,23,17,167,1233,2817
194,2026-08-19,9204,6.9,6.9,0.0,2.07,1.38,3.45,0.0,60,24,203,1153,2524
194,2026-08-20,16592,12.44,12.44,0.0,3.73,2.49,6.22,0.0,42,30,111,1257,1141
194,2026-08-21,4982,3.74,3.74,0.0,1.12,0.75,1.87,0.0,7,26,114,1293,2364
194,2026-08-22,12649,9.49,9.49,0.0,2.85,1.9,4.75,0.0,38,31,112,1259,1294
194,2026-08-23,2529,1.9,1.9,0.0,0.57,0.38,0.95,0.0,32,11,145,1252,2225
194,2026-08-24,8526,6.39,6.39,0.0,1.92,1.28,3.19,0.0,38,45,220,1137,3176
194,2026-08-25,5389,4.04,4.04,0.0,1.21,0.81,2.02,0.0,6,34,93,1307,2217
194,2026-08-26,7680,5.76,5.76,0.0,1.73,1.15,2.88,0.0,30,26,67,1317,1795
194,2026-08-27,4914,3.69,3.69,0.0,1.11,0.74,1.84,0.0,33,15,99,1293,2893
194,2026-08-28,15739,11.8,11.8,0.0,3.54,2.36,5.9,0.0,31,31,243,1135,2417
194,2026-08-29,19055,14.29,14.29,0.0,4.29,2.86,7.14,0.0,18,24,83,1315,1112
194,2026-08-30,3721,2.79,2.79,0.0,0.84,0.56,1.4,0.0,0,15,208,1217,1128
194,2026-08-31,16986,12.74,12.74,0.0,3.82,2.55,6.37,0.0,41,24,218,1157,2787
194,2026-09-01,14927,11.2,11.2,0.0,3.36,2.24,5.6,0.0,37,41,221,1141,2349
194,2026-09-02,10909,8.18,8.18,0.0,2.45,1.64,4.09,0.0,45,1,211,1183,1267
194,2026-09-03,5379,4.03,4.03,0.0,1.21,0.81,2.02,0.0,29,11,239,1161,1063
194,2026-09-04,13169,9.88,9.88,0.0,2.96,1.98,4.94,0.0,39,23,148,1230,2364
194,2026-09-05,19696,14.77,14.77,0.0,4.43,2.95,7.38,0.0,7,45,122,1266,2076
194,2026-09-06,9861,7.4,7.4,0.0,2.22,1.48,3.7,0.0,35,0,68,1337,2687
194,2026-09-07,5260,3.95,3.95,0.0,1.19,0.79,1.98,0.0,0,10,239,1191,2849
194,2026-09-08,7936,5.95,5.95,0.0,1.78,1.19,2.98,0.0,48,17,76,1299,2066
194,2026-09-09,2783,2.09,2.09,0.0,0.63,0.42,1.04,0.0,42,18,149,1231,2713
194,2026-09-10,13427,10.07,10.07,0.0,3.02,2.01,5.04,0.0,12,20,127,1281,3039
194,2026-09-11,14415,10.81,10.81,0.0,3.24,2.16,5.41,0.0,23,26,73,1318,1550
194,2026-09-12,16445,12.33,12.33,0.0,3.7,2.47,6.17,0.0,47,37,249,1107,1721
194,2026-09-13,15098,11.32,11.32,0.0,3.4,2.26,5.66,0.0,2,5,141,1292,1657
194,2026-09-14,1404,1.05,1.05,0.0,0.32,0.21,0.53,0.0,1,3,90,1346,2992
194,2026-09-15,9329,7.0,7.0,0.0,2.1,1.4,3.5,0.0,22,21,238,1159,2507
194,2026-09-16,10512,7.88,7.88,0.0,2.36,1.58,3.94,0.0,5,36,211,1188,2303
194,2026-09-17,5847,4.39,4.39,0.0,1.32,0.88,2.19,0.0,53,11,219,1157,1678
194,2026-09-18,13290,9.97,9.97,0.0,2.99,1.99,4.99,0.0,20,25,209,1186,1161
194,2026-09-19,8435,6.33,6.33,0.0,1.9,1.27,3.17,0.0,29,13,68,1330,1867
194,2026-09-20,6127,4.6,4.6,0.0,1.38,0.92,2.3,0.0,39,19,65,1317,2615
194,2026-09-21,15492,11.62,11.62,0.0,3.49,2.32,5.81,0.0,12,42,172,1214,2997
194,2026-09-22,4760,3.57,3.57,0.0,1.07,0.71,1.78,0.0,8,9,132,1291,1147
194,2026-09-23,5013,3.76,3.76,0.0,1.13,0.75,1.88,0.0,13,19,183,1225,3005
194,2026-09-24,17551,13.16,13.16,0.0,3.95,2.63,6.58,0.0,53,39,218,1130,2737
194,2026-09-25,19644,14.73,14.73,0.0,4.42,2.95,7.37,0.0,22,3,190,1225,2349
194,2026-09-26,14394,10.8,10.8,0.0,3.24,2.16,5.4,0.0,31,27,237,1145,3094
194,2026-09-27,5343,4.01,4.01,0.0,1.2,0.8,2.0,0.0,45,0,218,1177,1202
194,2026-09-28,4990,3.74,3.74,0.0,1.12,0.75,1.87,0.0,43,4,101,1292,2892
194,2026-09-29,11984,8.99,8.99,0.0,2.7,1.8,4.5,0.0,59,43,62,1276,2788
194,2026-09-30,8027,6.02,6.02,0.0,1.81,1.2,3.01,0.0,18,11,247,1164,1897
194,2026-10-01,13149,9.86,9.86,0.0,2.96,1.97,4.93,0.0,10,16,204,1210,1590
194,2026-10-02,6707,5.03,5.03,0.0,1.51,1.01,2.52,0.0,47,44,179,1170,2867
194,2026-10-03,16711,12.53,12.53,0.0,3.76,2.51,6.26,0.0,23,38,90,1289,2527
194,2026-10-04,11442,8.58,8.58,0.0,2.57,1.72,4.29,0.0,51,7,209,1173,1367
195,2026-08-16,9202,6.9,6.9,0.0,2.07,1.38,3.45,0.0,47,0,218,1175,2129
195,2026-08-17,12867,9.65,9.65,0.0,2.9,1.93,4.83,0.0,44,8,108,1280,2313
195,2026-08-18,14819,11.11,11.11,0.0,3.33,2.22,5.55,0.0,6,3,173,1258,1410
195,2026-08-19,1798,1.35,1.35,0.0,0.41,0.27,0.68,0.0,49,11,154,1226,1782
195,2026-08-20,7087,5.32,5.32,0.0,1.6,1.06,2.66,0.0,50,0,182,1208,1862
195,2026-08-21,4887,3.67,3.67,0.0,1.1,0.73,1.83,0.0,42,9,137,1252,2486
195,2026-08-22,14900,11.18,11.18,0.0,3.35,2.24,5.59,0.0,54,34,73,1279,1403
195,2026-08-23,19941,14.96,14.96,0.0,4.49,2.99,7.48,0.0,59,44,68,1269,1958
195,2026-08-24,9345,7.01,7.01,0.0,2.1,1.4,3.5,0.0,15,34,139,1252,3165
195,2026-08-25,1254,0.94,0.94,0.0,0.28,0.19,0.47,0.0,44,38,74,1284,1850
195,2026-08-26,8727,6.55,6.55,0.0,1.96,1.31,3.27,0.0,42,41,192,1165,1387
195,2026-08-27,19287,14.47,14.47,0.0,4.34,2.89,7.24,0.0,42,38,79,1281,2628
195,2026-08-27,19287,14.47,14.47,0.0,4.34,2.89,7.24,0.0,42,38,79,1281,2628
195,2026-08-28,7237,5.43,5.43,0.0,1.63,1.09,2.71,0.0,48,12,82,1298,1433
195,2026-08-29,16652,12.49,12.49,0.0,3.75,2.5,6.25,0.0,0,33,77,1330,2174
195,2026-08-30,14775,11.08,11.08,0.0,3.32,2.22,5.54,0.0,50,43,217,1130,1098
195,2026-08-31,10305,7.73,7.73,0.0,2.32,1.55,3.87,0.0,11,36,250,1143,1914
195,2026-09-01,12813,9.61,9.61,0.0,2.88,1.92,4.8,0.0,44,15,140,1241,2861
195,2026-09-02,18512,13.88,13.88,0.0,4.16,2.78,6.94,0.0,13,35,110,1282,2505
195,2026-09-03,15886,11.91,11.91,0.0,3.57,2.38,5.96,0.0,12,2,248,1178,2312
195,2026-09-04,17038,12.78,12.78,0.0,3.83,2.56,6.39,0.0,12,38,165,1225,2015
195,2026-09-05,12533,9.4,9.4,0.0,2.82,1.88,4.7,0.0,41,13,119,1267,1779
195,2026-09-06,19238,14.43,14.43,0.0,4.33,2.89,7.21,0.0,3,5,213,1219,2815
195,2026-09-07,11511,8.63,8.63,0.0,2.59,1.73,4.32,0.0,40,33,208,1159,2949
195,2026-09-08,8814,6.61,6.61,0.0,1.98,1.32,3.31,0.0,53,19,113,1255,2910
195,2026-09-09,14816,11.11,11.11,0.0,3.33,2.22,5.55,0.0,52,11,115,1262,1673
195,2026-09-09,14816,11.11,11.11,0.0,3.33,2.22,5.55,0.0,52,11,115,1262,1673
195,2026-09-10,4918,3.69,3.69,0.0,1.11,0.74,1.84,0.0,56,3,223,1158,1919
195,2026-09-11,13835,10.38,10.38,0.0,3.11,2.08,5.19,0.0,8,24,214,1194,1149
195,2026-09-11,13835,10.38,10.38,0.0,3.11,2.08,5.19,0.0,8,24,214,1194,1149
195,2026-09-12,12065,9.05,9.05,0.0,2.72,1.81,4.53,0.0,0,4,144,1292,1160
195,2026-09-13,3191,2.39,2.39,0.0,0.72,0.48,1.2,0.0,7,25,170,1238,2528
195,2026-09-14,14110,10.58,10.58,0.0,3.17,2.12,5.29,0.0,15,9,234,1182,1694
195,2026-09-15,10409,7.81,7.81,0.0,2.34,1.56,3.9,0.0,44,13,125,1258,1041
195,2026-09-16,3679,2.76,2.76,0.0,0.83,0.55,1.38,0.0,42,38,104,1256,1168
195,2026-09-17,7818,5.86,5.86,0.0,1.76,1.17,2.93,0.0,50,13,159,1218,-100
195,2026-09-18,1410,1.06,1.06,0.0,0.32,0.21,0.53,0.0,38,29,243,1130,2710
195,2026-09-19,15721,11.79,11.79,0.0,3.54,2.36,5.89,0.0,51,2,152,1235,2219
195,2026-09-20,7041,5.28,5.28,0.0,1.58,1.06,2.64,0.0,19,5,113,1303,3029
195,2026-09-21,10093,7.57,7.57,0.0,2.27,1.51,3.79,0.0,50,19,93,1278,3079
195,2026-09-22,18207,13.66,13.66,0.0,4.1,2.73,6.83,0.0,24,45,203,1168,3021
195,2026-09-23,4096,3.07,3.07,0.0,0.92,0.61,1.53,0.0,44,41,155,1200,2673
195,2026-09-24,5814,4.36,4.36,0.0,1.31,0.87,2.18,0.0,37,2,136,1265,1376
195,2026-09-25,17395,13.05,13.05,0.0,3.92,2.61,6.53,0.0,4,45,99,1292,1653
195,2026-09-26,12044,9.03,9.03,0.0,2.71,1.81,4.51,0.0,41,14,218,1167,1745
195,2026-09-27,1147,0.86,0.86,0.0,0.26,0.17,0.43,0.0,25,36,181,1198,1718
195,2026-09-28,19483,14.61,14.61,0.0,4.38,2.92,7.3,0.0,12,10,245,1173,1424
195,2026-09-29,17182,12.89,12.89,0.0,3.87,2.58,6.45,0.0,6,5,116,1313,3182
195,2026-09-30,7494,5.62,5.62,0.0,1.69,1.12,2.81,0.0,46,36,203,1155,1113
195,2026-10-01,17710,13.28,13.28,0.0,3.98,2.66,6.64,0.0,14,28,112,1286,1214
195,2026-10-02,13702,10.28,10.28,0.0,3.08,2.06,5.14,0.0,45,24,122,1249,1777
195,2026-10-03,7198,5.4,5.4,0.0,1.62,1.08,2.7,0.0,54,17,229,1140,2029
195,2026-10-04,1835,1.38,1.38,0.0,0.41,0.28,0.69,0.0,58,25,183,1174,2493
196,2026-08-16,5334,4.0,4.0,0.0,1.2,0.8,2.0,0.0,46,34,94,1266,1342
196,2026-08-17,16961,12.72,12.72,0.0,3.82,2.54,6.36,0.0,26,25,78,1311,2740
196,2026-08-18,13367,10.03,10.03,0.0,3.01,2.01,5.01,0.0,32,3,124,1281,1112
196,2026-08-19,9292,6.97,6.97,0.0,2.09,1.39,3.48,0.0,35,10,115,1280,3101
196,2026-08-20,6768,5.08,5.08,0.0,1.52,1.02,2.54,0.0,3,19,200,1218,2177
196,2026-08-21,3684,2.76,2.76,0.0,0.83,0.55,1.38,0.0,23,4,186,1227,1801
196,2026-08-22,2233,1.67,1.67,0.0,0.5,0.33,0.83,0.0,12,40,231,1157,2030
196,2026-08-23,19692,14.77,14.77,0.0,4.43,2.95,7.38,0.0,60,22,141,1217,2517
196,2026-08-24,6069,4.55,4.55,0.0,1.36,0.91,2.27,0.0,25,12,168,1235,2626
196,2026-08-25,7236,5.43,5.43,0.0,1.63,1.09,2.71,0.0,47,35,218,1140,1501
196,2026-08-26,16508,12.38,12.38,0.0,3.71,2.48,6.19,0.0,47,16,227,1150,3107
196,2026-08-27,10561,7.92,7.92,0.0,2.38,1.58,3.96,0.0,0,39,121,1280,2420
196,2026-08-28,11952,8.96,8.96,0.0,2.69,1.79,4.48,0.0,54,35,226,1125,2808
196,2026-08-29,8574,6.43,6.43,0.0,1.93,1.29,3.21,0.0,45,24,182,1189,1491
196,2026-08-30,13437,10.08,10.08,0.0,3.02,2.02,5.04,0.0,34,36,129,1241,1197
196,2026-08-31,7403,5.55,5.55,0.0,1.66,1.11,2.77,0.0,9,38,193,1200,1214
196,2026-09-01,7776,5.83,5.83,0.0,1.75,1.17,2.92,0.0,9,43,237,1151,2288
196,2026-09-02,12855,9.64,9.64,0.0,2.89,1.93,4.82,0.0,52,29,223,1136,1076
196,2026-09-03,15590,11.69,11.69,0.0,3.51,2.34,5.84,0.0,30,18,135,1257,1527
196,2026-09-04,3067,2.3,2.3,0.0,0.69,0.46,1.15,0.0,9,3,236,1192,1506
196,2026-09-05,19705,14.78,14.78,0.0,4.43,2.96,7.39,0.0,18,8,178,1236,3036
196,2026-09-06,15867,11.9,11.9,0.0,3.57,2.38,5.95,0.0,33,31,209,1167,1620
196,2026-09-07,13586,10.19,10.19,0.0,3.06,2.04,5.09,0.0,14,0,129,1297,1207
196,2026-09-08,16836,12.63,12.63,0.0,3.79,2.53,6.32,0.0,10,17,205,1208,1697
196,2026-09-09,14445,10.83,10.83,0.0,3.25,2.17,5.42,0.0,36,11,134,1259,1893
196,2026-09-10,11505,8.63,8.63,0.0,2.59,1.73,4.32,0.0,12,33,81,1314,1848
196,2026-09-11,15001,11.25,11.25,0.0,3.38,2.25,5.62,0.0,44,17,129,1250,2971
196,2026-09-12,6845,5.13,5.13,0.0,1.54,1.03,2.56,0.0,9,29,82,1320,1812
196,2026-09-13,12432,9.32,9.32,0.0,2.8,1.86,4.66,0.0,45,25,85,1285,1794
196,2026-09-14,6996,5.25,5.25,0.0,1.57,1.05,2.62,0.0,9,10,203,1218,2011
196,2026-09-15,12153,9.11,9.11,0.0,2.73,1.82,4.55,0.0,46,26,200,1168,3149
196,2026-09-16,7519,5.64,5.64,0.0,1.69,1.13,2.82,0.0,56,13,239,1132,1981
196,2026-09-17,6172,4.63,4.63,0.0,1.39,0.93,2.31,0.0,16,15,184,1225,2419
196,2026-09-18,14863,11.15,11.15,0.0,3.35,2.23,5.58,0.0,33,38,150,1219,1357
196,2026-09-19,4067,3.05,3.05,0.0,0.91,0.61,1.52,0.0,0,13,83,1344,1285
196,2026-09-20,15572,11.68,11.68,0.0,3.5,2.34,5.84,0.0,57,44,108,1231,1780
196,2026-09-21,4722,3.54,3.54,0.0,1.06,0.71,1.77,0.0,59,8,68,1305,1231
196,2026-09-22,8055,6.04,6.04,0.0,1.81,1.21,3.02,0.0,30,11,236,1163,2924
196,2026-09-23,15385,11.54,11.54,0.0,3.46,2.31,5.77,0.0,36,12,191,1201,-100
196,2026-09-24,8099,6.07,6.07,0.0,1.82,1.21,3.04,0.0,23,5,108,1304,1792
196,2026-09-25,3365,2.52,2.52,0.0,0.76,0.5,1.26,0.0,14,0,179,1247,2498
196,2026-09-26,13891,10.42,10.42,0.0,3.13,2.08,5.21,0.0,57,45,179,1159,3084
196,2026-09-26,13891,10.42,10.42,0.0,3.13,2.08,5.21,0.0,57,45,179,1159,3084
196,2026-09-27,10911,8.18,8.18,0.0,2.45,1.64,4.09,0.0,23,22,139,1256,2651
196,2026-09-28,14613,10.96,10.96,0.0,3.29,2.19,5.48,0.0,44,20,66,1310,3159
196,2026-09-29,15298,11.47,11.47,0.0,3.44,2.29,5.74,0.0,48,27,233,1132,1090
196,2026-09-30,18522,13.89,13.89,0.0,4.17,2.78,6.95,0.0,28,42,203,1167,1683
196,2026-10-01,19078,14.31,14.31,0.0,4.29,2.86,7.16,0.0,48,22,114,1256,1641
196,2026-10-02,5056,3.79,3.79,0.0,1.14,0.76,1.9,0.0,5,45,93,1297,2931
196,2026-10-03,8837,6.63,6.63,0.0,1.99,1.33,3.31,0.0,48,29,181,1182,2633
196,2026-10-04,18281,13.71,13.71,0.0,4.11,2.74,6.86,0.0,20,13,198,1209,2898
196,2026-10-04,18281,13.71,13.71,0.0,4.11,2.74,6.86,0.0,20,13,198,1209,2898
197,2026-08-16,10578,7.93,7.93,0.0,2.38,1.59,3.96,0.0,47,36,172,1185,1487
197,2026-08-17,3079,2.31,2.31,0.0,0.69,0.46,1.16,0.0,50,37,193,1160,1012
197,2026-08-18,5268,3.95,3.95,0.0,1.19,0.79,1.98,0.0,47,26,131,1236,2064
197,2026-08-19,9562,7.17,7.17,0.0,2.15,1.43,3.58,0.0,37,29,108,1266,1954
197,2026-08-20,14626,10.97,10.97,0.0,3.29,2.19,5.49,0.0,5,18,109,1308,1155
197,2026-08-21,2325,1.74,1.74,0.0,0.52,0.35,0.87,0.0,45,33,193,1169,2029
197,2026-08-22,7816,5.86,5.86,0.0,1.76,1.17,2.93,0.0,55,12,222,1151,2100
197,2026-08-23,10796,8.1,8.1,0.0,2.43,1.62,4.05,0.0,45,44,214,1137,1096
197,2026-08-24,10291,7.72,7.72,0.0,2.32,1.54,3.86,0.0,2,28,237,1173,1198
197,2026-08-25,4419,3.31,3.31,0.0,0.99,0.66,1.66,0.0,60,40,213,1127,1456
197,2026-08-26,9022,6.77,6.77,0.0,2.03,1.35,3.38,0.0,33,40,122,1245,2412
197,2026-08-27,15312,11.48,11.48,0.0,3.44,2.3,5.74,0.0,27,18,243,1152,1974
197,2026-08-28,9257,6.94,6.94,0.0,2.08,1.39,3.47,0.0,40,24,146,1230,1786
197,2026-08-29,16513,12.38,12.38,0.0,3.71,2.48,6.19,0.0,54,9,220,1157,2682
197,2026-08-30,7312,5.48,5.48,0.0,1.64,1.1,2.74,0.0,17,4,243,1176,2257
197,2026-08-31,2295,1.72,1.72,0.0,0.52,0.34,0.86,0.0,20,2,67,1351,2910
197,2026-09-01,13760,10.32,10.32,0.0,3.1,2.06,5.16,0.0,0,11,79,1350,2845
197,2026-09-02,3413,2.56,2.56,0.0,0.77,0.51,1.28,0.0,60,33,125,1222,1658
197,2026-09-03,10235,7.68,7.68,0.0,2.3,1.54,3.84,0.0,43,3,211,1183,1146
197,2026-09-04,15759,11.82,11.82,0.0,3.55,2.36,5.91,0.0,33,4,160,1243,-100
197,2026-09-05,3263,2.45,2.45,0.0,0.73,0.49,1.23,0.0,27,24,250,1139,1801
197,2026-09-06,19743,14.81,14.81,0.0,4.44,2.96,7.41,0.0,1,30,78,1331,3005
197,2026-09-07,8152,6.11,6.11,0.0,1.83,1.22,3.06,0.0,49,34,86,1271,3048
197,2026-09-08,16882,12.66,12.66,0.0,3.8,2.53,6.33,0.0,46,30,186,1178,2925
197,2026-09-09,1684,1.26,1.26,0.0,0.38,0.25,0.63,0.0,56,39,247,1098,2660
197,2026-09-10,10741,8.06,8.06,0.0,2.42,1.61,4.03,0.0,25,16,212,1187,1765
197,2026-09-11,8101,6.08,6.08,0.0,1.82,1.22,3.04,0.0,57,16,167,1200,2664
197,2026-09-12,8366,6.27,6.27,0.0,1.88,1.25,3.13,0.0,34,19,247,1140,1969
197,2026-09-13,2933,2.2,2.2,0.0,0.66,0.44,1.1,0.0,31,18,222,1169,2646
197,2026-09-14,6545,4.91,4.91,0.0,1.47,0.98,2.46,0.0,12,7,145,1276,1176
197,2026-09-15,7941,5.96,5.96,0.0,1.79,1.19,2.98,0.0,36,45,121,1238,2358
197,2026-09-16,5449,4.09,4.09,0.0,1.23,0.82,2.04,0.0,24,30,209,1177,3023
197,2026-09-17,2945,2.21,2.21,0.0,0.66,0.44,1.1,0.0,52,19,163,1206,2908
197,2026-09-18,8602,6.45,6.45,0.0,1.94,1.29,3.23,0.0,40,45,244,1111,2217
197,2026-09-18,8602,6.45,6.45,0.0,1.94,1.29,3.23,0.0,40,45,244,1111,2217
197,2026-09-19,9542,7.16,7.16,0.0,2.15,1.43,3.58,0.0,16,17,162,1245,1182
197,2026-09-20,17058,12.79,12.79,0.0,3.84,2.56,6.39,0.0,27,24,162,1227,2099
197,2026-09-21,7474,5.61,5.61,0.0,1.68,1.12,2.81,0.0,49,37,132,1222,2877
197,2026-09-22,14424,10.82,10.82,0.0,3.25,2.16,5.41,0.0,29,33,125,1253,1930
197,2026-09-23,7434,5.58,5.58,0.0,1.67,1.12,2.79,0.0,55,26,158,1201,2283
197,2026-09-24,19343,14.51,14.51,0.0,4.35,2.9,7.25,0.0,53,6,111,1270,1829
197,2026-09-25,13067,9.8,9.8,0.0,2.94,1.96,4.9,0.0,37,12,211,1180,1718
197,2026-09-26,7761,5.82,5.82,0.0,1.75,1.16,2.91,0.0,54,15,228,1143,2948
197,2026-09-27,4689,3.52,3.52,0.0,1.06,0.7,1.76,0.0,57,0,247,1136,1435
197,2026-09-28,10329,7.75,7.75,0.0,2.32,1.55,3.88,0.0,12,18,185,1225,1869
197,2026-09-29,17044,12.78,12.78,0.0,3.83,2.56,6.39,0.0,25,3,164,1248,2016
197,2026-09-30,15987,11.99,11.99,0.0,3.6,2.4,6.0,0.0,51,0,183,1206,1664
197,2026-10-01,6651,4.99,4.99,0.0,1.5,1.0,2.5,0.0,41,5,237,1157,1255
197,2026-10-02,10261,7.7,7.7,0.0,2.31,1.54,3.85,0.0,26,8,181,1225,2370
197,2026-10-03,2261,1.7,1.7,0.0,0.51,0.34,0.85,0.0,60,17,129,1234,1592
197,2026-10-04,12915,9.69,9.69,0.0,2.91,1.94,4.84,0.0,12,18,126,1284,2822
198,2026-08-16,15395,11.55,11.55,0.0,3.47,2.31,5.78,0.0,0,29,107,1304,3111
198,2026-08-17,2293,1.72,1.72,0.0,0.52,0.34,0.86,0.0,43,44,87,1266,2554
198,2026-08-18,16713,12.53,12.53,0.0,3.76,2.51,6.26,0.0,38,9,211,1182,1438
198,2026-08-19,18617,13.96,13.96,0.0,4.19,2.79,6.98,0.0,42,30,118,1250,1211
198,2026-08-20,19721,14.79,14.79,0.0,4.44,2.96,7.39,0.0,9,33,61,1337,1591
198,2026-08-21,1585,1.19,1.19,0.0,0.36,0.24,0.59,0.0,11,4,141,1284,1803
198,2026-08-22,12522,9.39,9.39,0.0,2.82,1.88,4.7,0.0,14,9,195,1222,2795
198,2026-08-23,6773,5.08,5.08,0.0,1.52,1.02,2.54,0.0,5,28,60,1347,1650
198,2026-08-24,18291,13.72,13.72,0.0,4.12,2.74,6.86,0.0,54,2,197,1187,3022
198,2026-08-25,14683,11.01,11.01,0.0,3.3,2.2,5.5,0.0,15,10,166,1249,1441
198,2026-08-26,13141,9.86,9.86,0.0,2.96,1.97,4.93,0.0,27,11,177,1225,2623
198,2026-08-27,14346,10.76,10.76,0.0,3.23,2.15,5.38,0.0,6,11,165,1258,2605
198,2026-08-28,7859,5.89,5.89,0.0,1.77,1.18,2.94,0.0,51,18,194,1177,2078
198,2026-08-29,17780,13.34,13.34,0.0,4.0,2.67,6.67,0.0,26,42,93,1279,2787
198,2026-08-30,6077,4.56,4.56,0.0,1.37,0.91,2.28,0.0,57,40,151,1192,2647
198,2026-08-31,11860,8.89,8.89,0.0,2.67,1.78,4.45,0.0,50,17,182,1191,1005
198,2026-09-01,17132,12.85,12.85,0.0,3.85,2.57,6.42,0.0,29,23,102,1286,2923
198,2026-09-02,3512,2.63,2.63,0.0,0.79,0.53,1.31,0.0,18,0,153,1269,1600
198,2026-09-03,19128,14.35,14.35,0.0,4.3,2.87,7.17,0.0,20,25,61,1334,2111
198,2026-09-04,2246,1.68,1.68,0.0,0.5,0.34,0.84,0.0,58,9,250,1123,1732
198,2026-09-05,8448,6.34,6.34,0.0,1.9,1.27,3.17,0.0,47,17,231,1145,2309
198,2026-09-06,16744,12.56,12.56,0.0,3.77,2.51,6.28,0.0,4,3,127,1306,1970
198,2026-09-07,11462,8.6,8.6,0.0,2.58,1.72,4.3,0.0,31,42,67,1300,1165
198,2026-09-08,9611,7.21,7.21,0.0,2.16,1.44,3.6,0.0,23,44,87,1286,1295
198,2026-09-09,19906,14.93,14.93,0.0,4.48,2.99,7.46,0.0,8,0,242,1190,1413
198,2026-09-10,3570,2.68,2.68,0.0,0.8,0.54,1.34,0.0,21,7,119,1293,1447
198,2026-09-11,19703,14.78,14.78,0.0,4.43,2.96,7.39,0.0,42,43,131,1224,-100
198,2026-09-12,19669,14.75,14.75,0.0,4.42,2.95,7.38,0.0,60,33,190,1157,3145
198,2026-09-13,17844,13.38,13.38,0.0,4.01,2.68,6.69,0.0,19,42,141,1238,1364
198,2026-09-14,12338,9.25,9.25,0.0,2.77,1.85,4.62,0.0,4,19,154,1263,3154
198,2026-09-15,7519,5.64,5.64,0.0,1.69,1.13,2.82,0.0,29,22,154,1235,1524
198,2026-09-16,15885,11.91,11.91,0.0,3.57,2.38,5.96,0.0,60,27,187,1166,1855
198,2026-09-17,8819,6.61,6.61,0.0,1.98,1.32,3.31,0.0,23,4,168,1245,2048
198,2026-09-18,17035,12.78,12.78,0.0,3.83,2.56,6.39,0.0,56,40,197,1147,3200
198,2026-09-19,17704,13.28,13.28,0.0,3.98,2.66,6.64,0.0,40,32,177,1191,1723
198,2026-09-20,10069,7.55,7.55,0.0,2.26,1.51,3.77,0.0,9,15,102,1314,2877
198,2026-09-21,6813,5.11,5.11,0.0,1.53,1.02,2.56,0.0,0,30,234,1176,-100
198,2026-09-22,16527,12.4,12.4,0.0,3.72,2.48,6.2,0.0,6,26,237,1171,1451
198,2026-09-23,2966,2.22,2.22,0.0,0.67,0.44,1.11,0.0,5,34,241,1160,3121
198,2026-09-24,19945,14.96,14.96,0.0,4.49,2.99,7.48,0.0,3,22,248,1167,1995
198,2026-09-25,2259,1.69,1.69,0.0,0.51,0.34,0.84,0.0,42,26,154,1218,1951
198,2026-09-26,13976,10.48,10.48,0.0,3.14,2.1,5.24,0.0,57,4,132,1247,1351
198,2026-09-27,4543,3.41,3.41,0.0,1.02,0.68,1.71,0.0,12,21,230,1177,2106
198,2026-09-28,11212,8.41,8.41,0.0,2.52,1.68,4.21,0.0,22,27,212,1179,2541
198,2026-09-29,14646,10.98,10.98,0.0,3.29,2.2,5.49,0.0,3,0,120,1317,2227
198,2026-09-30,16274,12.21,12.21,0.0,3.66,2.44,6.11,0.0,47,18,133,1242,1105
198,2026-10-01,8265,6.2,6.2,0.0,1.86,1.24,3.1,0.0,20,6,133,1281,2539
198,2026-10-02,17668,13.25,13.25,0.0,3.97,2.65,6.62,0.0,47,0,204,1189,1799
198,2026-10-03,4370,3.28,3.28,0.0,0.98,0.66,1.64,0.0,33,8,95,1304,1506
198,2026-10-04,8884,6.66,6.66,0.0,2.0,1.33,3.33,0.0,20,32,110,1278,1057
199,2026-08-16,4138,3.1,3.1,0.0,0.93,0.62,1.55,0.0,23,41,62,1314,2313
199,2026-08-17,18902,14.18,14.18,0.0,4.25,2.84,7.09,0.0,47,25,96,1272,2185
199,2026-08-18,5723,4.29,4.29,0.0,1.29,0.86,2.15,0.0,24,45,92,1279,1419
199,2026-08-19,19448,14.59,14.59,0.0,4.38,2.92,7.29,0.0,42,14,158,1226,1540
199,2026-08-20,15444,11.58,11.58,0.0,3.47,2.32,5.79,0.0,2,15,195,1228,1085
199,2026-08-21,11718,8.79,8.79,0.0,2.64,1.76,4.39,0.0,37,11,60,1332,2965
199,2026-08-22,3531,2.65,2.65,0.0,0.79,0.53,1.32,0.0,18,0,236,1186,2222
199,2026-08-23,13463,10.1,10.1,0.0,3.03,2.02,5.05,0.0,41,28,244,1127,1659
199,2026-08-24,2492,1.87,1.87,0.0,0.56,0.37,0.94,0.0,39,45,221,1135,2091
199,2026-08-25,11695,8.77,8.77,0.0,2.63,1.75,4.38,0.0,13,7,146,1274,2450
199,2026-08-26,8813,6.61,6.61,0.0,1.98,1.32,3.31,0.0,14,1,81,1344,2902
199,2026-08-27,19305,14.48,14.48,0.0,4.34,2.9,7.24,0.0,41,18,138,1243,1711
199,2026-08-28,4046,3.03,3.03,0.0,0.91,0.61,1.51,0.0,43,21,235,1141,2109
199,2026-08-29,6301,4.73,4.73,0.0,1.42,0.95,2.37,0.0,38,4,233,1165,2633
199,2026-08-30,10923,8.19,8.19,0.0,2.46,1.64,4.09,0.0,9,38,159,1234,2326
199,2026-08-31,6439,4.83,4.83,0.0,1.45,0.97,2.42,0.0,23,8,235,1174,2672
199,2026-09-01,8767,6.58,6.58,0.0,1.97,1.32,3.29,0.0,23,23,222,1172,2450
199,2026-09-02,18902,14.18,14.18,0.0,4.25,2.84,7.09,0.0,58,27,222,1133,1673
199,2026-09-03,10633,7.97,7.97,0.0,2.39,1.59,3.98,0.0,44,20,136,1240,1299
199,2026-09-04,16763,12.57,12.57,0.0,3.77,2.51,6.29,0.0,7,43,108,1282,2010
199,2026-09-05,11917,8.94,8.94,0.0,2.68,1.79,4.47,0.0,22,43,108,1267,2163
199,2026-09-06,4680,3.51,3.51,0.0,1.05,0.7,1.75,0.0,16,38,78,1308,1249
199,2026-09-07,7913,5.93,5.93,0.0,1.78,1.19,2.96,0.0,29,23,188,1200,2490
199,2026-09-08,14547,10.91,10.91,0.0,3.27,2.18,5.46,0.0,48,28,185,1179,2276
199,2026-09-09,16421,12.32,12.32,0.0,3.7,2.46,6.16,0.0,4,11,152,1273,-100
199,2026-09-10,6517,4.89,4.89,0.0,1.47,0.98,2.44,0.0,18,10,107,1305,2665
199,2026-09-11,8206,6.15,6.15,0.0,1.84,1.23,3.08,0.0,34,9,225,1172,1009
199,2026-09-12,6985,5.24,5.24,0.0,1.57,1.05,2.62,0.0,7,24,65,1344,1492
199,2026-09-13,13226,9.92,9.92,0.0,2.98,1.98,4.96,0.0,53,37,92,1258,2751
199,2026-09-14,6820,5.12,5.12,0.0,1.54,1.02,2.56,0.0,10,11,70,1349,1852
199,2026-09-15,16049,12.04,12.04,0.0,3.61,2.41,6.02,0.0,19,12,238,1171,1195
199,2026-09-16,7810,5.86,5.86,0.0,1.76,1.17,2.93,0.0,16,36,84,1304,1945
199,2026-09-17,13092,9.82,9.82,0.0,2.95,1.96,4.91,0.0,24,28,145,1243,2363
199,2026-09-18,10820,8.12,8.12,0.0,2.44,1.62,4.06,0.0,54,39,69,1278,3007
199,2026-09-19,12102,9.08,9.08,0.0,2.72,1.82,4.54,0.0,31,2,142,1265,1606
199,2026-09-20,5368,4.03,4.03,0.0,1.21,0.81,2.02,0.0,56,33,170,1181,2533
199,2026-09-21,10548,7.91,7.91,0.0,2.37,1.58,3.96,0.0,17,18,75,1330,3059
199,2026-09-22,2404,1.8,1.8,0.0,0.54,0.36,0.9,0.0,59,37,76,1268,2054
199,2026-09-23,10705,8.03,8.03,0.0,2.41,1.61,4.01,0.0,10,33,107,1290,2000
199,2026-09-24,7665,5.75,5.75,0.0,1.72,1.15,2.88,0.0,45,25,107,1263,1920
199,2026-09-25,5715,4.29,4.29,0.0,1.29,0.86,2.15,0.0,45,10,180,1205,1507
199,2026-09-26,12433,9.32,9.32,0.0,2.8,1.86,4.66,0.0,0,27,219,1194,2608
199,2026-09-27,10193,7.64,7.64,0.0,2.29,1.53,3.82,0.0,13,0,217,1210,2125
199,2026-09-28,18043,13.53,13.53,0.0,4.06,2.71,6.76,0.0,22,14,245,1159,2467
199,2026-09-29,17828,13.37,13.37,0.0,4.01,2.67,6.68,0.0,21,36,228,1155,2618
199,2026-09-30,17563,13.17,13.17,0.0,3.95,2.63,6.58,0.0,44,33,160,1203,2164
199,2026-10-01,17164,12.87,12.87,0.0,3.86,2.57,6.43,0.0,53,1,223,1163,1646
199,2026-10-02,18967,14.23,14.23,0.0,4.27,2.85,7.12,0.0,27,41,110,1262,1060
199,2026-10-03,18479,13.86,13.86,0.0,4.16,2.77,6.93,0.0,42,2,125,1271,2319
199,2026-10-04,5926,4.44,4.44,0.0,1.33,0.89,2.22,0.0,53,43,179,1165,2967
200,2026-08-16,7415,5.56,5.56,0.0,1.67,1.11,2.78,0.0,12,17,230,1181,2835
200,2026-08-17,5522,4.14,4.14,0.0,1.24,0.83,2.07,0.0,28,17,168,1227,3015
200,2026-08-18,9948,7.46,7.46,0.0,2.24,1.49,3.73,0.0,20,7,146,1267,2631
200,2026-08-19,3641,2.73,2.73,0.0,0.82,0.55,1.36,0.0,47,44,196,1153,1353
200,2026-08-20,2873,2.15,2.15,0.0,0.64,0.43,1.07,0.0,58,8,116,1258,2292
200,2026-08-21,10927,8.2,8.2,0.0,2.46,1.64,4.1,0.0,17,15,236,1172,2313
200,2026-08-22,3501,2.63,2.63,0.0,0.79,0.53,1.31,0.0,47,40,67,1286,3096
200,2026-08-23,3627,2.72,2.72,0.0,0.82,0.54,1.36,0.0,48,40,167,1185,2526
200,2026-08-24,12780,9.59,9.59,0.0,2.88,1.92,4.79,0.0,2,1,69,1368,2640
200,2026-08-25,15519,11.64,11.64,0.0,3.49,2.33,5.82,0.0,11,5,215,1209,1814
200,2026-08-26,4889,3.67,3.67,0.0,1.1,0.73,1.83,0.0,12,21,187,1220,1792
200,2026-08-27,1748,1.31,1.31,0.0,0.39,0.26,0.66,0.0,32,39,114,1255,1495
200,2026-08-28,14577,10.93,10.93,0.0,3.28,2.19,5.46,0.0,38,34,167,1201,1919
200,2026-08-29,11774,8.83,8.83,0.0,2.65,1.77,4.42,0.0,7,21,162,1250,2967
200,2026-08-30,4143,3.11,3.11,0.0,0.93,0.62,1.55,0.0,39,32,236,1133,3173
200,2026-08-31,6830,5.12,5.12,0.0,1.54,1.02,2.56,0.0,15,9,170,1246,1004
200,2026-09-01,15079,11.31,11.31,0.0,3.39,2.26,5.66,0.0,18,29,80,1313,2997
200,2026-09-02,19168,14.38,14.38,0.0,4.31,2.88,7.19,0.0,35,23,61,1321,1478
200,2026-09-03,11472,8.6,8.6,0.0,2.58,1.72,4.3,0.0,33,23,78,1306,2048
200,2026-09-04,15196,11.4,11.4,0.0,3.42,2.28,5.7,0.0,51,10,213,1166,3142
200,2026-09-05,14774,11.08,11.08,0.0,3.32,2.22,5.54,0.0,47,3,171,1219,3105
200,2026-09-06,7283,5.46,5.46,0.0,1.64,1.09,2.73,0.0,35,32,79,1294,2234
200,2026-09-07,16562,12.42,12.42,0.0,3.73,2.48,6.21,0.0,33,41,118,1248,1661
200,2026-09-08,8693,6.52,6.52,0.0,1.96,1.3,3.26,0.0,14,27,63,1336,1459
200,2026-09-09,12809,9.61,9.61,0.0,2.88,1.92,4.8,0.0,7,40,159,1234,2520
200,2026-09-10,16044,12.03,12.03,0.0,3.61,2.41,6.01,0.0,52,7,161,1220,2641
200,2026-09-11,14007,10.51,10.51,0.0,3.15,2.1,5.25,0.0,56,30,85,1269,2528
200,2026-09-12,18935,14.2,14.2,0.0,4.26,2.84,7.1,0.0,13,26,73,1328,1512
200,2026-09-13,18107,13.58,13.58,0.0,4.07,2.72,6.79,0.0,27,10,229,1174,1072
200,2026-09-14,16656,12.49,12.49,0.0,3.75,2.5,6.25,0.0,20,39,152,1229,2843
200,2026-09-15,14887,11.17,11.17,0.0,3.35,2.23,5.58,0.0,59,13,135,1233,1595
200,2026-09-16,1923,1.44,1.44,0.0,0.43,0.29,0.72,0.0,55,30,243,1112,2838
200,2026-09-17,18948,14.21,14.21,0.0,4.26,2.84,7.11,0.0,29,40,97,1274,1700
200,2026-09-18,19407,14.56,14.56,0.0,4.37,2.91,7.28,0.0,35,31,129,1245,2140
200,2026-09-19,16510,12.38,12.38,0.0,3.71,2.48,6.19,0.0,5,18,66,1351,2898
200,2026-09-20,12961,9.72,9.72,0.0,2.92,1.94,4.86,0.0,39,1,180,1220,2519
200,2026-09-20,12961,9.72,9.72,0.0,2.92,1.94,4.86,0.0,39,1,180,1220,2519
200,2026-09-21,14154,10.62,10.62,0.0,3.19,2.12,5.31,0.0,14,17,177,1232,2987
200,2026-09-22,12241,9.18,9.18,0.0,2.75,1.84,4.59,0.0,11,18,96,1315,1277
200,2026-09-23,7449,5.59,5.59,0.0,1.68,1.12,2.79,0.0,32,14,150,1244,1603
200,2026-09-24,8192,6.14,6.14,0.0,1.84,1.23,3.07,0.0,21,32,234,1153,2993
200,2026-09-25,5751,4.31,4.31,0.0,1.29,0.86,2.15,0.0,19,23,150,1248,2872
200,2026-09-26,10596,7.95,7.95,0.0,2.38,1.59,3.98,0.0,3,27,148,1262,2353
200,2026-09-27,1670,1.25,1.25,0.0,0.38,0.25,0.62,0.0,57,12,60,1311,2057
200,2026-09-28,12215,9.16,9.16,0.0,2.75,1.83,4.58,0.0,3,26,250,1161,1979
200,2026-09-29,17949,13.46,13.46,0.0,4.04,2.69,6.73,0.0,55,9,96,1280,2692
200,2026-09-30,15396,11.55,11.55,0.0,3.47,2.31,5.78,0.0,55,7,243,1135,2062
200,2026-10-01,12624,9.47,9.47,0.0,2.84,1.89,4.74,0.0,20,32,78,1310,2516
200,2026-10-02,14856,11.14,11.14,0.0,3.34,2.23,5.57,0.0,59,18,95,1268,2893
200,2026-10-03,5982,4.49,4.49,0.0,1.35,0.9,2.25,0.0,9,9,136,1286,3053
200,2026-10-04,10075,7.56,7.56,0.0,2.27,1.51,3.78,0.0,46,23,188,1183,1184
